sample_id,depth_m,well,p_freq_mhz,s_freq_mhz,test_type,load_pressure_mpa,vp_z_km_s,vs_z_km_s,vp_x_km_s,vs_x_km_s,vp_y_km_s,vs_y_km_s,bulk_density_gcc,e_gpa,poisson,g_gpa,k_gpa,cb_1_gpa,load_pressure_mpa_sat_section,vp_z_km_s_sat,vs_z_km_s_sat,vp_x_km_s_sat,vs_x_km_s_sat,vp_y_km_s_sat,vs_y_km_s_sat,bulk_density_gcc_sat,e_gpa_sat,poisson_sat,g_gpa_sat,k_gpa_sat,cb_1_gpa_sat,notes,vp_mean_axes_km_s,vs_mean_axes_km_s,vpvs_z
F2829V,5206.000000,BR 3-BRSA-861-SPS,1.200000,0.900000,Transmission,5.500000,3.910000,2.358000,3.993000,2.380000,4.369000,2.603000,2.456315,33.166356,0.214217,13.657511,19.342366,0.051700,,,,,,,,,,,,,,,4.090667,2.447000,1.658185
F2829V,5206.000000,BR 3-BRSA-861-SPS,1.200000,0.900000,Transmission,8.300000,4.284000,2.573000,,,,,,0.000000,0.217860,0.000000,0.000000,,,,,,,,,,,,,,,,4.284000,2.573000,1.664983
F2829V,5206.000000,BR 3-BRSA-861-SPS,1.200000,0.900000,Transmission,11.000000,4.465000,2.705000,4.410000,2.598000,4.636000,2.769000,,0.000000,0.210084,0.000000,0.000000,,,,,,,,,,,,,,,,4.503667,2.690667,1.650647
F2829V,5206.000000,BR 3-BRSA-861-SPS,1.200000,0.900000,Transmission,13.800000,4.597000,2.789000,,,,,,0.000000,0.208754,0.000000,0.000000,,,,,,,,,,,,,,,,4.597000,2.789000,1.648261
F2829V,5206.000000,BR 3-BRSA-861-SPS,1.200000,0.900000,Transmission,16.500000,4.807000,2.857000,4.608000,2.731000,4.957000,2.977000,,0.000000,0.226913,0.000000,0.000000,,,,,,,,,,,,,,,,4.790667,2.855000,1.682534
F2829V,5206.000000,BR 3-BRSA-861-SPS,1.200000,0.900000,Transmission,19.300000,4.891000,2.918000,,,,,,0.000000,0.223676,0.000000,0.000000,,,,,,,,,,,,,,,,4.891000,2.918000,1.676148
F2829V,5206.000000,BR 3-BRSA-861-SPS,1.200000,0.900000,Transmission,22.100000,4.955000,2.972000,4.758000,2.820000,5.090000,3.043000,,0.000000,0.219045,0.000000,0.000000,,,,,,,,,,,,,,,,4.934333,2.945000,1.667227
F2830H,5206.050000,BR 3-BRSA-861-SPS,1.200000,0.900000,Transmission,5.500000,4.817000,2.772000,5.013000,2.857000,4.435000,2.587000,,0.000000,0.252441,0.000000,0.000000,,,,,,,,,,,,,,,,4.755000,2.738667,1.737734
F2830H,5206.050000,BR 3-BRSA-861-SPS,1.200000,0.900000,Transmission,8.300000,5.023000,2.862000,,,,,,0.000000,0.259645,0.000000,0.000000,,,,,,,,,,,,,,,,5.023000,2.862000,1.755066
F2830H,5206.050000,BR 3-BRSA-861-SPS,1.200000,0.900000,Transmission,11.000000,5.300000,3.045000,5.367000,3.043000,4.810000,2.759000,,0.000000,0.253639,0.000000,0.000000,,,,,,,,,,,,,,,,5.159000,2.949000,1.740558
F2830H,5206.050000,BR 3-BRSA-861-SPS,1.200000,0.900000,Transmission,13.800000,5.410000,3.113000,,,,,,0.000000,0.252500,0.000000,0.000000,,,,,,,,,,,,,,,,5.410000,3.113000,1.737873
F2830H,5206.050000,BR 3-BRSA-861-SPS,1.200000,0.900000,Transmission,16.500000,5.580000,3.246000,5.756000,3.270000,5.053000,2.843000,,0.000000,0.244258,0.000000,0.000000,,,,,,,,,,,,,,,,5.463000,3.119667,1.719039
F2830H,5206.050000,BR 3-BRSA-861-SPS,1.200000,0.900000,Transmission,19.300000,5.625000,3.291000,,,,,,0.000000,0.239772,0.000000,0.000000,,,,,,,,,,,,,,,,5.625000,3.291000,1.709207
F2830H,5206.050000,BR 3-BRSA-861-SPS,1.200000,0.900000,Transmission,22.100000,5.787000,3.344000,5.992000,3.386000,5.292000,2.930000,,0.000000,0.249354,0.000000,0.000000,,,,,,,,,,,,,,,,5.690333,3.220000,1.730562
F2846H,5210.050000,BR 3-BRSA-861-SPS,1.200000,0.900000,Transmission,5.500000,2.851000,1.874000,3.014000,1.768000,3.195000,1.898000,,0.000000,0.119624,0.000000,0.000000,,,,,,,,,,,,,,,,3.020000,1.846667,1.521345
F2846H,5210.050000,BR 3-BRSA-861-SPS,1.200000,0.900000,Transmission,8.300000,3.323000,1.952000,,,,,,0.000000,0.236567,0.000000,0.000000,,,,,,,,,,,,,,,,3.323000,1.952000,1.702357
F2846H,5210.050000,BR 3-BRSA-861-SPS,1.200000,0.900000,Transmission,11.000000,3.618000,2.131000,3.438000,2.043000,3.594000,2.086000,,0.000000,0.234397,0.000000,0.000000,,,,,,,,,,,,,,,,3.550000,2.086667,1.697794
F2846H,5210.050000,BR 3-BRSA-861-SPS,1.200000,0.900000,Transmission,13.800000,3.817000,2.216000,,,,,,0.000000,0.245795,0.000000,0.000000,,,,,,,,,,,,,,,,3.817000,2.216000,1.722473
F2846H,5210.050000,BR 3-BRSA-861-SPS,1.200000,0.900000,Transmission,16.500000,3.946000,2.273000,3.830000,2.228000,3.834000,2.215000,,0.000000,0.251714,0.000000,0.000000,,,,,,,,,,,,,,,,3.870000,2.238667,1.736032
F2846H,5210.050000,BR 3-BRSA-861-SPS,1.200000,0.900000,Transmission,19.300000,4.011000,2.335000,,,,,,0.000000,0.243688,0.000000,0.000000,,,,,,,,,,,,,,,,4.011000,2.335000,1.717773
F2846H,5210.050000,BR 3-BRSA-861-SPS,1.200000,0.900000,Transmission,22.100000,4.080000,2.379000,3.909000,2.318000,4.004000,2.322000,,0.000000,0.242434,0.000000,0.000000,,,,,,,,,,,,,,,,3.997667,2.339667,1.715006
F2852H,5211.400000,BR 3-BRSA-861-SPS,1.200000,0.900000,Transmission,5.500000,5.653000,3.408000,5.907000,3.389000,5.737000,3.497000,,0.000000,0.214519,0.000000,0.000000,,,,,,,,,,,,,,,,5.765667,3.431333,1.658744
F2852H,5211.400000,BR 3-BRSA-861-SPS,1.200000,0.900000,Transmission,8.300000,5.695000,3.413000,,,,,,0.000000,0.219777,0.000000,0.000000,,,,,,,,,,,,,,,,5.695000,3.413000,1.668620
F2852H,5211.400000,BR 3-BRSA-861-SPS,1.200000,0.900000,Transmission,11.000000,5.719000,3.420000,5.934000,3.414000,5.852000,3.516000,,0.000000,0.221654,0.000000,0.000000,,,,,,,,,,,,,,,,5.835000,3.450000,1.672222
F2852H,5211.400000,BR 3-BRSA-861-SPS,1.200000,0.900000,Transmission,13.800000,5.728000,3.423000,,,,,,0.000000,0.222256,0.000000,0.000000,,,,,,,,,,,,,,,,5.728000,3.423000,1.673386
F2852H,5211.400000,BR 3-BRSA-861-SPS,1.200000,0.900000,Transmission,16.500000,5.762000,3.432000,6.010000,3.440000,5.972000,3.537000,,0.000000,0.225081,0.000000,0.000000,,,,,,,,,,,,,,,,5.914667,3.469667,1.678904
F2852H,5211.400000,BR 3-BRSA-861-SPS,1.200000,0.900000,Transmission,19.300000,5.777000,3.443000,,,,,,0.000000,0.224569,0.000000,0.000000,,,,,,,,,,,,,,,,5.777000,3.443000,1.677897
F2852H,5211.400000,BR 3-BRSA-861-SPS,1.200000,0.900000,Transmission,22.100000,5.811000,3.452000,6.029000,3.470000,5.981000,3.555000,,0.000000,0.227333,0.000000,0.000000,,,,,,,,,,,,,,,,5.940333,3.492333,1.683372
F2853H,5211.800000,BR 3-BRSA-861-SPS,1.200000,0.900000,Transmission,5.500000,5.795000,3.271000,5.830000,3.185000,5.803000,3.232000,,0.000000,0.266210,0.000000,0.000000,,,,,,,,,,,,,,,,5.809333,3.229333,1.771629
F2853H,5211.800000,BR 3-BRSA-861-SPS,1.200000,0.900000,Transmission,8.300000,5.859000,3.351000,,,,,,0.000000,0.256930,0.000000,0.000000,,,,,,,,,,,,,,,,5.859000,3.351000,1.748433
F2853H,5211.800000,BR 3-BRSA-861-SPS,1.200000,0.900000,Transmission,11.000000,5.931000,3.371000,5.830000,3.221000,5.857000,3.266000,,0.000000,0.261400,0.000000,0.000000,,,,,,,,,,,,,,,,5.872667,3.286000,1.759419
F2853H,5211.800000,BR 3-BRSA-861-SPS,1.200000,0.900000,Transmission,13.800000,5.998000,3.403000,,,,,,0.000000,0.262654,0.000000,0.000000,,,,,,,,,,,,,,,,5.998000,3.403000,1.762562
F2853H,5211.800000,BR 3-BRSA-861-SPS,1.200000,0.900000,Transmission,16.500000,6.028000,3.422000,5.866000,3.280000,5.893000,3.315000,,0.000000,0.262248,0.000000,0.000000,,,,,,,,,,,,,,,,5.929000,3.339000,1.761543
F2853H,5211.800000,BR 3-BRSA-861-SPS,1.200000,0.900000,Transmission,19.300000,6.074000,3.437000,,,,,,0.000000,0.264499,0.000000,0.000000,,,,,,,,,,,,,,,,6.074000,3.437000,1.767239
F2853H,5211.800000,BR 3-BRSA-861-SPS,1.200000,0.900000,Transmission,22.100000,6.121000,3.451000,5.921000,3.322000,5.958000,3.342000,,0.000000,0.267005,0.000000,0.000000,,,,,,,,,,,,,,,,6.000000,3.371667,1.773689
F2854H,5212.050000,BR 3-BRSA-861-SPS,1.200000,0.900000,Transmission,5.500000,4.250000,2.645000,4.440000,2.703000,4.597000,2.787000,,0.000000,0.183909,0.000000,0.000000,,,,,,,,,,,,,,,,4.429000,2.711667,1.606805
F2854H,5212.050000,BR 3-BRSA-861-SPS,1.200000,0.900000,Transmission,8.300000,4.444000,2.705000,,,,,,0.000000,0.205721,0.000000,0.000000,,,,,,,,,,,,,,,,4.444000,2.705000,1.642884
F2854H,5212.050000,BR 3-BRSA-861-SPS,1.200000,0.900000,Transmission,11.000000,4.621000,2.784000,4.729000,2.708000,4.705000,2.800000,,0.000000,0.215112,0.000000,0.000000,,,,,,,,,,,,,,,,4.685000,2.764000,1.659842
F2854H,5212.050000,BR 3-BRSA-861-SPS,1.200000,0.900000,Transmission,13.800000,4.773000,2.833000,,,,,,0.000000,0.228040,0.000000,0.000000,,,,,,,,,,,,,,,,4.773000,2.833000,1.684786
F2854H,5212.050000,BR 3-BRSA-861-SPS,1.200000,0.900000,Transmission,16.500000,4.875000,2.898000,4.819000,2.746000,4.758000,2.893000,,0.000000,0.226743,0.000000,0.000000,,,,,,,,,,,,,,,,4.817333,2.845667,1.682195
F2854H,5212.050000,BR 3-BRSA-861-SPS,1.200000,0.900000,Transmission,19.300000,4.956000,2.937000,,,,,,0.000000,0.229355,0.000000,0.000000,,,,,,,,,,,,,,,,4.956000,2.937000,1.687436
F2854H,5212.050000,BR 3-BRSA-861-SPS,1.200000,0.900000,Transmission,22.100000,5.033000,2.978000,5.031000,2.846000,5.064000,2.949000,,0.000000,0.230648,0.000000,0.000000,,,,,,,,,,,,,,,,5.042667,2.924333,1.690060
F2855V,5212.150000,BR 3-BRSA-861-SPS,1.200000,0.900000,Transmission,5.500000,4.274000,2.603000,4.386000,2.666000,4.346000,2.686000,,0.000000,0.205190,0.000000,0.000000,,,,,,,,,,,,,,,,4.335333,2.651667,1.641952
F2855V,5212.150000,BR 3-BRSA-861-SPS,1.200000,0.900000,Transmission,8.300000,4.440000,2.657000,,,,,,0.000000,0.221050,0.000000,0.000000,,,,,,,,,,,,,,,,4.440000,2.657000,1.671058
F2855V,5212.150000,BR 3-BRSA-861-SPS,1.200000,0.900000,Transmission,11.000000,4.607000,2.697000,4.620000,2.731000,4.532000,2.787000,,0.000000,0.239302,0.000000,0.000000,,,,,,,,,,,,,,,,4.586333,2.738333,1.708194
F2855V,5212.150000,BR 3-BRSA-861-SPS,1.200000,0.900000,Transmission,13.800000,4.774000,2.740000,,,,,,0.000000,0.254388,0.000000,0.000000,,,,,,,,,,,,,,,,4.774000,2.740000,1.742336
F2855V,5212.150000,BR 3-BRSA-861-SPS,1.200000,0.900000,Transmission,16.500000,4.835000,2.783000,4.759000,2.784000,4.700000,2.884000,,0.000000,0.252270,0.000000,0.000000,,,,,,,,,,,,,,,,4.764667,2.817000,1.737334
F2855V,5212.150000,BR 3-BRSA-861-SPS,1.200000,0.900000,Transmission,19.300000,4.890000,2.818000,,,,,,0.000000,0.251389,0.000000,0.000000,,,,,,,,,,,,,,,,4.890000,2.818000,1.735273
F2855V,5212.150000,BR 3-BRSA-861-SPS,1.200000,0.900000,Transmission,22.100000,5.005000,2.847000,5.139000,2.860000,5.091000,2.932000,,0.000000,0.260826,0.000000,0.000000,,,,,,,,,,,,,,,,5.078333,2.879667,1.757991
F2857H,5212.700000,BR 3-BRSA-861-SPS,1.200000,0.900000,Transmission,5.500000,5.144000,2.997000,4.748000,2.907000,4.845000,3.045000,,0.000000,0.243059,0.000000,0.000000,,,,,,,,,,,,,,,,4.912333,2.983000,1.716383
F2857H,5212.700000,BR 3-BRSA-861-SPS,1.200000,0.900000,Transmission,8.300000,5.222000,3.102000,,,,,,0.000000,0.227362,0.000000,0.000000,,,,,,,,,,,,,,,,5.222000,3.102000,1.683430
F2857H,5212.700000,BR 3-BRSA-861-SPS,1.200000,0.900000,Transmission,11.000000,5.338000,3.139000,4.802000,2.955000,5.093000,3.109000,,0.000000,0.235707,0.000000,0.000000,,,,,,,,,,,,,,,,5.077667,3.067667,1.700542
F2857H,5212.700000,BR 3-BRSA-861-SPS,1.200000,0.900000,Transmission,13.800000,5.426000,3.178000,,,,,,0.000000,0.238916,0.000000,0.000000,,,,,,,,,,,,,,,,5.426000,3.178000,1.707363
F2857H,5212.700000,BR 3-BRSA-861-SPS,1.200000,0.900000,Transmission,16.500000,5.508000,3.200000,5.106000,2.981000,5.162000,3.132000,,0.000000,0.245249,0.000000,0.000000,,,,,,,,,,,,,,,,5.258667,3.104333,1.721250
F2857H,5212.700000,BR 3-BRSA-861-SPS,1.200000,0.900000,Transmission,19.300000,5.561000,3.231000,,,,,,0.000000,0.245199,0.000000,0.000000,,,,,,,,,,,,,,,,5.561000,3.231000,1.721139
F2857H,5212.700000,BR 3-BRSA-861-SPS,1.200000,0.900000,Transmission,22.100000,5.553000,3.246000,5.198000,3.024000,5.460000,3.233000,,0.000000,0.240471,0.000000,0.000000,,,,,,,,,,,,,,,,5.403667,3.167667,1.710721
F2858V,5212.750000,BR 3-BRSA-861-SPS,1.200000,0.900000,Transmission,5.500000,3.861000,2.242000,4.409000,2.722000,4.623000,2.801000,,0.000000,0.245639,0.000000,0.000000,,,,,,,,,,,,,,,,4.297667,2.588333,1.722123
F2858V,5212.750000,BR 3-BRSA-861-SPS,1.200000,0.900000,Transmission,8.300000,3.873000,2.312000,,,,,,0.000000,0.223176,0.000000,0.000000,,,,,,,,,,,,,,,,3.873000,2.312000,1.675173
F2858V,5212.750000,BR 3-BRSA-861-SPS,1.200000,0.900000,Transmission,11.000000,3.910000,2.356000,4.482000,2.756000,4.786000,2.875000,,0.000000,0.214977,0.000000,0.000000,,,,,,,,,,,,,,,,4.392667,2.662333,1.659593
F2858V,5212.750000,BR 3-BRSA-861-SPS,1.200000,0.900000,Transmission,13.800000,3.997000,2.390000,,,,,,0.000000,0.221739,0.000000,0.000000,,,,,,,,,,,,,,,,3.997000,2.390000,1.672385
F2858V,5212.750000,BR 3-BRSA-861-SPS,1.200000,0.900000,Transmission,16.500000,4.016000,2.424000,4.703000,2.820000,4.987000,2.921000,,0.000000,0.213446,0.000000,0.000000,,,,,,,,,,,,,,,,4.568667,2.721667,1.656766
F2858V,5212.750000,BR 3-BRSA-861-SPS,1.200000,0.900000,Transmission,19.300000,4.050000,2.460000,,,,,,0.000000,0.207678,0.000000,0.000000,,,,,,,,,,,,,,,,4.050000,2.460000,1.646341
F2858V,5212.750000,BR 3-BRSA-861-SPS,1.200000,0.900000,Transmission,22.100000,4.118000,2.489000,4.762000,2.866000,5.107000,2.972000,,0.000000,0.212198,0.000000,0.000000,,,,,,,,,,,,,,,,4.662333,2.775667,1.654480
F2859H,5212.900000,BR 3-BRSA-861-SPS,1.200000,0.900000,Transmission,5.500000,4.771000,2.844000,4.639000,2.819000,4.731000,2.883000,,0.000000,0.224401,0.000000,0.000000,,,,,,,,,,,,,,,,4.713667,2.848667,1.677567
F2859H,5212.900000,BR 3-BRSA-861-SPS,1.200000,0.900000,Transmission,8.300000,4.819000,2.865000,,,,,,0.000000,0.226657,0.000000,0.000000,,,,,,,,,,,,,,,,4.819000,2.865000,1.682024
F2859H,5212.900000,BR 3-BRSA-861-SPS,1.200000,0.900000,Transmission,11.000000,4.888000,2.901000,5.065000,2.933000,4.773000,2.987000,,0.000000,0.228115,0.000000,0.000000,,,,,,,,,,,,,,,,4.908667,2.940333,1.684936
F2859H,5212.900000,BR 3-BRSA-861-SPS,1.200000,0.900000,Transmission,13.800000,4.941000,2.934000,,,,,,0.000000,0.227672,0.000000,0.000000,,,,,,,,,,,,,,,,4.941000,2.934000,1.684049
F2859H,5212.900000,BR 3-BRSA-861-SPS,1.200000,0.900000,Transmission,16.500000,4.996000,2.965000,5.079000,2.973000,4.966000,3.062000,,0.000000,0.228142,0.000000,0.000000,,,,,,,,,,,,,,,,5.013667,3.000000,1.684992
F2859H,5212.900000,BR 3-BRSA-861-SPS,1.200000,0.900000,Transmission,19.300000,5.093000,2.993000,,,,,,0.000000,0.236227,0.000000,0.000000,,,,,,,,,,,,,,,,5.093000,2.993000,1.701637
F2859H,5212.900000,BR 3-BRSA-861-SPS,1.200000,0.900000,Transmission,22.100000,5.127000,3.016000,5.148000,3.026000,5.099000,3.113000,,0.000000,0.235418,0.000000,0.000000,,,,,,,,,,,,,,,,5.124667,3.051667,1.699934
F2868H,5215.200000,BR 3-BRSA-861-SPS,1.200000,0.900000,Transmission,5.500000,3.332000,2.114000,3.481000,2.062000,3.631000,2.327000,,0.000000,0.163136,0.000000,0.000000,,,,,,,,,,,,,,,,3.481333,2.167667,1.576159
F2868H,5215.200000,BR 3-BRSA-861-SPS,1.200000,0.900000,Transmission,8.300000,3.635000,2.172000,,,,,,0.000000,0.222353,0.000000,0.000000,,,,,,,,,,,,,,,,3.635000,2.172000,1.673573
F2868H,5215.200000,BR 3-BRSA-861-SPS,1.200000,0.900000,Transmission,11.000000,3.851000,2.217000,3.684000,2.184000,4.185000,2.446000,,0.000000,0.252142,0.000000,0.000000,,,,,,,,,,,,,,,,3.906667,2.282333,1.737032
F2868H,5215.200000,BR 3-BRSA-861-SPS,1.200000,0.900000,Transmission,13.800000,3.943000,2.288000,,,,,,0.000000,0.246180,0.000000,0.000000,,,,,,,,,,,,,,,,3.943000,2.288000,1.723339
F2868H,5215.200000,BR 3-BRSA-861-SPS,1.200000,0.900000,Transmission,16.500000,4.044000,2.333000,3.908000,2.302000,4.323000,2.531000,,0.000000,0.250579,0.000000,0.000000,,,,,,,,,,,,,,,,4.091667,2.388667,1.733390
F2868H,5215.200000,BR 3-BRSA-861-SPS,1.200000,0.900000,Transmission,19.300000,4.095000,2.366000,,,,,,0.000000,0.249444,0.000000,0.000000,,,,,,,,,,,,,,,,4.095000,2.366000,1.730769
F2868H,5215.200000,BR 3-BRSA-861-SPS,1.200000,0.900000,Transmission,22.100000,4.162000,2.407000,3.941000,2.394000,4.383000,2.557000,,0.000000,0.248727,0.000000,0.000000,,,,,,,,,,,,,,,,4.162000,2.452667,1.729123
F2870H,5215.550000,BR 3-BRSA-861-SPS,1.200000,0.900000,Transmission,5.500000,5.725000,3.441000,5.109000,2.959000,5.061000,3.025000,,0.000000,0.217210,0.000000,0.000000,,,,,,,,,,,,,,,,5.298333,3.141667,1.663761
F2870H,5215.550000,BR 3-BRSA-861-SPS,1.200000,0.900000,Transmission,8.300000,5.767000,3.459000,,,,,,0.000000,0.219055,0.000000,0.000000,,,,,,,,,,,,,,,,5.767000,3.459000,1.667245
F2870H,5215.550000,BR 3-BRSA-861-SPS,1.200000,0.900000,Transmission,11.000000,5.809000,3.475000,5.144000,3.032000,5.102000,3.062000,,0.000000,0.221360,0.000000,0.000000,,,,,,,,,,,,,,,,5.351667,3.189667,1.671655
F2870H,5215.550000,BR 3-BRSA-861-SPS,1.200000,0.900000,Transmission,13.800000,5.836000,3.492000,,,,,,0.000000,0.221149,0.000000,0.000000,,,,,,,,,,,,,,,,5.836000,3.492000,1.671249
F2870H,5215.550000,BR 3-BRSA-861-SPS,1.200000,0.900000,Transmission,16.500000,5.891000,3.514000,5.355000,3.137000,5.295000,3.132000,,0.000000,0.223824,0.000000,0.000000,,,,,,,,,,,,,,,,5.513667,3.261000,1.676437
F2870H,5215.550000,BR 3-BRSA-861-SPS,1.200000,0.900000,Transmission,19.300000,5.902000,3.541000,,,,,,0.000000,0.218800,0.000000,0.000000,,,,,,,,,,,,,,,,5.902000,3.541000,1.666761
F2870H,5215.550000,BR 3-BRSA-861-SPS,1.200000,0.900000,Transmission,22.100000,5.941000,3.563000,5.584000,3.300000,5.447000,3.172000,,0.000000,0.219144,0.000000,0.000000,,,,,,,,,,,,,,,,5.657333,3.345000,1.667415
F2880H,5218.250000,BR 3-BRSA-861-SPS,1.200000,0.900000,Transmission,5.500000,3.852000,2.284000,3.446000,2.101000,3.449000,2.151000,,0.000000,0.228899,0.000000,0.000000,,,,,,,,,,,,,,,,3.582333,2.178667,1.686515
F2880H,5218.250000,BR 3-BRSA-861-SPS,1.200000,0.900000,Transmission,8.300000,4.073000,2.414000,,,,,,0.000000,0.229259,0.000000,0.000000,,,,,,,,,,,,,,,,4.073000,2.414000,1.687241
F2880H,5218.250000,BR 3-BRSA-861-SPS,1.200000,0.900000,Transmission,11.000000,4.192000,2.510000,3.677000,2.248000,3.670000,2.288000,,0.000000,0.220561,0.000000,0.000000,,,,,,,,,,,,,,,,3.846333,2.348667,1.670120
F2880H,5218.250000,BR 3-BRSA-861-SPS,1.200000,0.900000,Transmission,13.800000,4.314000,2.607000,,,,,,0.000000,0.212360,0.000000,0.000000,,,,,,,,,,,,,,,,4.314000,2.607000,1.654776
F2880H,5218.250000,BR 3-BRSA-861-SPS,1.200000,0.900000,Transmission,16.500000,4.521000,2.678000,3.961000,2.388000,4.076000,2.507000,,0.000000,0.229733,0.000000,0.000000,,,,,,,,,,,,,,,,4.186000,2.524333,1.688200
F2880H,5218.250000,BR 3-BRSA-861-SPS,1.200000,0.900000,Transmission,19.300000,4.554000,2.753000,,,,,,0.000000,0.212042,0.000000,0.000000,,,,,,,,,,,,,,,,4.554000,2.753000,1.654195
F2880H,5218.250000,BR 3-BRSA-861-SPS,1.200000,0.900000,Transmission,22.100000,4.610000,2.814000,4.358000,2.604000,4.333000,2.639000,,0.000000,0.203056,0.000000,0.000000,,,,,,,,,,,,,,,,4.433667,2.685667,1.638237
F2889H,5220.200000,BR 3-BRSA-861-SPS,1.200000,0.900000,Transmission,5.500000,5.002000,2.935000,5.013000,2.990000,5.067000,3.069000,,0.000000,0.237464,0.000000,0.000000,,,,,,,,,,,,,,,,5.027333,2.998000,1.704259
F2889H,5220.200000,BR 3-BRSA-861-SPS,1.200000,0.900000,Transmission,8.300000,5.102000,2.953000,,,,,,0.000000,0.248119,0.000000,0.000000,,,,,,,,,,,,,,,,5.102000,2.953000,1.727735
F2889H,5220.200000,BR 3-BRSA-861-SPS,1.200000,0.900000,Transmission,11.000000,5.137000,2.975000,5.088000,3.022000,5.317000,3.158000,,0.000000,0.247675,0.000000,0.000000,,,,,,,,,,,,,,,,5.180667,3.051667,1.726723
F2889H,5220.200000,BR 3-BRSA-861-SPS,1.200000,0.900000,Transmission,13.800000,5.156000,3.000000,,,,,,0.000000,0.244090,0.000000,0.000000,,,,,,,,,,,,,,,,5.156000,3.000000,1.718667
F2889H,5220.200000,BR 3-BRSA-861-SPS,1.200000,0.900000,Transmission,16.500000,5.175000,3.027000,5.171000,3.055000,5.448000,3.195000,,0.000000,0.239960,0.000000,0.000000,,,,,,,,,,,,,,,,5.264667,3.092333,1.709613
F2889H,5220.200000,BR 3-BRSA-861-SPS,1.200000,0.900000,Transmission,19.300000,5.231000,3.051000,,,,,,0.000000,0.242212,0.000000,0.000000,,,,,,,,,,,,,,,,5.231000,3.051000,1.714520
F2889H,5220.200000,BR 3-BRSA-861-SPS,1.200000,0.900000,Transmission,22.100000,5.307000,3.071000,5.386000,3.102000,5.520000,3.242000,,0.000000,0.248280,0.000000,0.000000,,,,,,,,,,,,,,,,5.404333,3.138333,1.728102
F2900V,5220.600000,BR 3-BRSA-861-SPS,1.200000,0.900000,Transmission,5.500000,4.820000,2.838000,4.642000,2.722000,4.671000,2.770000,,0.000000,0.234676,0.000000,0.000000,,,,,,,,,,,,,,,,4.711000,2.776667,1.698379
F2900V,5220.600000,BR 3-BRSA-861-SPS,1.200000,0.900000,Transmission,8.300000,4.939000,2.945000,,,,,,0.000000,0.224153,0.000000,0.000000,,,,,,,,,,,,,,,,4.939000,2.945000,1.677080
F2900V,5220.600000,BR 3-BRSA-861-SPS,1.200000,0.900000,Transmission,11.000000,5.036000,3.011000,5.112000,3.081000,5.071000,2.959000,,0.000000,0.221816,0.000000,0.000000,,,,,,,,,,,,,,,,5.073000,3.017000,1.672534
F2900V,5220.600000,BR 3-BRSA-861-SPS,1.200000,0.900000,Transmission,13.800000,5.175000,3.073000,,,,,,0.000000,0.227659,0.000000,0.000000,,,,,,,,,,,,,,,,5.175000,3.073000,1.684022
F2900V,5220.600000,BR 3-BRSA-861-SPS,1.200000,0.900000,Transmission,16.500000,5.221000,3.101000,5.432000,3.277000,5.241000,3.069000,,0.000000,0.227473,0.000000,0.000000,,,,,,,,,,,,,,,,5.298000,3.149000,1.683650
F2900V,5220.600000,BR 3-BRSA-861-SPS,1.200000,0.900000,Transmission,19.300000,5.239000,3.135000,,,,,,0.000000,0.221089,0.000000,0.000000,,,,,,,,,,,,,,,,5.239000,3.135000,1.671132
F2900V,5220.600000,BR 3-BRSA-861-SPS,1.200000,0.900000,Transmission,22.100000,5.308000,3.161000,5.471000,3.287000,5.424000,3.269000,,0.000000,0.225239,0.000000,0.000000,,,,,,,,,,,,,,,,5.401000,3.239000,1.679215
F2901H,5223.500000,BR 3-BRSA-861-SPS,1.200000,0.900000,Transmission,5.500000,4.075000,2.287000,5.119000,2.921000,5.030000,2.907000,,0.000000,0.270099,0.000000,0.000000,,,,,,,,,,,,,,,,4.741333,2.705000,1.781810
F2901H,5223.500000,BR 3-BRSA-861-SPS,1.200000,0.900000,Transmission,8.300000,4.102000,2.321000,,,,,,0.000000,0.264539,0.000000,0.000000,,,,,,,,,,,,,,,,4.102000,2.321000,1.767342
F2901H,5223.500000,BR 3-BRSA-861-SPS,1.200000,0.900000,Transmission,11.000000,4.164000,2.350000,5.147000,2.998000,5.084000,2.938000,,0.000000,0.266320,0.000000,0.000000,,,,,,,,,,,,,,,,4.798333,2.762000,1.771915
F2901H,5223.500000,BR 3-BRSA-861-SPS,1.200000,0.900000,Transmission,13.800000,4.176000,2.372000,,,,,,0.000000,0.261848,0.000000,0.000000,,,,,,,,,,,,,,,,4.176000,2.372000,1.760540
F2901H,5223.500000,BR 3-BRSA-861-SPS,1.200000,0.900000,Transmission,16.500000,4.244000,2.394000,5.270000,3.055000,5.161000,2.976000,,0.000000,0.266649,0.000000,0.000000,,,,,,,,,,,,,,,,4.891667,2.808333,1.772765
F2901H,5223.500000,BR 3-BRSA-861-SPS,1.200000,0.900000,Transmission,19.300000,4.286000,2.415000,,,,,,0.000000,0.267410,0.000000,0.000000,,,,,,,,,,,,,,,,4.286000,2.415000,1.774741
F2901H,5223.500000,BR 3-BRSA-861-SPS,1.200000,0.900000,Transmission,22.100000,4.389000,2.427000,5.368000,3.102000,5.248000,3.011000,,0.000000,0.279768,0.000000,0.000000,,,,,,,,,,,,,,,,5.001667,2.846667,1.808405
F2908H,5225.250000,BR 3-BRSA-861-SPS,1.200000,0.900000,Transmission,5.500000,3.861000,2.209000,4.658000,2.701000,4.533000,2.731000,,0.000000,0.256688,0.000000,0.000000,,,,,,,,,,,,,,,,4.350667,2.547000,1.747850
F2908H,5225.250000,BR 3-BRSA-861-SPS,1.200000,0.900000,Transmission,8.300000,3.928000,2.283000,,,,,,0.000000,0.244933,0.000000,0.000000,,,,,,,,,,,,,,,,3.928000,2.283000,1.720543
F2908H,5225.250000,BR 3-BRSA-861-SPS,1.200000,0.900000,Transmission,11.000000,3.948000,2.330000,4.771000,2.811000,4.669000,2.917000,,0.000000,0.232772,0.000000,0.000000,,,,,,,,,,,,,,,,4.462667,2.686000,1.694421
F2908H,5225.250000,BR 3-BRSA-861-SPS,1.200000,0.900000,Transmission,13.800000,3.981000,2.369000,,,,,,0.000000,0.225867,0.000000,0.000000,,,,,,,,,,,,,,,,3.981000,2.369000,1.680456
F2908H,5225.250000,BR 3-BRSA-861-SPS,1.200000,0.900000,Transmission,16.500000,4.049000,2.395000,4.922000,2.845000,4.852000,3.016000,,0.000000,0.230915,0.000000,0.000000,,,,,,,,,,,,,,,,4.607667,2.752000,1.690605
F2908H,5225.250000,BR 3-BRSA-861-SPS,1.200000,0.900000,Transmission,19.300000,4.091000,2.427000,,,,,,0.000000,0.228455,0.000000,0.000000,,,,,,,,,,,,,,,,4.091000,2.427000,1.685620
F2908H,5225.250000,BR 3-BRSA-861-SPS,1.200000,0.900000,Transmission,22.100000,4.188000,2.451000,5.042000,2.890000,5.015000,3.059000,,0.000000,0.239532,0.000000,0.000000,,,,,,,,,,,,,,,,4.748333,2.800000,1.708690
F2909V,5225.350000,BR 3-BRSA-861-SPS,1.200000,0.900000,Transmission,5.500000,3.352000,2.015000,4.703000,2.754000,4.604000,2.767000,,0.000000,0.217084,0.000000,0.000000,,,,,,,,,,,,,,,,4.219667,2.512000,1.663524
F2909V,5225.350000,BR 3-BRSA-861-SPS,1.200000,0.900000,Transmission,8.300000,3.459000,2.075000,,,,,,0.000000,0.218919,0.000000,0.000000,,,,,,,,,,,,,,,,3.459000,2.075000,1.666988
F2909V,5225.350000,BR 3-BRSA-861-SPS,1.200000,0.900000,Transmission,11.000000,3.544000,2.107000,4.811000,2.823000,4.662000,2.814000,,0.000000,0.226651,0.000000,0.000000,,,,,,,,,,,,,,,,4.339000,2.581333,1.682012
F2909V,5225.350000,BR 3-BRSA-861-SPS,1.200000,0.900000,Transmission,13.800000,3.638000,2.144000,,,,,,0.000000,0.233933,0.000000,0.000000,,,,,,,,,,,,,,,,3.638000,2.144000,1.696828
F2909V,5225.350000,BR 3-BRSA-861-SPS,1.200000,0.900000,Transmission,16.500000,3.716000,2.176000,4.945000,2.878000,4.836000,2.872000,,0.000000,0.239082,0.000000,0.000000,,,,,,,,,,,,,,,,4.499000,2.642000,1.707721
F2909V,5225.350000,BR 3-BRSA-861-SPS,1.200000,0.900000,Transmission,19.300000,3.736000,2.204000,,,,,,0.000000,0.233100,0.000000,0.000000,,,,,,,,,,,,,,,,3.736000,2.204000,1.695100
F2909V,5225.350000,BR 3-BRSA-861-SPS,1.200000,0.900000,Transmission,22.100000,3.784000,2.224000,4.964000,2.897000,4.906000,2.930000,,0.000000,0.236133,0.000000,0.000000,,,,,,,,,,,,,,,,4.551333,2.683667,1.701439
F2910H,5225.700000,BR 3-BRSA-861-SPS,1.200000,0.900000,Transmission,5.500000,4.314000,2.529000,3.888000,2.345000,4.269000,2.478000,,0.000000,0.238192,0.000000,0.000000,,,,,,,,,,,,,,,,4.157000,2.450667,1.705813
F2910H,5225.700000,BR 3-BRSA-861-SPS,1.200000,0.900000,Transmission,8.300000,4.489000,2.647000,,,,,,0.000000,0.233478,0.000000,0.000000,,,,,,,,,,,,,,,,4.489000,2.647000,1.695882
F2910H,5225.700000,BR 3-BRSA-861-SPS,1.200000,0.900000,Transmission,11.000000,4.577000,2.738000,4.034000,2.493000,4.338000,2.539000,,0.000000,0.221362,0.000000,0.000000,,,,,,,,,,,,,,,,4.316333,2.590000,1.671658
F2910H,5225.700000,BR 3-BRSA-861-SPS,1.200000,0.900000,Transmission,13.800000,4.721000,2.808000,,,,,,0.000000,0.226277,0.000000,0.000000,,,,,,,,,,,,,,,,4.721000,2.808000,1.681268
F2910H,5225.700000,BR 3-BRSA-861-SPS,1.200000,0.900000,Transmission,16.500000,4.801000,2.864000,4.353000,2.624000,4.582000,2.732000,,0.000000,0.223768,0.000000,0.000000,,,,,,,,,,,,,,,,4.578667,2.740000,1.676327
F2910H,5225.700000,BR 3-BRSA-861-SPS,1.200000,0.900000,Transmission,19.300000,4.895000,2.921000,,,,,,0.000000,0.223496,0.000000,0.000000,,,,,,,,,,,,,,,,4.895000,2.921000,1.675796
F2910H,5225.700000,BR 3-BRSA-861-SPS,1.200000,0.900000,Transmission,22.100000,4.963000,2.957000,4.560000,2.682000,4.656000,2.801000,,0.000000,0.224820,0.000000,0.000000,,,,,,,,,,,,,,,,4.726333,2.813333,1.678390
F2911H,5225.750000,BR 3-BRSA-861-SPS,1.200000,0.900000,Transmission,5.500000,2.932000,1.869000,3.365000,1.977000,3.584000,2.070000,,0.000000,0.157766,0.000000,0.000000,,,,,,,,,,,,,,,,3.293667,1.972000,1.568753
F2911H,5225.750000,BR 3-BRSA-861-SPS,1.200000,0.900000,Transmission,8.300000,3.145000,1.973000,,,,,,0.000000,0.175514,0.000000,0.000000,,,,,,,,,,,,,,,,3.145000,1.973000,1.594019
F2911H,5225.750000,BR 3-BRSA-861-SPS,1.200000,0.900000,Transmission,11.000000,3.362000,2.054000,3.452000,2.064000,3.831000,2.257000,,0.000000,0.202228,0.000000,0.000000,,,,,,,,,,,,,,,,3.548333,2.125000,1.636806
F2911H,5225.750000,BR 3-BRSA-861-SPS,1.200000,0.900000,Transmission,13.800000,3.599000,2.116000,,,,,,0.000000,0.235854,0.000000,0.000000,,,,,,,,,,,,,,,,3.599000,2.116000,1.700851
F2911H,5225.750000,BR 3-BRSA-861-SPS,1.200000,0.900000,Transmission,16.500000,3.688000,2.167000,3.647000,2.089000,3.911000,2.352000,,0.000000,0.236348,0.000000,0.000000,,,,,,,,,,,,,,,,3.748667,2.202667,1.701892
F2911H,5225.750000,BR 3-BRSA-861-SPS,1.200000,0.900000,Transmission,19.300000,3.796000,2.209000,,,,,,0.000000,0.243981,0.000000,0.000000,,,,,,,,,,,,,,,,3.796000,2.209000,1.718425
F2911H,5225.750000,BR 3-BRSA-861-SPS,1.200000,0.900000,Transmission,22.100000,3.818000,2.241000,4.025000,2.335000,4.047000,2.422000,,0.000000,0.237203,0.000000,0.000000,,,,,,,,,,,,,,,,3.963333,2.332667,1.703704
F2913H,5226.700000,BR 3-BRSA-861-SPS,1.200000,0.900000,Transmission,5.500000,5.112000,3.032000,5.023000,2.985000,5.050000,3.050000,,0.000000,0.228652,0.000000,0.000000,,,,,,,,,,,,,,,,5.061667,3.022333,1.686016
F2913H,5226.700000,BR 3-BRSA-861-SPS,1.200000,0.900000,Transmission,8.300000,5.135000,3.044000,,,,,,0.000000,0.229102,0.000000,0.000000,,,,,,,,,,,,,,,,5.135000,3.044000,1.686925
F2913H,5226.700000,BR 3-BRSA-861-SPS,1.200000,0.900000,Transmission,11.000000,5.193000,3.065000,5.104000,3.025000,5.203000,3.100000,,0.000000,0.232709,0.000000,0.000000,,,,,,,,,,,,,,,,5.166667,3.063333,1.694290
F2913H,5226.700000,BR 3-BRSA-861-SPS,1.200000,0.900000,Transmission,13.800000,5.257000,3.079000,,,,,,0.000000,0.238920,0.000000,0.000000,,,,,,,,,,,,,,,,5.257000,3.079000,1.707373
F2913H,5226.700000,BR 3-BRSA-861-SPS,1.200000,0.900000,Transmission,16.500000,5.306000,3.097000,5.218000,3.081000,5.254000,3.171000,,0.000000,0.241642,0.000000,0.000000,,,,,,,,,,,,,,,,5.259333,3.116333,1.713271
F2913H,5226.700000,BR 3-BRSA-861-SPS,1.200000,0.900000,Transmission,19.300000,5.343000,3.110000,,,,,,0.000000,0.243793,0.000000,0.000000,,,,,,,,,,,,,,,,5.343000,3.110000,1.718006
F2913H,5226.700000,BR 3-BRSA-861-SPS,1.200000,0.900000,Transmission,22.100000,5.428000,3.133000,5.390000,3.125000,5.413000,3.199000,,0.000000,0.250205,0.000000,0.000000,,,,,,,,,,,,,,,,5.410333,3.152333,1.732525
F2914H,5227.000000,BR 3-BRSA-861-SPS,1.200000,0.900000,Transmission,5.500000,4.622000,2.727000,4.541000,2.685000,4.602000,2.737000,,0.000000,0.233005,0.000000,0.000000,,,,,,,,,,,,,,,,4.588333,2.716333,1.694903
F2914H,5227.000000,BR 3-BRSA-861-SPS,1.200000,0.900000,Transmission,8.300000,4.663000,2.735000,,,,,,0.000000,0.237782,0.000000,0.000000,,,,,,,,,,,,,,,,4.663000,2.735000,1.704936
F2914H,5227.000000,BR 3-BRSA-861-SPS,1.200000,0.900000,Transmission,11.000000,4.721000,2.745000,4.586000,2.705000,4.614000,2.774000,,0.000000,0.244624,0.000000,0.000000,,,,,,,,,,,,,,,,4.640333,2.741333,1.719854
F2914H,5227.000000,BR 3-BRSA-861-SPS,1.200000,0.900000,Transmission,13.800000,4.750000,2.770000,,,,,,0.000000,0.242340,0.000000,0.000000,,,,,,,,,,,,,,,,4.750000,2.770000,1.714801
F2914H,5227.000000,BR 3-BRSA-861-SPS,1.200000,0.900000,Transmission,16.500000,4.804000,2.787000,4.631000,2.744000,4.660000,2.827000,,0.000000,0.246348,0.000000,0.000000,,,,,,,,,,,,,,,,4.698333,2.786000,1.723717
F2914H,5227.000000,BR 3-BRSA-861-SPS,1.200000,0.900000,Transmission,19.300000,4.838000,2.814000,,,,,,0.000000,0.244358,0.000000,0.000000,,,,,,,,,,,,,,,,4.838000,2.814000,1.719261
F2914H,5227.000000,BR 3-BRSA-861-SPS,1.200000,0.900000,Transmission,22.100000,4.907000,2.829000,4.712000,2.794000,4.701000,2.867000,,0.000000,0.251072,0.000000,0.000000,,,,,,,,,,,,,,,,4.773333,2.830000,1.734535
F2916V,5227.350000,BR 3-BRSA-861-SPS,1.200000,0.900000,Transmission,5.500000,4.070000,2.577000,4.084000,2.568000,4.300000,2.512000,,0.000000,0.165410,0.000000,0.000000,,,,,,,,,,,,,,,,4.151333,2.552333,1.579356
F2916V,5227.350000,BR 3-BRSA-861-SPS,1.200000,0.900000,Transmission,8.300000,4.208000,2.646000,,,,,,0.000000,0.173017,0.000000,0.000000,,,,,,,,,,,,,,,,4.208000,2.646000,1.590325
F2916V,5227.350000,BR 3-BRSA-861-SPS,1.200000,0.900000,Transmission,11.000000,4.421000,2.706000,4.407000,2.703000,4.513000,2.815000,,0.000000,0.200460,0.000000,0.000000,,,,,,,,,,,,,,,,4.447000,2.741333,1.633777
F2916V,5227.350000,BR 3-BRSA-861-SPS,1.200000,0.900000,Transmission,13.800000,4.498000,2.751000,,,,,,0.000000,0.201200,0.000000,0.000000,,,,,,,,,,,,,,,,4.498000,2.751000,1.635042
F2916V,5227.350000,BR 3-BRSA-861-SPS,1.200000,0.900000,Transmission,16.500000,4.593000,2.797000,4.718000,2.827000,4.677000,2.912000,,0.000000,0.205284,0.000000,0.000000,,,,,,,,,,,,,,,,4.662667,2.845333,1.642117
F2916V,5227.350000,BR 3-BRSA-861-SPS,1.200000,0.900000,Transmission,19.300000,4.676000,2.837000,,,,,,0.000000,0.208731,0.000000,0.000000,,,,,,,,,,,,,,,,4.676000,2.837000,1.648220
F2916V,5227.350000,BR 3-BRSA-861-SPS,1.200000,0.900000,Transmission,22.100000,4.762000,2.867000,4.911000,2.891000,4.963000,2.979000,,0.000000,0.215719,0.000000,0.000000,,,,,,,,,,,,,,,,4.878667,2.912333,1.660970
F2919V,5228.200000,BR 3-BRSA-861-SPS,1.200000,0.900000,Transmission,5.500000,3.718000,2.348000,4.005000,2.359000,4.075000,2.374000,,0.000000,0.168302,0.000000,0.000000,,,,,,,,,,,,,,,,3.932667,2.360333,1.583475
F2919V,5228.200000,BR 3-BRSA-861-SPS,1.200000,0.900000,Transmission,8.300000,3.886000,2.431000,,,,,,0.000000,0.178511,0.000000,0.000000,,,,,,,,,,,,,,,,3.886000,2.431000,1.598519
F2919V,5228.200000,BR 3-BRSA-861-SPS,1.200000,0.900000,Transmission,11.000000,3.991000,2.494000,4.238000,2.521000,4.185000,2.593000,,0.000000,0.179645,0.000000,0.000000,,,,,,,,,,,,,,,,4.138000,2.536000,1.600241
F2919V,5228.200000,BR 3-BRSA-861-SPS,1.200000,0.900000,Transmission,13.800000,4.134000,2.544000,,,,,,0.000000,0.195238,0.000000,0.000000,,,,,,,,,,,,,,,,4.134000,2.544000,1.625000
F2919V,5228.200000,BR 3-BRSA-861-SPS,1.200000,0.900000,Transmission,16.500000,4.259000,2.567000,4.306000,2.616000,4.296000,2.676000,,0.000000,0.214731,0.000000,0.000000,,,,,,,,,,,,,,,,4.287000,2.619667,1.659135
F2919V,5228.200000,BR 3-BRSA-861-SPS,1.200000,0.900000,Transmission,19.300000,4.358000,2.611000,,,,,,0.000000,0.220024,0.000000,0.000000,,,,,,,,,,,,,,,,4.358000,2.611000,1.669092
F2919V,5228.200000,BR 3-BRSA-861-SPS,1.200000,0.900000,Transmission,22.100000,4.416000,2.635000,4.559000,2.673000,4.525000,2.746000,,0.000000,0.223550,0.000000,0.000000,,,,,,,,,,,,,,,,4.500000,2.684667,1.675901
F2930H,5231.300000,BR 3-BRSA-861-SPS,1.200000,0.900000,Transmission,5.500000,4.182000,2.553000,4.159000,2.460000,4.396000,2.567000,,0.000000,0.202961,0.000000,0.000000,,,,,,,,,,,,,,,,4.245667,2.526667,1.638073
F2930H,5231.300000,BR 3-BRSA-861-SPS,1.200000,0.900000,Transmission,8.300000,4.295000,2.603000,,,,,,0.000000,0.209735,0.000000,0.000000,,,,,,,,,,,,,,,,4.295000,2.603000,1.650019
F2930H,5231.300000,BR 3-BRSA-861-SPS,1.200000,0.900000,Transmission,11.000000,4.456000,2.662000,4.577000,2.672000,4.639000,2.689000,,0.000000,0.222537,0.000000,0.000000,,,,,,,,,,,,,,,,4.557333,2.674333,1.673929
F2930H,5231.300000,BR 3-BRSA-861-SPS,1.200000,0.900000,Transmission,13.800000,4.517000,2.724000,,,,,,0.000000,0.214237,0.000000,0.000000,,,,,,,,,,,,,,,,4.517000,2.724000,1.658223
F2930H,5231.300000,BR 3-BRSA-861-SPS,1.200000,0.900000,Transmission,16.500000,4.620000,2.752000,4.633000,2.739000,4.697000,2.787000,,0.000000,0.225018,0.000000,0.000000,,,,,,,,,,,,,,,,4.650000,2.759333,1.678779
F2930H,5231.300000,BR 3-BRSA-861-SPS,1.200000,0.900000,Transmission,19.300000,4.752000,2.790000,,,,,,0.000000,0.236978,0.000000,0.000000,,,,,,,,,,,,,,,,4.752000,2.790000,1.703226
F2930H,5231.300000,BR 3-BRSA-861-SPS,1.200000,0.900000,Transmission,22.100000,4.811000,2.815000,4.691000,2.797000,4.804000,2.858000,,0.000000,0.239703,0.000000,0.000000,,,,,,,,,,,,,,,,4.768667,2.823333,1.709059
F2934H,5232.050000,BR 3-BRSA-861-SPS,1.200000,0.900000,Transmission,5.500000,4.026000,2.377000,3.882000,2.253000,3.854000,2.288000,,0.000000,0.232438,0.000000,0.000000,,,,,,,,,,,,,,,,3.920667,2.306000,1.693732
F2934H,5232.050000,BR 3-BRSA-861-SPS,1.200000,0.900000,Transmission,8.300000,4.226000,2.513000,,,,,,0.000000,0.226472,0.000000,0.000000,,,,,,,,,,,,,,,,4.226000,2.513000,1.681655
F2934H,5232.050000,BR 3-BRSA-861-SPS,1.200000,0.900000,Transmission,11.000000,4.446000,2.595000,4.057000,2.432000,4.115000,2.407000,,0.000000,0.241653,0.000000,0.000000,,,,,,,,,,,,,,,,4.206000,2.478000,1.713295
F2934H,5232.050000,BR 3-BRSA-861-SPS,1.200000,0.900000,Transmission,13.800000,4.528000,2.666000,,,,,,0.000000,0.234698,0.000000,0.000000,,,,,,,,,,,,,,,,4.528000,2.666000,1.698425
F2934H,5232.050000,BR 3-BRSA-861-SPS,1.200000,0.900000,Transmission,16.500000,4.670000,2.711000,4.362000,2.553000,4.568000,2.621000,,0.000000,0.245856,0.000000,0.000000,,,,,,,,,,,,,,,,4.533333,2.628333,1.722612
F2934H,5232.050000,BR 3-BRSA-861-SPS,1.200000,0.900000,Transmission,19.300000,4.750000,2.749000,,,,,,0.000000,0.248192,0.000000,0.000000,,,,,,,,,,,,,,,,4.750000,2.749000,1.727901
F2934H,5232.050000,BR 3-BRSA-861-SPS,1.200000,0.900000,Transmission,22.100000,4.778000,2.783000,4.659000,2.647000,4.647000,2.674000,,0.000000,0.243271,0.000000,0.000000,,,,,,,,,,,,,,,,4.694667,2.701333,1.716852
F2935H,5232.250000,BR 3-BRSA-861-SPS,1.200000,0.900000,Transmission,5.500000,3.607000,2.259000,3.671000,2.231000,3.922000,2.307000,,0.000000,0.177321,0.000000,0.000000,,,,,,,,,,,,,,,,3.733333,2.265667,1.596724
F2935H,5232.250000,BR 3-BRSA-861-SPS,1.200000,0.900000,Transmission,8.300000,3.782000,2.387000,,,,,,0.000000,0.168956,0.000000,0.000000,,,,,,,,,,,,,,,,3.782000,2.387000,1.584416
F2935H,5232.250000,BR 3-BRSA-861-SPS,1.200000,0.900000,Transmission,11.000000,3.913000,2.435000,4.070000,2.425000,4.321000,2.516000,,0.000000,0.184022,0.000000,0.000000,,,,,,,,,,,,,,,,4.101333,2.458667,1.606982
F2935H,5232.250000,BR 3-BRSA-861-SPS,1.200000,0.900000,Transmission,13.800000,4.184000,2.446000,,,,,,0.000000,0.240391,0.000000,0.000000,,,,,,,,,,,,,,,,4.184000,2.446000,1.710548
F2935H,5232.250000,BR 3-BRSA-861-SPS,1.200000,0.900000,Transmission,16.500000,4.372000,2.551000,4.605000,2.659000,4.583000,2.691000,,0.000000,0.241901,0.000000,0.000000,,,,,,,,,,,,,,,,4.520000,2.633667,1.713838
F2935H,5232.250000,BR 3-BRSA-861-SPS,1.200000,0.900000,Transmission,19.300000,4.432000,2.565000,,,,,,0.000000,0.248181,0.000000,0.000000,,,,,,,,,,,,,,,,4.432000,2.565000,1.727875
F2935H,5232.250000,BR 3-BRSA-861-SPS,1.200000,0.900000,Transmission,22.100000,4.483000,2.612000,4.685000,2.745000,4.691000,2.791000,,0.000000,0.243025,0.000000,0.000000,,,,,,,,,,,,,,,,4.619667,2.716000,1.716309
F2936H,5232.550000,BR 3-BRSA-861-SPS,1.200000,0.900000,Transmission,5.500000,5.747000,3.340000,5.401000,3.209000,5.677000,3.313000,,0.000000,0.244985,0.000000,0.000000,,,,,,,,,,,,,,,,5.608333,3.287333,1.720659
F2936H,5232.550000,BR 3-BRSA-861-SPS,1.200000,0.900000,Transmission,8.300000,5.775000,3.413000,,,,,,0.000000,0.231625,0.000000,0.000000,,,,,,,,,,,,,,,,5.775000,3.413000,1.692060
F2936H,5232.550000,BR 3-BRSA-861-SPS,1.200000,0.900000,Transmission,11.000000,5.781000,3.418000,5.568000,3.270000,5.763000,3.406000,,0.000000,0.231274,0.000000,0.000000,,,,,,,,,,,,,,,,5.704000,3.364667,1.691340
F2936H,5232.550000,BR 3-BRSA-861-SPS,1.200000,0.900000,Transmission,13.800000,5.832000,3.424000,,,,,,0.000000,0.236999,0.000000,0.000000,,,,,,,,,,,,,,,,5.832000,3.424000,1.703271
F2936H,5232.550000,BR 3-BRSA-861-SPS,1.200000,0.900000,Transmission,16.500000,5.890000,3.444000,5.651000,3.308000,5.799000,3.456000,,0.000000,0.240240,0.000000,0.000000,,,,,,,,,,,,,,,,5.780000,3.402667,1.710221
F2936H,5232.550000,BR 3-BRSA-861-SPS,1.200000,0.900000,Transmission,19.300000,5.943000,3.454000,,,,,,0.000000,0.244965,0.000000,0.000000,,,,,,,,,,,,,,,,5.943000,3.454000,1.720614
F2936H,5232.550000,BR 3-BRSA-861-SPS,1.200000,0.900000,Transmission,22.100000,5.955000,3.462000,5.737000,3.350000,5.889000,3.518000,,0.000000,0.244736,0.000000,0.000000,,,,,,,,,,,,,,,,5.860333,3.443333,1.720104
