seed,measurement_ratio,method,sample_id,rmse,mae,relative_l2,support_f1,m
7,0.3,ml_only_torch,0,0.49702162981501075,0.4051582775732096,0.7151425105187182,,38
7,0.3,hybrid_lfista_frozen,0,0.414611741414299,0.3361092537013182,0.5965665553748994,0.09022556390968692,38
7,0.3,hybrid_lfista_joint,0,0.4143382144059662,0.33596114953953743,0.5961729894218308,0.09160305343502569,38
7,0.3,ml_only_torch,1,0.37907820878083887,0.3094017162288967,0.5540056978815936,,38
7,0.3,hybrid_lfista_frozen,1,0.33125247085335374,0.2753105422801603,0.48411053982850466,0.08955223880588327,38
7,0.3,hybrid_lfista_joint,1,0.3309797670473658,0.27518427333266327,0.48371199552062377,0.08955223880588327,38
7,0.3,ml_only_torch,2,0.5453856330941516,0.4457390269686976,0.7476198365116061,,38
7,0.3,hybrid_lfista_frozen,2,0.4251168884325966,0.3383006225128493,0.5827542922705361,0.09022556390968692,38
7,0.3,hybrid_lfista_joint,2,0.4248127589242305,0.33786969871356365,0.5823373886347856,0.09090909090900273,38
7,0.3,ml_only_torch,3,0.4770387223234326,0.3996903922237334,0.6495855648536317,,38
7,0.3,hybrid_lfista_frozen,3,0.41023450254716887,0.33242171994213,0.5586179875747613,0.08955223880588327,38
7,0.3,hybrid_lfista_joint,3,0.410117737210216,0.3320776466426977,0.5584589877413926,0.08955223880588327,38
7,0.3,ml_only_torch,4,0.46041637625166293,0.3558188809378624,0.6616005318717273,,38
7,0.3,hybrid_lfista_frozen,4,0.39683751760809377,0.30357440033496796,0.5702401701121563,0.08955223880588327,38
7,0.3,hybrid_lfista_joint,4,0.3967001850856265,0.3034335159435131,0.5700428285869756,0.08955223880588327,38
7,0.3,ml_only_torch,5,0.45663232385606733,0.35956167388063753,0.6311134591736812,,38
7,0.3,hybrid_lfista_frozen,5,0.3829474693889493,0.30682652616630235,0.5292733112867563,0.09022556390968692,38
7,0.3,hybrid_lfista_joint,5,0.38280731176942134,0.30694611542091166,0.5290795988501443,0.09022556390968692,38
7,0.3,ml_only_torch,6,0.5449342695603819,0.4521777860408732,0.7245830358918665,,38
7,0.3,hybrid_lfista_frozen,6,0.46175323443165217,0.36593289333958373,0.6139796653040225,0.09022556390968692,38
7,0.3,hybrid_lfista_joint,6,0.4615206026021214,0.36536819000010573,0.6136703416172915,0.08955223880588327,38
7,0.3,ml_only_torch,7,0.3437460581409294,0.26081128081188365,0.5377265128239503,,38
7,0.3,hybrid_lfista_frozen,7,0.3111560322913241,0.24414903949714561,0.48674550362277447,0.09302325581386334,38
7,0.3,hybrid_lfista_joint,7,0.31099804575635825,0.24409257936845596,0.4864983631930638,0.09160305343502569,38
7,0.3,ml_only_torch,8,0.4977985872367514,0.42533034617718096,0.6029623807314148,,38
7,0.3,hybrid_lfista_frozen,8,0.4263507493030669,0.36529174248781704,0.5164206356096718,0.09022556390968692,38
7,0.3,hybrid_lfista_joint,8,0.4260866393473637,0.36466691150773034,0.5161007303874621,0.08955223880588327,38
7,0.3,ml_only_torch,9,0.4563618578590142,0.3794741003822542,0.7719070774803877,,38
7,0.3,hybrid_lfista_frozen,9,0.4214463989072148,0.34403824132647054,0.7128497977927059,0.08955223880588327,38
7,0.3,hybrid_lfista_joint,9,0.42138282730681037,0.3439619465662508,0.7127422704710557,0.09022556390968692,38
7,0.3,ml_only_torch,10,0.36182447000259177,0.29964298381952315,0.4779476979883331,,38
7,0.3,hybrid_lfista_frozen,10,0.2888106951083334,0.23676201449404083,0.381501026949475,0.09090909090900273,38
7,0.3,hybrid_lfista_joint,10,0.2886512586634379,0.23651601508014913,0.38129042128808155,0.09022556390968692,38
7,0.3,ml_only_torch,11,0.3986719208202163,0.3096276140703137,0.6170678959325788,,38
7,0.3,hybrid_lfista_frozen,11,0.3458163351961535,0.26636056809651415,0.5352575568893311,0.09022556390968692,38
7,0.3,hybrid_lfista_joint,11,0.34565751661109595,0.26614647850157636,0.535011736090327,0.09022556390968692,38
7,0.3,ml_only_torch,12,0.5675680638275277,0.4405961752725655,0.7805490086045717,,38
7,0.3,hybrid_lfista_frozen,12,0.5176123912364708,0.4023499289117504,0.7118473793195012,0.09022556390968692,38
7,0.3,hybrid_lfista_joint,12,0.5174536508350884,0.40234061909912006,0.7116290712947526,0.08955223880588327,38
7,0.3,ml_only_torch,13,0.3430437747481879,0.2707983470002895,0.49924755402324805,,38
7,0.3,hybrid_lfista_frozen,13,0.29155759272452997,0.23969232184410055,0.4243173196525027,0.09090909090900273,38
7,0.3,hybrid_lfista_joint,13,0.2913226004896641,0.2394756985998884,0.42397532452795217,0.09022556390968692,38
7,0.3,ml_only_torch,14,0.4696918222549977,0.39048980089286695,0.6527932375283078,,38
7,0.3,hybrid_lfista_frozen,14,0.418623311814898,0.34738866735596674,0.5818165317685852,0.08955223880588327,38
7,0.3,hybrid_lfista_joint,14,0.41843878019463915,0.34728102705730124,0.5815600636162618,0.09090909090900273,38
7,0.3,ml_only_torch,15,0.48327593649981065,0.384468373735842,0.7203924115633185,,38
7,0.3,hybrid_lfista_frozen,15,0.42296154000515684,0.3370936503198387,0.6304851137626821,0.08955223880588327,38
7,0.3,hybrid_lfista_joint,15,0.42266585833199755,0.3367643761886207,0.6300443576283605,0.08955223880588327,38
7,0.3,ml_only_torch,16,0.3954954649144611,0.2999357563616625,0.5502869205728627,,38
7,0.3,hybrid_lfista_frozen,16,0.3369827453927291,0.2551607931440947,0.46887313180306844,0.08955223880588327,38
7,0.3,hybrid_lfista_joint,16,0.33678042269070635,0.25503317565606154,0.4685916227933957,0.07518796992472476,38
7,0.3,ml_only_torch,17,0.39100254732435513,0.3169477208863368,0.6395326301409321,,38
7,0.3,hybrid_lfista_frozen,17,0.317267888983528,0.25172684470563855,0.5189305514487585,0.08955223880588327,38
7,0.3,hybrid_lfista_joint,17,0.3170081149088377,0.2514040670150398,0.5185056590833099,0.08955223880588327,38
7,0.3,ml_only_torch,18,0.5709332461307536,0.45471090498878197,0.6568737091729485,,38
7,0.3,hybrid_lfista_frozen,18,0.4973093926704125,0.3957292833019993,0.5721675302389856,0.07575757575748783,38
7,0.3,hybrid_lfista_joint,18,0.4971682366749286,0.3954289077537497,0.5720051265552732,0.07518796992472476,38
7,0.3,ml_only_torch,19,0.3797877033841504,0.29446174534004677,0.5483483000015937,,38
7,0.3,hybrid_lfista_frozen,19,0.3195941590589534,0.256647617348519,0.4614391467886837,0.08955223880588327,38
7,0.3,hybrid_lfista_joint,19,0.3193720628766334,0.2565004536539147,0.46111847799681177,0.08955223880588327,38
7,0.3,ml_only_torch,20,0.6141922979711967,0.49652790537887925,0.7678196823745657,,38
7,0.3,hybrid_lfista_frozen,20,0.5348748404343174,0.42206015526311064,0.6686626182858512,0.08955223880588327,38
7,0.3,hybrid_lfista_joint,20,0.534763484081071,0.4217900382179633,0.6685234084649816,0.08955223880588327,38
7,0.3,ml_only_torch,21,0.4392039213198288,0.3386318962496637,0.7196140220324562,,38
7,0.3,hybrid_lfista_frozen,21,0.3762787725565342,0.29717464261981225,0.6165142608726035,0.08955223880588327,38
7,0.3,hybrid_lfista_joint,21,0.3761678181142002,0.29712565211082903,0.6163324674763367,0.09022556390968692,38
7,0.3,ml_only_torch,22,0.4281913378471212,0.32898181435235524,0.6488197932336659,,38
7,0.3,hybrid_lfista_frozen,22,0.3546741230563584,0.26700010129000895,0.5374223410117621,0.08955223880588327,38
7,0.3,hybrid_lfista_joint,22,0.35453852340619524,0.2671555859265875,0.5372168727334364,0.08955223880588327,38
7,0.3,ml_only_torch,23,0.38782663503763226,0.32508047181162286,0.6316006072780124,,38
7,0.3,hybrid_lfista_frozen,23,0.3278021412211956,0.27487035948611993,0.5338468603174974,0.09090909090900273,38
7,0.3,hybrid_lfista_joint,23,0.3275277839515898,0.274510124030674,0.5334000518664035,0.09022556390968692,38
7,0.3,ml_only_torch,24,0.4376113925295764,0.34220429161932475,0.6834003480108879,,38
7,0.3,hybrid_lfista_frozen,24,0.38049967426662384,0.3076876874006554,0.5942112436989756,0.09022556390968692,38
7,0.3,hybrid_lfista_joint,24,0.3803612318728286,0.307616914713915,0.5939950437057527,0.08955223880588327,38
7,0.3,ml_only_torch,25,0.36806573644127666,0.28389455416385295,0.5076728218959353,,38
7,0.3,hybrid_lfista_frozen,25,0.31131227093457586,0.24722327308975667,0.42939280522082374,0.08955223880588327,38
7,0.3,hybrid_lfista_joint,25,0.31117996160541944,0.24707170825697988,0.429210311052403,0.08955223880588327,38
7,0.3,ml_only_torch,26,0.3978652733822862,0.3072557500202014,0.6802366200222467,,38
7,0.3,hybrid_lfista_frozen,26,0.35863125099771165,0.2749676066558717,0.6131575845741923,0.09022556390968692,38
7,0.3,hybrid_lfista_joint,26,0.3584498319498131,0.27483115825077076,0.6128474095269936,0.09022556390968692,38
7,0.3,ml_only_torch,27,0.39664410061144983,0.31215549128731224,0.5634122175883837,,38
7,0.3,hybrid_lfista_frozen,27,0.3420457486886493,0.27112217667352434,0.48585811181427624,0.09090909090900273,38
7,0.3,hybrid_lfista_joint,27,0.34179626711332906,0.2707023846964485,0.48550373627362925,0.09160305343502569,38
7,0.3,ml_only_torch,28,0.46794945411690897,0.3595846107208335,0.6237711287138421,,38
7,0.3,hybrid_lfista_frozen,28,0.357891338831962,0.2786352635321935,0.477064953097152,0.09160305343502569,38
7,0.3,hybrid_lfista_joint,28,0.3576975272210819,0.2785577240011451,0.47680660449515466,0.08955223880588327,38
7,0.3,ml_only_torch,29,0.4198281280987199,0.3276353110312471,0.5809613452576835,,38
7,0.3,hybrid_lfista_frozen,29,0.3545262299710328,0.2919960778068217,0.4905960837494778,0.08955223880588327,38
7,0.3,hybrid_lfista_joint,29,0.3543505449860605,0.29193439129229415,0.49035296953587487,0.08955223880588327,38
7,0.3,ml_only_torch,30,0.5841029657168039,0.4805661521761518,0.7326946749376715,,38
7,0.3,hybrid_lfista_frozen,30,0.4910854034175158,0.39922914892009603,0.6160140953608593,0.09022556390968692,38
7,0.3,hybrid_lfista_joint,30,0.49086971287970554,0.39888511393483944,0.6157435346587851,0.09022556390968692,38
7,0.3,ml_only_torch,31,0.3840910333352034,0.31248343452559724,0.6018053097247943,,38
7,0.3,hybrid_lfista_frozen,31,0.30900795352345634,0.2552026623064171,0.48416289639158394,0.09022556390968692,38
7,0.3,hybrid_lfista_joint,31,0.30883093481107465,0.2549763260515624,0.48388553818275803,0.08955223880588327,38
7,0.3,ml_only_torch,32,0.4529414268632323,0.344457463837716,0.6740037082063866,,38
7,0.3,hybrid_lfista_frozen,32,0.3714314648276682,0.3015654570711961,0.5527120501476487,0.09022556390968692,38
7,0.3,hybrid_lfista_joint,32,0.37119139526713835,0.3014245552416144,0.5523548124024833,0.09022556390968692,38
7,0.3,ml_only_torch,33,0.4486372833907342,0.3497366544496761,0.7215646417742171,,38
7,0.3,hybrid_lfista_frozen,33,0.377580887522002,0.29795185132870133,0.607281266921186,0.09022556390968692,38
7,0.3,hybrid_lfista_joint,33,0.3773872874490043,0.2976781751179198,0.6069698907326888,0.09022556390968692,38
7,0.3,ml_only_torch,34,0.4373283305920311,0.33126317944367223,0.6607607002365209,,38
7,0.3,hybrid_lfista_frozen,34,0.3532855096932244,0.27242973129116554,0.5337801474061759,0.09090909090900273,38
7,0.3,hybrid_lfista_joint,34,0.35301608305188126,0.2722863752228729,0.5333730698771366,0.08955223880588327,38
7,0.3,ml_only_torch,35,0.45870069146736786,0.3746621900676705,0.6002431717533024,,38
7,0.3,hybrid_lfista_frozen,35,0.3746667702994503,0.2951633776202076,0.49027868223980403,0.09090909090900273,38
7,0.3,hybrid_lfista_joint,35,0.3743567255913168,0.2953297680982715,0.48987296621962534,0.09090909090900273,38
7,0.3,ml_only_torch,36,0.379409531992818,0.29231551133181777,0.5511976521951635,,38
7,0.3,hybrid_lfista_frozen,36,0.32057235124065103,0.24805023705727297,0.46572031660468394,0.09090909090900273,38
7,0.3,hybrid_lfista_joint,36,0.32043699695720235,0.24778815141366212,0.4655236769397298,0.09022556390968692,38
7,0.3,ml_only_torch,37,0.6306036027594424,0.49438677784187185,0.7894813335759476,,38
7,0.3,hybrid_lfista_frozen,37,0.5064761341387778,0.40559221261791756,0.6340805096173955,0.08955223880588327,38
7,0.3,hybrid_lfista_joint,37,0.5058673095526074,0.4055582623812334,0.6333182944253155,0.08955223880588327,38
7,0.3,ml_only_torch,38,0.4252597681628241,0.30546181329109307,0.549260338153319,,38
7,0.3,hybrid_lfista_frozen,38,0.3508496837329342,0.25986050237913727,0.4531531791983487,0.08955223880588327,38
7,0.3,hybrid_lfista_joint,38,0.35072849775951503,0.2600068865829689,0.45299665687076707,0.08955223880588327,38
7,0.3,ml_only_torch,39,0.4393080587220781,0.3417074060377274,0.5991750016595451,,38
7,0.3,hybrid_lfista_frozen,39,0.36337128389155854,0.2853396772901662,0.49560436078067693,0.09022556390968692,38
7,0.3,hybrid_lfista_joint,39,0.36308653210232533,0.28515892079157235,0.4952159860390828,0.09090909090900273,38
7,0.3,ml_only_torch,40,0.41430666168131125,0.3240787354663791,0.5975238845499226,,38
7,0.3,hybrid_lfista_frozen,40,0.3540972883415554,0.27560277653993415,0.5106883543214442,0.09090909090900273,38
7,0.3,hybrid_lfista_joint,40,0.3540463886525549,0.27545449575428227,0.510614945461035,0.09022556390968692,38
7,0.3,ml_only_torch,41,0.3811541368134199,0.3056210868506577,0.5042899252964017,,38
7,0.3,hybrid_lfista_frozen,41,0.31054580173396357,0.2461054637063449,0.4108708368399318,0.09022556390968692,38
7,0.3,hybrid_lfista_joint,41,0.3102064173834105,0.24590475172256498,0.4104218108626249,0.08955223880588327,38
7,0.3,ml_only_torch,42,0.45138493511002564,0.34759160141574097,0.5556902803898356,,38
7,0.3,hybrid_lfista_frozen,42,0.4032721726804019,0.3085832108283647,0.4964596938875849,0.08955223880588327,38
7,0.3,hybrid_lfista_joint,42,0.4032035854085379,0.3087889761466066,0.496375257573103,0.09022556390968692,38
7,0.3,ml_only_torch,43,0.4010196315281637,0.31227510438588735,0.6220154577390009,,38
7,0.3,hybrid_lfista_frozen,43,0.3478801720884742,0.27168014830823634,0.5395916495542883,0.09090909090900273,38
7,0.3,hybrid_lfista_joint,43,0.34779711169590166,0.27140126613343163,0.5394628158413124,0.09090909090900273,38
7,0.3,ml_only_torch,44,0.37465939679918747,0.2949371986151349,0.5454869474706358,,38
7,0.3,hybrid_lfista_frozen,44,0.29747618326958014,0.24078428522894346,0.43311171838541385,0.09022556390968692,38
7,0.3,hybrid_lfista_joint,44,0.29700537482833594,0.24045649906959365,0.432426242826408,0.09022556390968692,38
7,0.3,ml_only_torch,45,0.4736107712428142,0.38346339235232596,0.6624947430933646,,38
7,0.3,hybrid_lfista_frozen,45,0.4030267353679929,0.32685109938628276,0.563760601995445,0.08955223880588327,38
7,0.3,hybrid_lfista_joint,45,0.40279868972811855,0.32644225629936674,0.5634416079041457,0.08955223880588327,38
7,0.3,ml_only_torch,46,0.3840917802694967,0.30828673089151415,0.6806127834026187,,38
7,0.3,hybrid_lfista_frozen,46,0.3308861592991702,0.2780282137837972,0.586332125389395,0.08955223880588327,38
7,0.3,hybrid_lfista_joint,46,0.33073209621500244,0.27788230848189105,0.5860591247423583,0.08955223880588327,38
7,0.3,ml_only_torch,47,0.45961959315419487,0.3689676601881783,0.6536871598228002,,38
7,0.3,hybrid_lfista_frozen,47,0.39148680217444354,0.3054633913175302,0.5567863068354201,0.08955223880588327,38
7,0.3,hybrid_lfista_joint,47,0.391393711333841,0.3053745325501176,0.5566539097659623,0.09022556390968692,38
7,0.3,ml_only_torch,48,0.5010394077673697,0.41012039467649564,0.6973426789830285,,38
7,0.3,hybrid_lfista_frozen,48,0.4266664018786171,0.33206187180153457,0.5938309184977868,0.09022556390968692,38
7,0.3,hybrid_lfista_joint,48,0.42643545536490257,0.33180892101049786,0.5935094889693331,0.09022556390968692,38
7,0.3,ml_only_torch,49,0.4797021039391659,0.3919376669383433,0.6838719278736589,,38
7,0.3,hybrid_lfista_frozen,49,0.4281218228000516,0.34796064650281955,0.6103381534473855,0.09090909090900273,38
7,0.3,hybrid_lfista_joint,49,0.42801390788477944,0.3477465801172952,0.6101843080075855,0.09022556390968692,38
7,0.3,ml_only_torch,50,0.533196397413896,0.43919593803338663,0.7522344221505192,,38
7,0.3,hybrid_lfista_frozen,50,0.4351706099630955,0.35821941020638204,0.613939467539896,0.08955223880588327,38
7,0.3,hybrid_lfista_joint,50,0.43493156792623594,0.3580984029615196,0.613602226610777,0.08955223880588327,38
7,0.3,ml_only_torch,51,0.46968567364319425,0.3910046823450217,0.6639966310001535,,38
7,0.3,hybrid_lfista_frozen,51,0.4090359608646144,0.3377706768340286,0.5782558745411929,0.09022556390968692,38
7,0.3,hybrid_lfista_joint,51,0.40897849786746526,0.33768613320424634,0.5781746388581493,0.08955223880588327,38
7,0.3,ml_only_torch,52,0.4459358333095767,0.33215353080630666,0.6904946038720561,,38
7,0.3,hybrid_lfista_frozen,52,0.35705807659769767,0.28537349224644015,0.5528747787094479,0.08955223880588327,38
7,0.3,hybrid_lfista_joint,52,0.3565689997567385,0.2853282576179528,0.5521174838379981,0.08955223880588327,38
7,0.3,ml_only_torch,53,0.5838245432531564,0.47330086676682254,0.7312842326065375,,38
7,0.3,hybrid_lfista_frozen,53,0.4994594821004038,0.40862167632462193,0.6256106364604737,0.09022556390968692,38
7,0.3,hybrid_lfista_joint,53,0.4992847881761795,0.4086085672899961,0.6253918191568956,0.09090909090900273,38
7,0.3,ml_only_torch,54,0.35998848821085383,0.2891740487913108,0.5530651811853741,,38
7,0.3,hybrid_lfista_frozen,54,0.2720346394957266,0.2074656406581137,0.4179380511003399,0.08955223880588327,38
7,0.3,hybrid_lfista_joint,54,0.271733373870645,0.20720523666246532,0.41747520427890744,0.08955223880588327,38
7,0.3,ml_only_torch,55,0.4581596090975075,0.3689507146972141,0.6739314664057193,,38
7,0.3,hybrid_lfista_frozen,55,0.3452726109651973,0.2778421868426001,0.5078799448861603,0.09022556390968692,38
7,0.3,hybrid_lfista_joint,55,0.34450742463671363,0.27737394520968406,0.5067543914017656,0.08955223880588327,38
7,0.3,ml_only_torch,56,0.6015691190234287,0.497039370194837,0.8534016223150716,,38
7,0.3,hybrid_lfista_frozen,56,0.514362921030493,0.42026611259212354,0.729688638237838,0.08955223880588327,38
7,0.3,hybrid_lfista_joint,56,0.514140563148996,0.4199168341380909,0.7293731955550221,0.09022556390968692,38
7,0.3,ml_only_torch,57,0.5348933080871062,0.4553840618234445,0.6078801108327849,,38
7,0.3,hybrid_lfista_frozen,57,0.46147985785118034,0.3707677919853251,0.5244493114727666,0.08955223880588327,38
7,0.3,hybrid_lfista_joint,57,0.46108039927751016,0.36994260155530745,0.5239953463205307,0.09022556390968692,38
7,0.3,ml_only_torch,58,0.54558440889945,0.4437275764601686,0.7011865167945275,,38
7,0.3,hybrid_lfista_frozen,58,0.4753902276642451,0.3743251498286499,0.6109727705131008,0.09090909090900273,38
7,0.3,hybrid_lfista_joint,58,0.47520666703854253,0.3741040344517332,0.6107368579143213,0.09022556390968692,38
7,0.3,ml_only_torch,59,0.405434104505325,0.3183698818018061,0.631086990288399,,38
7,0.3,hybrid_lfista_frozen,59,0.35552233698470365,0.2796260632093879,0.553395777845886,0.09022556390968692,38
7,0.3,hybrid_lfista_joint,59,0.3553330590304799,0.2794675421391264,0.5531011532616893,0.09022556390968692,38
7,0.3,ml_only_torch,60,0.44577956498520577,0.3359185694791379,0.5940955035834324,,38
7,0.3,hybrid_lfista_frozen,60,0.3717464837970654,0.27898030631504794,0.4954307730640758,0.09022556390968692,38
7,0.3,hybrid_lfista_joint,60,0.3716664532833206,0.2789729934246729,0.49532411548687866,0.09022556390968692,38
7,0.3,ml_only_torch,61,0.4313861564905728,0.33300379309632,0.6149446726054985,,38
7,0.3,hybrid_lfista_frozen,61,0.350926453090727,0.2819695152433585,0.5002486740883673,0.09022556390968692,38
7,0.3,hybrid_lfista_joint,61,0.35075393824205137,0.2818496865360072,0.5000027526893092,0.09022556390968692,38
7,0.3,ml_only_torch,62,0.4464316571719173,0.35898337228723615,0.6263561103180529,,38
7,0.3,hybrid_lfista_frozen,62,0.3907018840098049,0.30744867554751876,0.5481656787347348,0.09160305343502569,38
7,0.3,hybrid_lfista_joint,62,0.3906010452309577,0.3071771725343093,0.5480241991056062,0.09160305343502569,38
7,0.3,ml_only_torch,63,0.49355436438230216,0.39629550867083846,0.7277686151584826,,38
7,0.3,hybrid_lfista_frozen,63,0.42371430394359266,0.33266216516634906,0.624786233204113,0.08955223880588327,38
7,0.3,hybrid_lfista_joint,63,0.4234469993491961,0.3324195507462182,0.6243920802829186,0.08955223880588327,38
7,0.3,ml_only_torch,64,0.41427273908047824,0.30848452563955686,0.6018795855794813,,38
7,0.3,hybrid_lfista_frozen,64,0.3612080662484276,0.2753617163376596,0.5247841354565589,0.08955223880588327,38
7,0.3,hybrid_lfista_joint,64,0.3611572375679278,0.27527606781005787,0.5247102885864446,0.09022556390968692,38
7,0.3,ml_only_torch,65,0.47200946177826325,0.35812010002279665,0.6455115057953337,,38
7,0.3,hybrid_lfista_frozen,65,0.3982237124973579,0.3240844951869971,0.544603464788882,0.09022556390968692,38
7,0.3,hybrid_lfista_joint,65,0.39802038461418654,0.3242510350173856,0.5443253972951889,0.09022556390968692,38
7,0.3,ml_only_torch,66,0.5295507346922613,0.4388782359349519,0.7725515286975374,,38
7,0.3,hybrid_lfista_frozen,66,0.4337148524471326,0.36049911225789727,0.6327383767517143,0.08955223880588327,38
7,0.3,hybrid_lfista_joint,66,0.4333305650664057,0.36000914216942964,0.6321777471765099,0.08955223880588327,38
7,0.3,ml_only_torch,67,0.5573846452005965,0.4513329952783617,0.8563545890863353,,38
7,0.3,hybrid_lfista_frozen,67,0.4876641051016358,0.39918311733344236,0.7492373497051975,0.08955223880588327,38
7,0.3,hybrid_lfista_joint,67,0.48749548905227563,0.39903139947272503,0.7489782913889942,0.08955223880588327,38
7,0.3,ml_only_torch,68,0.48679441460286577,0.34627395782831094,0.6040071806066037,,38
7,0.3,hybrid_lfista_frozen,68,0.4071888932694867,0.30663338067095625,0.5052338482533157,0.09022556390968692,38
7,0.3,hybrid_lfista_joint,68,0.4069658563556118,0.3065750568566554,0.5049571074085575,0.09022556390968692,38
7,0.3,ml_only_torch,69,0.26320820775410914,0.2040273353515597,0.5054897805468848,,38
7,0.3,hybrid_lfista_frozen,69,0.21624789947717538,0.1712129954240615,0.41530279083303273,0.09090909090900273,38
7,0.3,hybrid_lfista_joint,69,0.21610584120994522,0.171151762769218,0.4150299687848915,0.09090909090900273,38
7,0.3,ml_only_torch,70,0.4767162962515136,0.40039285272370434,0.5800313784638057,,38
7,0.3,hybrid_lfista_frozen,70,0.39356666954641284,0.3269902193146167,0.4788613681752025,0.08955223880588327,38
7,0.3,hybrid_lfista_joint,70,0.39328332557483675,0.32643054440399777,0.4785166172285598,0.08955223880588327,38
7,0.3,ml_only_torch,71,0.4707169943057114,0.3790371344465409,0.7458763210300533,,38
7,0.3,hybrid_lfista_frozen,71,0.37571537429101953,0.3012250173660766,0.5953411593816657,0.09022556390968692,38
7,0.3,hybrid_lfista_joint,71,0.3754645611170919,0.30117217484989095,0.5949437324569996,0.09090909090900273,38
7,0.3,ml_only_torch,72,0.4154300861385615,0.29950548429991725,0.6331128828797957,,38
7,0.3,hybrid_lfista_frozen,72,0.3548692928112446,0.2740962527273825,0.540818608265904,0.08955223880588327,38
7,0.3,hybrid_lfista_joint,72,0.3547225930156906,0.27390705915930647,0.5405950386844508,0.08955223880588327,38
7,0.3,ml_only_torch,73,0.3852753897563963,0.317955535857365,0.530823975839107,,38
7,0.3,hybrid_lfista_frozen,73,0.3215965793993526,0.26415284172027353,0.44308870857533733,0.08955223880588327,38
7,0.3,hybrid_lfista_joint,73,0.32110282125059747,0.26380278331279255,0.4424084194351697,0.09022556390968692,38
7,0.3,ml_only_torch,74,0.37646908417224145,0.27916938396048224,0.6056791469999893,,38
7,0.3,hybrid_lfista_frozen,74,0.30191138647208127,0.2320188087617524,0.4857276167312901,0.08955223880588327,38
7,0.3,hybrid_lfista_joint,74,0.3017362954196606,0.23196572302575336,0.4854459229515456,0.08955223880588327,38
7,0.3,ml_only_torch,75,0.4056617326333491,0.32603326462059384,0.5658906890862359,,38
7,0.3,hybrid_lfista_frozen,75,0.3469413490132501,0.2744668765104876,0.48397682914564394,0.08955223880588327,38
7,0.3,hybrid_lfista_joint,75,0.3467203248011314,0.2743193232332857,0.4836685044168394,0.08955223880588327,38
7,0.3,ml_only_torch,76,0.49633084246443054,0.4043754247414174,0.7140790391926035,,38
7,0.3,hybrid_lfista_frozen,76,0.43930284986895357,0.35928192535627673,0.6320319635817836,0.09160305343502569,38
7,0.3,hybrid_lfista_joint,76,0.43918284990452316,0.3594924654052876,0.6318593177335461,0.09022556390968692,38
7,0.3,ml_only_torch,77,0.34143787847022317,0.26460985609403964,0.4631784999214667,,38
7,0.3,hybrid_lfista_frozen,77,0.28838200437114075,0.2287552228942807,0.3912054069320832,0.08955223880588327,38
7,0.3,hybrid_lfista_joint,77,0.28822707237964607,0.2287159860122777,0.3909952335098142,0.08955223880588327,38
7,0.3,ml_only_torch,78,0.375534676300852,0.284825981306655,0.5705102819397982,,38
7,0.3,hybrid_lfista_frozen,78,0.27979576482820717,0.2233027474999456,0.4250642370767927,0.09022556390968692,38
7,0.3,hybrid_lfista_joint,78,0.27967060627344376,0.22323199259564563,0.4248740968663902,0.08955223880588327,38
7,0.3,ml_only_torch,79,0.32882237147030297,0.2479412093551156,0.4917183007224039,,38
7,0.3,hybrid_lfista_frozen,79,0.28978381582698814,0.2268547211179213,0.43334036202633985,0.09160305343502569,38
7,0.3,hybrid_lfista_joint,79,0.2896638498534711,0.2268830080911686,0.43316096588495634,0.08955223880588327,38
7,0.3,ml_only_torch,80,0.40352762073389775,0.33275984549369964,0.5682908787116835,,38
7,0.3,hybrid_lfista_frozen,80,0.37444400767710745,0.3106310242730673,0.5273322152375588,0.08955223880588327,38
7,0.3,hybrid_lfista_joint,80,0.37437846935401686,0.3106016207022607,0.5272399171412085,0.08955223880588327,38
7,0.3,ml_only_torch,81,0.38944692987608537,0.3118492381928757,0.5361934254963494,,38
7,0.3,hybrid_lfista_frozen,81,0.3165786393638678,0.25226237422673237,0.4358678219224789,0.09090909090900273,38
7,0.3,hybrid_lfista_joint,81,0.31639606737642184,0.2519863386222836,0.43561645545419153,0.09022556390968692,38
7,0.3,ml_only_torch,82,0.4452707093937717,0.3475405291554311,0.6324378581988269,,38
7,0.3,hybrid_lfista_frozen,82,0.3782752964236824,0.30729664966373493,0.5372812835711452,0.08955223880588327,38
7,0.3,hybrid_lfista_joint,82,0.37814747828572787,0.3070990166687665,0.5370997377660842,0.09022556390968692,38
7,0.3,ml_only_torch,83,0.3816054027558726,0.29820136785344636,0.6108604077488079,,38
7,0.3,hybrid_lfista_frozen,83,0.3388509790562029,0.27084297567696647,0.5424206411584129,0.08955223880588327,38
7,0.3,hybrid_lfista_joint,83,0.338798790393956,0.2707881632980179,0.5423370993970287,0.08955223880588327,38
7,0.3,ml_only_torch,84,0.48272085271024723,0.40305888507056215,0.622264699314366,,38
7,0.3,hybrid_lfista_frozen,84,0.4217375346969681,0.3528512305199716,0.5436524623793613,0.08955223880588327,38
7,0.3,hybrid_lfista_joint,84,0.4214126829522449,0.35254936406252324,0.5432337032308451,0.08955223880588327,38
7,0.3,ml_only_torch,85,0.459150823837769,0.3621534591471224,0.6972095566089801,,38
7,0.3,hybrid_lfista_frozen,85,0.40315701074068067,0.3204213619169591,0.6121842891468426,0.08955223880588327,38
7,0.3,hybrid_lfista_joint,85,0.4030196691321848,0.3201907535399355,0.6119757391955152,0.08955223880588327,38
7,0.3,ml_only_torch,86,0.44392029261934257,0.34234361515405,0.6255322579447926,,38
7,0.3,hybrid_lfista_frozen,86,0.36190891321488733,0.2849754129565227,0.509969252177841,0.09022556390968692,38
7,0.3,hybrid_lfista_joint,86,0.3617245119388897,0.2846756630896962,0.5097094106061433,0.09090909090900273,38
7,0.3,ml_only_torch,87,0.4676156754818558,0.38553501842668647,0.6629768192970926,,38
7,0.3,hybrid_lfista_frozen,87,0.3816283309590594,0.3156233523386747,0.5410655593446045,0.08955223880588327,38
7,0.3,hybrid_lfista_joint,87,0.3815903479306576,0.31560525653732313,0.5410117077124257,0.09022556390968692,38
7,0.3,ml_only_torch,88,0.4545794874560302,0.36349453730367903,0.6107937664711056,,38
7,0.3,hybrid_lfista_frozen,88,0.3937905248488147,0.31344392979317703,0.5291149392135872,0.08955223880588327,38
7,0.3,hybrid_lfista_joint,88,0.39368021423759225,0.3134367554515869,0.5289667208368906,0.08955223880588327,38
7,0.3,ml_only_torch,89,0.4375559395669079,0.3415744040344061,0.6105184818256262,,38
7,0.3,hybrid_lfista_frozen,89,0.386127123961933,0.3085853833386544,0.5387602457099943,0.08955223880588327,38
7,0.3,hybrid_lfista_joint,89,0.3859328083445394,0.308393328947718,0.5384891186037238,0.09022556390968692,38
7,0.3,ml_only_torch,90,0.5274881168567488,0.4195147400408672,0.7095586522468564,,38
7,0.3,hybrid_lfista_frozen,90,0.44371026744198433,0.3490256960247655,0.5968636056302442,0.09022556390968692,38
7,0.3,hybrid_lfista_joint,90,0.44325679850995187,0.34871279175044156,0.5962536150087185,0.08955223880588327,38
7,0.3,ml_only_torch,91,0.5355452001879337,0.44475420647648223,0.7045620689428206,,38
7,0.3,hybrid_lfista_frozen,91,0.4590296517542725,0.3765864937773127,0.603898384361581,0.09090909090900273,38
7,0.3,hybrid_lfista_joint,91,0.4587830588129216,0.3762723032948456,0.603573967238836,0.09022556390968692,38
7,0.3,ml_only_torch,92,0.34655254009065095,0.25883760796824173,0.5273108090359604,,38
7,0.3,hybrid_lfista_frozen,92,0.29836805233784525,0.2279469231966254,0.45399378411019,0.08955223880588327,38
7,0.3,hybrid_lfista_joint,92,0.2982190043377419,0.22801854869835775,0.45376699419400846,0.08955223880588327,38
7,0.3,ml_only_torch,93,0.503896688272137,0.399771332033239,0.7326487150105458,,38
7,0.3,hybrid_lfista_frozen,93,0.41373460562773456,0.32459692131310547,0.6015561011285097,0.09022556390968692,38
7,0.3,hybrid_lfista_joint,93,0.41349942951009705,0.32452465341707537,0.6012141630201662,0.09022556390968692,38
7,0.3,ml_only_torch,94,0.357130608257243,0.27674199616778006,0.5791559731119551,,38
7,0.3,hybrid_lfista_frozen,94,0.29036210275984276,0.2297710163424939,0.47087799894648114,0.09022556390968692,38
7,0.3,hybrid_lfista_joint,94,0.29007783456561537,0.22954890365277625,0.47041700339234505,0.09022556390968692,38
7,0.3,ml_only_torch,95,0.5128215039894144,0.4042917045599293,0.6735949686123625,,38
7,0.3,hybrid_lfista_frozen,95,0.43488072316251336,0.34561405444378357,0.5712191567435154,0.09022556390968692,38
7,0.3,hybrid_lfista_joint,95,0.4347021867541267,0.3452122950400258,0.5709846478052828,0.09022556390968692,38
7,0.3,ml_only_torch,96,0.3739825799343945,0.29606176237714493,0.5008700750446625,,38
7,0.3,hybrid_lfista_frozen,96,0.2824692862750241,0.22537020039686523,0.3783074939993265,0.09022556390968692,38
7,0.3,hybrid_lfista_joint,96,0.2822457438867232,0.22506757166644148,0.37800810654437184,0.09090909090900273,38
7,0.3,ml_only_torch,97,0.34041388733882794,0.2739235019343198,0.5222796809439931,,38
7,0.3,hybrid_lfista_frozen,97,0.2859652922708037,0.21831329905326646,0.43874197605690823,0.08955223880588327,38
7,0.3,hybrid_lfista_joint,97,0.2859135708813078,0.21830083167079073,0.4386626225645609,0.09022556390968692,38
7,0.3,ml_only_torch,98,0.3691462015652697,0.29755999496219565,0.5159215792488798,,38
7,0.3,hybrid_lfista_frozen,98,0.3176693882736223,0.25446217584442615,0.4439771878518829,0.09022556390968692,38
7,0.3,hybrid_lfista_joint,98,0.317584357637228,0.25447876287410304,0.44385834837845184,0.08955223880588327,38
7,0.3,ml_only_torch,99,0.5184103031149006,0.4154618124104359,0.6670926091950207,,38
7,0.3,hybrid_lfista_frozen,99,0.39074852256807746,0.31967915792580887,0.5028168805535184,0.08955223880588327,38
7,0.3,hybrid_lfista_joint,99,0.39046651970833596,0.31918437316295883,0.5024539980599123,0.08955223880588327,38
7,0.5,ml_only_torch,0,0.5061590752124387,0.40595827008339147,0.7282899778506259,,64
7,0.5,hybrid_lfista_frozen,0,0.3893127767868644,0.31185285373400495,0.5601649905497997,0.08955223880588327,64
7,0.5,hybrid_lfista_joint,0,0.3883714763306326,0.31147001246032835,0.5588105948232543,0.08955223880588327,64
7,0.5,ml_only_torch,1,0.364587268324877,0.2856309839893927,0.5328278422457211,,64
7,0.5,hybrid_lfista_frozen,1,0.2812250297374782,0.23087803166712734,0.4109976919078413,0.09090909090900273,64
7,0.5,hybrid_lfista_joint,1,0.2803927110453037,0.22991745929179347,0.4097812956939808,0.08955223880588327,64
7,0.5,ml_only_torch,2,0.5736411581908776,0.47865362988665894,0.7863527802701689,,64
7,0.5,hybrid_lfista_frozen,2,0.38599922508462375,0.31729332080592915,0.5291314256192636,0.09230769230760283,64
7,0.5,hybrid_lfista_joint,2,0.384783195474924,0.31616910549362703,0.5274644806122248,0.09160305343502569,64
7,0.5,ml_only_torch,3,0.4806430443478946,0.4040267495261206,0.6544935847870474,,64
7,0.5,hybrid_lfista_frozen,3,0.33416039668117903,0.2746914477070377,0.4550275687739382,0.09022556390968692,64
7,0.5,hybrid_lfista_joint,3,0.3329985419891437,0.27384916839629203,0.45344546652293494,0.08955223880588327,64
7,0.5,ml_only_torch,4,0.44148339908455925,0.34214073668333955,0.6343945756769278,,64
7,0.5,hybrid_lfista_frozen,4,0.33534017038737374,0.26890597018906437,0.481870859790993,0.08955223880588327,64
7,0.5,hybrid_lfista_joint,4,0.33465475237389225,0.2689861878836952,0.48088594060552514,0.08955223880588327,64
7,0.5,ml_only_torch,5,0.4360383332824491,0.33691619330919753,0.6026504180132328,,64
7,0.5,hybrid_lfista_frozen,5,0.3185889222855343,0.24888434813113539,0.44032309211078874,0.08955223880588327,64
7,0.5,hybrid_lfista_joint,5,0.3177502710833527,0.2482082776722134,0.4391639887499504,0.09022556390968692,64
7,0.5,ml_only_torch,6,0.5267626277038566,0.4360110401322859,0.7004207393378931,,64
7,0.5,hybrid_lfista_frozen,6,0.3741677593868919,0.2925190429855169,0.4975198407839725,0.08955223880588327,64
7,0.5,hybrid_lfista_joint,6,0.3735530391207133,0.2920925895581178,0.49670246536537155,0.09090909090900273,64
7,0.5,ml_only_torch,7,0.32082739445009406,0.24809143595515862,0.5018745435774982,,64
7,0.5,hybrid_lfista_frozen,7,0.2586739530712704,0.20432711421035654,0.40464709179697333,0.07633587786250684,64
7,0.5,hybrid_lfista_joint,7,0.25796323711326985,0.2037260314650031,0.403535309408047,0.09022556390968692,64
7,0.5,ml_only_torch,8,0.5044183531457694,0.42173596298036853,0.6109806232791539,,64
7,0.5,hybrid_lfista_frozen,8,0.363359730915885,0.30262826895434825,0.4401222784321979,0.08955223880588327,64
7,0.5,hybrid_lfista_joint,8,0.3621655712695599,0.30110181642615186,0.4386758433442271,0.08955223880588327,64
7,0.5,ml_only_torch,9,0.43320581109561057,0.3571831907218015,0.7327400961139037,,64
7,0.5,hybrid_lfista_frozen,9,0.3722778443588214,0.30857626714492586,0.6296843127904282,0.09090909090900273,64
7,0.5,hybrid_lfista_joint,9,0.371602510731482,0.3080956854587924,0.6285420288821075,0.09022556390968692,64
7,0.5,ml_only_torch,10,0.3681085385301984,0.2985259419666083,0.48624856300928926,,64
7,0.5,hybrid_lfista_frozen,10,0.2691057801985029,0.21844158308013528,0.3554720557189167,0.09090909090900273,64
7,0.5,hybrid_lfista_joint,10,0.26825622388754256,0.21766896320752815,0.3543498444899967,0.09022556390968692,64
7,0.5,ml_only_torch,11,0.3939750045832347,0.3045474949868636,0.6097979677827282,,64
7,0.5,hybrid_lfista_frozen,11,0.3063862019808219,0.23633286048743501,0.47422725084352807,0.08955223880588327,64
7,0.5,hybrid_lfista_joint,11,0.3055769674954433,0.2355574652351588,0.472974710608988,0.08955223880588327,64
7,0.5,ml_only_torch,12,0.5382164455541623,0.4187620149345228,0.740183142368699,,64
7,0.5,hybrid_lfista_frozen,12,0.4316788936009126,0.33908271183869265,0.5936671809252851,0.08955223880588327,64
7,0.5,hybrid_lfista_joint,12,0.43037493256060605,0.3382069150184083,0.5918739061409245,0.08955223880588327,64
7,0.5,ml_only_torch,13,0.3537564946207174,0.2757648592894813,0.5148382733045483,,64
7,0.5,hybrid_lfista_frozen,13,0.2417031322747698,0.18714749293572003,0.3517618055494938,0.08955223880588327,64
7,0.5,hybrid_lfista_joint,13,0.24044092029347255,0.1862503293086329,0.34992484977093735,0.07518796992472476,64
7,0.5,ml_only_torch,14,0.4892366835410728,0.40807800083268925,0.6799573325187711,,64
7,0.5,hybrid_lfista_frozen,14,0.3667727853912141,0.30544379113586195,0.5097529543165433,0.08955223880588327,64
7,0.5,hybrid_lfista_joint,14,0.36607917489339864,0.3045689730660016,0.5087889514938441,0.08955223880588327,64
7,0.5,ml_only_torch,15,0.495125079730068,0.39319330157073545,0.738055266718962,,64
7,0.5,hybrid_lfista_frozen,15,0.371416262137869,0.2914908501204371,0.553649450691071,0.08955223880588327,64
7,0.5,hybrid_lfista_joint,15,0.37030822567395844,0.29083313341524264,0.5519977627007318,0.08955223880588327,64
7,0.5,ml_only_torch,16,0.3804791287524526,0.2841754601203139,0.5293933980980455,,64
7,0.5,hybrid_lfista_frozen,16,0.28246855664817927,0.21741151399941985,0.3930228434609397,0.08955223880588327,64
7,0.5,hybrid_lfista_joint,16,0.2817243075435509,0.21686259751618012,0.391987305548985,0.08955223880588327,64
7,0.5,ml_only_torch,17,0.42967390787780296,0.34737325212332193,0.7027843841131606,,64
7,0.5,hybrid_lfista_frozen,17,0.30400100868343083,0.25506904908901373,0.4972309412796011,0.09022556390968692,64
7,0.5,hybrid_lfista_joint,17,0.3028582485489546,0.2542661060204976,0.4953618168981285,0.09022556390968692,64
7,0.5,ml_only_torch,18,0.5596897671625031,0.45543442914668497,0.6439377910355218,,64
7,0.5,hybrid_lfista_frozen,18,0.42340721185595775,0.32626702677472486,0.48714112836705253,0.08955223880588327,64
7,0.5,hybrid_lfista_joint,18,0.42232332708370374,0.3247126857237699,0.48589409044188053,0.08955223880588327,64
7,0.5,ml_only_torch,19,0.3911747170731707,0.30146638880211585,0.5647891945930477,,64
7,0.5,hybrid_lfista_frozen,19,0.29995582172407503,0.24327149681996196,0.43308475617391956,0.07575757575748783,64
7,0.5,hybrid_lfista_joint,19,0.2988321380743807,0.2425188284069194,0.4314623497253721,0.09090909090900273,64
7,0.5,ml_only_torch,20,0.652002579548248,0.5403336679943781,0.8150874167419313,,64
7,0.5,hybrid_lfista_frozen,20,0.4856885744230672,0.3891011669937716,0.6071734344085892,0.09022556390968692,64
7,0.5,hybrid_lfista_joint,20,0.4846095461917871,0.3879899278862131,0.605824509785875,0.09090909090900273,64
7,0.5,ml_only_torch,21,0.38446223055832685,0.29403185877718796,0.6299224542901557,,64
7,0.5,hybrid_lfista_frozen,21,0.2824801766231719,0.21730853009286066,0.4628298750916956,0.08955223880588327,64
7,0.5,hybrid_lfista_joint,21,0.28161111277490825,0.21667561119701514,0.4614059567228144,0.08955223880588327,64
7,0.5,ml_only_torch,22,0.4332186623263115,0.33413958301762037,0.6564374803300624,,64
7,0.5,hybrid_lfista_frozen,22,0.3100078970728556,0.2528406969943161,0.46974154286004566,0.08955223880588327,64
7,0.5,hybrid_lfista_joint,22,0.3089621678034613,0.25222556585286526,0.46815699457899407,0.08955223880588327,64
7,0.5,ml_only_torch,23,0.38228429465324626,0.3231543819196401,0.6225745496629135,,64
7,0.5,hybrid_lfista_frozen,23,0.27472479790924226,0.22742979775059957,0.44740699456335614,0.09022556390968692,64
7,0.5,hybrid_lfista_joint,23,0.2739867965330327,0.2264453006150945,0.44620511187847883,0.09090909090900273,64
7,0.5,ml_only_torch,24,0.4658365788050406,0.3790700698196353,0.7274785014881665,,64
7,0.5,hybrid_lfista_frozen,24,0.35237507251600564,0.2888164651711832,0.5502901690831198,0.09022556390968692,64
7,0.5,hybrid_lfista_joint,24,0.35141815449682584,0.2881538748523581,0.5487957881815047,0.08955223880588327,64
7,0.5,ml_only_torch,25,0.32506683352235727,0.25491248678496814,0.4483644641163192,,64
7,0.5,hybrid_lfista_frozen,25,0.21659138999281272,0.1726363899456489,0.29874435805723953,0.09160305343502569,64
7,0.5,hybrid_lfista_joint,25,0.21545064486934173,0.17225691865160822,0.2971709290782317,0.08955223880588327,64
7,0.5,ml_only_torch,26,0.3963843367204536,0.30942336338242027,0.6777046389303855,,64
7,0.5,hybrid_lfista_frozen,26,0.2875964468069154,0.22195784744475383,0.49170824395717166,0.09022556390968692,64
7,0.5,hybrid_lfista_joint,26,0.2862888450292392,0.2210541577478432,0.48947261628848865,0.09090909090900273,64
7,0.5,ml_only_torch,27,0.40052910688753246,0.3163689511270137,0.5689306659857711,,64
7,0.5,hybrid_lfista_frozen,27,0.3025330844618644,0.23431730628180925,0.42973243708340286,0.08955223880588327,64
7,0.5,hybrid_lfista_joint,27,0.30171659439581505,0.23371454856351162,0.42857265561169405,0.09022556390968692,64
7,0.5,ml_only_torch,28,0.4824680062906472,0.3807425927403358,0.6431241883168158,,64
7,0.5,hybrid_lfista_frozen,28,0.3146451698163061,0.24332455386310675,0.41941831749982555,0.08955223880588327,64
7,0.5,hybrid_lfista_joint,28,0.31323169611176727,0.242380747345936,0.41753417364554674,0.08955223880588327,64
7,0.5,ml_only_torch,29,0.42422864897132767,0.34574456975287465,0.5870508193897825,,64
7,0.5,hybrid_lfista_frozen,29,0.3196103223441331,0.26513445013087367,0.4422791861712221,0.09160305343502569,64
7,0.5,hybrid_lfista_joint,29,0.318937873358379,0.2647704780637392,0.44134864616869746,0.09022556390968692,64
7,0.5,ml_only_torch,30,0.5751298126849971,0.4738494976219507,0.7214388145334404,,64
7,0.5,hybrid_lfista_frozen,30,0.4373866699888251,0.35396249231613075,0.5486547797206522,0.08955223880588327,64
7,0.5,hybrid_lfista_joint,30,0.4366865414260036,0.3533056920006482,0.5477765433481977,0.08955223880588327,64
7,0.5,ml_only_torch,31,0.35794717291292183,0.28705745643633046,0.5608423278967286,,64
7,0.5,hybrid_lfista_frozen,31,0.23358759441736338,0.18417735071134778,0.36599202378028245,0.08955223880588327,64
7,0.5,hybrid_lfista_joint,31,0.23266854459552644,0.1835500168891533,0.3645520290533022,0.08955223880588327,64
7,0.5,ml_only_torch,32,0.43643828143129126,0.3245367336588607,0.64944604896283,,64
7,0.5,hybrid_lfista_frozen,32,0.2998522077991734,0.23561329326441868,0.446197870153176,0.09022556390968692,64
7,0.5,hybrid_lfista_joint,32,0.29823887023173257,0.23484190179907588,0.44379712816193373,0.09022556390968692,64
7,0.5,ml_only_torch,33,0.3965116654274434,0.29545727048693604,0.6377285357585162,,64
7,0.5,hybrid_lfista_frozen,33,0.28605806052911764,0.22157479695394244,0.46008075925457753,0.09022556390968692,64
7,0.5,hybrid_lfista_joint,33,0.2851228812592975,0.22058827608358655,0.45857666603761965,0.09090909090900273,64
7,0.5,ml_only_torch,34,0.4154177880971466,0.31576017628006803,0.6276559951700028,,64
7,0.5,hybrid_lfista_frozen,34,0.2934970343470006,0.23605515766700647,0.44344555878630776,0.09022556390968692,64
7,0.5,hybrid_lfista_joint,34,0.29264050697906846,0.2357676465720675,0.442151428989959,0.08955223880588327,64
7,0.5,ml_only_torch,35,0.4558848081177351,0.3605055326557471,0.5965583838632647,,64
7,0.5,hybrid_lfista_frozen,35,0.32106180893888914,0.2584230080865687,0.4201326967915448,0.08955223880588327,64
7,0.5,hybrid_lfista_joint,35,0.31999954312250006,0.25770982217003036,0.418742644814874,0.08955223880588327,64
7,0.5,ml_only_torch,36,0.3675526470306241,0.28555101277392925,0.5339722358510293,,64
7,0.5,hybrid_lfista_frozen,36,0.2565115338758853,0.20015488524240563,0.37265419898845487,0.09022556390968692,64
7,0.5,hybrid_lfista_joint,36,0.2553016950716571,0.19904870536526034,0.3708965723286223,0.08955223880588327,64
7,0.5,ml_only_torch,37,0.5505894098623334,0.41755825704203353,0.6893079260074055,,64
7,0.5,hybrid_lfista_frozen,37,0.42096678047167074,0.3271104386716496,0.5270274603310954,0.08955223880588327,64
7,0.5,hybrid_lfista_joint,37,0.41988021973444895,0.32658718208683246,0.5256671455214759,0.08955223880588327,64
7,0.5,ml_only_torch,38,0.4048912186782303,0.2875671329711146,0.5229525676676869,,64
7,0.5,hybrid_lfista_frozen,38,0.30038355214987245,0.2373901444306905,0.38797173817383757,0.08955223880588327,64
7,0.5,hybrid_lfista_joint,38,0.2994979826927694,0.23668192521378684,0.38682794744665916,0.08955223880588327,64
7,0.5,ml_only_torch,39,0.389190094382779,0.30081819459794024,0.5308187974653255,,64
7,0.5,hybrid_lfista_frozen,39,0.26259466413926724,0.2128061823926709,0.3581545004640402,0.09160305343502569,64
7,0.5,hybrid_lfista_joint,39,0.2609694748348945,0.2113487045941233,0.3559378946340054,0.09090909090900273,64
7,0.5,ml_only_torch,40,0.4007220560278775,0.307978990206145,0.5779318115980222,,64
7,0.5,hybrid_lfista_frozen,40,0.3020129011878328,0.23924480624836508,0.43557089130456067,0.09022556390968692,64
7,0.5,hybrid_lfista_joint,40,0.30148297427064835,0.23861389189832483,0.43480661686881145,0.09022556390968692,64
7,0.5,ml_only_torch,41,0.418932430343855,0.3388488453761622,0.5542728875215095,,64
7,0.5,hybrid_lfista_frozen,41,0.277483945166645,0.21854500941800103,0.3671280053495445,0.08955223880588327,64
7,0.5,hybrid_lfista_joint,41,0.2761305993545583,0.217814809794471,0.36533744716701194,0.09022556390968692,64
7,0.5,ml_only_torch,42,0.4773834800951325,0.3654543732753642,0.5876965296657009,,64
7,0.5,hybrid_lfista_frozen,42,0.3606175857551817,0.2792856743392549,0.4439485497958783,0.09090909090900273,64
7,0.5,hybrid_lfista_joint,42,0.35936873853966406,0.2779869242751961,0.4424111208624427,0.09090909090900273,64
7,0.5,ml_only_torch,43,0.42005762055441564,0.3331981027631111,0.6515449932718831,,64
7,0.5,hybrid_lfista_frozen,43,0.3290511294066752,0.2643633628228711,0.510386207521748,0.09090909090900273,64
7,0.5,hybrid_lfista_joint,43,0.3284366972328756,0.2639877146773072,0.5094331711120862,0.08955223880588327,64
7,0.5,ml_only_torch,44,0.39137802289521023,0.31352903106981717,0.5698285024748212,,64
7,0.5,hybrid_lfista_frozen,44,0.26546442252626723,0.21345511156171498,0.38650405873450827,0.09090909090900273,64
7,0.5,hybrid_lfista_joint,44,0.2645514309991482,0.2122941700966557,0.3851747848247933,0.09090909090900273,64
7,0.5,ml_only_torch,45,0.4860161202929693,0.3855483360888332,0.679847554792304,,64
7,0.5,hybrid_lfista_frozen,45,0.3420556463603768,0.2748974165672389,0.47847321327701076,0.09022556390968692,64
7,0.5,hybrid_lfista_joint,45,0.34085848905317623,0.27383285053103806,0.4767986094233126,0.09022556390968692,64
7,0.5,ml_only_torch,46,0.39628393490644587,0.32234726258772195,0.7022173496271464,,64
7,0.5,hybrid_lfista_frozen,46,0.30706343434989675,0.25464919990111046,0.5441181235053051,0.09022556390968692,64
7,0.5,hybrid_lfista_joint,46,0.30638721360357846,0.25402932739882633,0.5429198565597761,0.09022556390968692,64
7,0.5,ml_only_torch,47,0.4737739550444473,0.3748347761257247,0.6738179914082134,,64
7,0.5,hybrid_lfista_frozen,47,0.36478912552444526,0.2816208870672936,0.5188159315878399,0.07518796992472476,64
7,0.5,hybrid_lfista_joint,47,0.3639824163045715,0.28139444252293044,0.5176686013464914,0.07518796992472476,64
7,0.5,ml_only_torch,48,0.5003395447118149,0.4063706109072741,0.6963686151259426,,64
7,0.5,hybrid_lfista_frozen,48,0.39344025864190363,0.31779515537123554,0.5475870355261677,0.08955223880588327,64
7,0.5,hybrid_lfista_joint,48,0.39287978497762516,0.3173641032386095,0.546806972719753,0.09022556390968692,64
7,0.5,ml_only_torch,49,0.5010893239072516,0.4090176389554083,0.7143619324646907,,64
7,0.5,hybrid_lfista_frozen,49,0.3745626151749282,0.3080615787535579,0.5339831859098162,0.09090909090900273,64
7,0.5,hybrid_lfista_joint,49,0.3737638256545354,0.3074560878136723,0.5328444172348605,0.09022556390968692,64
7,0.5,ml_only_torch,50,0.5155296682739471,0.4247719571742451,0.7273101693792402,,64
7,0.5,hybrid_lfista_frozen,50,0.3583236784454588,0.28862376570995885,0.5055236804029527,0.09022556390968692,64
7,0.5,hybrid_lfista_joint,50,0.3567737428105132,0.2874129439303049,0.5033370284631071,0.09022556390968692,64
7,0.5,ml_only_torch,51,0.4790853265618652,0.40296220064013055,0.6772849602399115,,64
7,0.5,hybrid_lfista_frozen,51,0.3760668005322029,0.3103999507995275,0.5316472326002524,0.08955223880588327,64
7,0.5,hybrid_lfista_joint,51,0.37543687467626324,0.3099296597621822,0.5307567037431989,0.08955223880588327,64
7,0.5,ml_only_torch,52,0.44095073646067684,0.33313527228554995,0.6827755954030611,,64
7,0.5,hybrid_lfista_frozen,52,0.29593966802243843,0.23871022017423488,0.45823799878248767,0.09022556390968692,64
7,0.5,hybrid_lfista_joint,52,0.2947081910539387,0.23785913201440084,0.4563311589682683,0.09160305343502569,64
7,0.5,ml_only_torch,53,0.5300793523290991,0.43734041494066184,0.6639643311817208,,64
7,0.5,hybrid_lfista_frozen,53,0.3668960359924356,0.3038496421086212,0.45956493132692267,0.08955223880588327,64
7,0.5,hybrid_lfista_joint,53,0.36564479377563136,0.3025116069347906,0.45799765616712557,0.08955223880588327,64
7,0.5,ml_only_torch,54,0.3580461553278619,0.28716525963143996,0.5500810949630807,,64
7,0.5,hybrid_lfista_frozen,54,0.22577916579556478,0.17729075766117508,0.3468738566036227,0.09022556390968692,64
7,0.5,hybrid_lfista_joint,54,0.22466971567788502,0.17624468045074937,0.3451693625699377,0.09022556390968692,64
7,0.5,ml_only_torch,55,0.4714000812316138,0.3802965010723336,0.6934075848239696,,64
7,0.5,hybrid_lfista_frozen,55,0.31854119822472665,0.26020954845867156,0.46855928058149027,0.08955223880588327,64
7,0.5,hybrid_lfista_joint,55,0.316933202481112,0.25866887297584246,0.4661939936641144,0.09022556390968692,64
7,0.5,ml_only_torch,56,0.5150030846415303,0.4146766021220816,0.7305967910118589,,64
7,0.5,hybrid_lfista_frozen,56,0.3702052257167045,0.29083447905355553,0.5251827765511489,0.08955223880588327,64
7,0.5,hybrid_lfista_joint,56,0.36894849997324375,0.2894882792147053,0.5233999526754559,0.08955223880588327,64
7,0.5,ml_only_torch,57,0.5289045381480798,0.44005814507922825,0.6010741663963018,,64
7,0.5,hybrid_lfista_frozen,57,0.38541214983476413,0.3126945210900285,0.438002077826903,0.08955223880588327,64
7,0.5,hybrid_lfista_joint,57,0.3842878972520035,0.3115799683304905,0.43672441969530923,0.09022556390968692,64
7,0.5,ml_only_torch,58,0.5780297155378934,0.4707980247283751,0.7428853101930267,,64
7,0.5,hybrid_lfista_frozen,58,0.4401319412139564,0.3527460998826656,0.5656587280643953,0.08955223880588327,64
7,0.5,hybrid_lfista_joint,58,0.4389069717589286,0.35156049065119543,0.5640843941000445,0.08955223880588327,64
7,0.5,ml_only_torch,59,0.3975687866440846,0.3183005099509598,0.6188440641962092,,64
7,0.5,hybrid_lfista_frozen,59,0.29389337891120965,0.2313443121183818,0.4574659257860418,0.08955223880588327,64
7,0.5,hybrid_lfista_joint,59,0.2932364643779251,0.230760562433366,0.45644339164034364,0.09022556390968692,64
7,0.5,ml_only_torch,60,0.459560672987653,0.3432324406834464,0.6124617431819732,,64
7,0.5,hybrid_lfista_frozen,60,0.34800405106106547,0.2649669905212345,0.46378896253591084,0.08955223880588327,64
7,0.5,hybrid_lfista_joint,60,0.3472526437034109,0.2642037014146904,0.4627875533920061,0.09022556390968692,64
7,0.5,ml_only_torch,61,0.4190257233622073,0.31447862957127437,0.5973247689785006,,64
7,0.5,hybrid_lfista_frozen,61,0.30195318969431134,0.24346448608446475,0.43043686633187556,0.07751937984487135,64
7,0.5,hybrid_lfista_joint,61,0.3015026609341909,0.2431896097772343,0.42979463371331994,0.09022556390968692,64
7,0.5,ml_only_torch,62,0.4347265471974294,0.34129194520523953,0.6099335134061097,,64
7,0.5,hybrid_lfista_frozen,62,0.32678851997092856,0.2653233094626,0.45849344009840515,0.09090909090900273,64
7,0.5,hybrid_lfista_joint,62,0.3259114785226857,0.26481216621244924,0.45726292639875155,0.09022556390968692,64
7,0.5,ml_only_torch,63,0.49519828669566796,0.3977788804091022,0.7301926542345499,,64
7,0.5,hybrid_lfista_frozen,63,0.3631844846350581,0.29275157060333545,0.5355322300932349,0.08955223880588327,64
7,0.5,hybrid_lfista_joint,63,0.36224833627795827,0.29205078326781764,0.5341518362752569,0.08955223880588327,64
7,0.5,ml_only_torch,64,0.39983067356432156,0.30328255144815935,0.580897310889938,,64
7,0.5,hybrid_lfista_frozen,64,0.29469992321827887,0.23227330233775328,0.42815722813579893,0.08955223880588327,64
7,0.5,hybrid_lfista_joint,64,0.293664521604819,0.232198122603486,0.4266529363124925,0.08955223880588327,64
7,0.5,ml_only_torch,65,0.5339330525813403,0.4219222979355484,0.7301970758535165,,64
7,0.5,hybrid_lfista_frozen,65,0.423011384437155,0.3529137037796484,0.5785026315105353,0.09022556390968692,64
7,0.5,hybrid_lfista_joint,65,0.42234854292973223,0.35249057392034794,0.577596141589871,0.08955223880588327,64
7,0.5,ml_only_torch,66,0.5434430154182208,0.43601366089539256,0.7928187137070574,,64
7,0.5,hybrid_lfista_frozen,66,0.38948086082163624,0.3160187253483441,0.5682062448672589,0.09022556390968692,64
7,0.5,hybrid_lfista_joint,66,0.38812935561131606,0.31511957875232444,0.5662345595350077,0.09160305343502569,64
7,0.5,ml_only_torch,67,0.560210478260492,0.45773486602453195,0.8606961423201213,,64
7,0.5,hybrid_lfista_frozen,67,0.4179026831561785,0.3452168137185418,0.642057300275094,0.09022556390968692,64
7,0.5,hybrid_lfista_joint,67,0.416923499338727,0.3442383758841225,0.6405529018980418,0.08955223880588327,64
7,0.5,ml_only_torch,68,0.4865838616823028,0.35244219941458754,0.6037459297127916,,64
7,0.5,hybrid_lfista_frozen,68,0.36728604960658573,0.28609389556051446,0.4557230006017926,0.08955223880588327,64
7,0.5,hybrid_lfista_joint,68,0.3665361793550472,0.2862247603894931,0.4547925728835081,0.08955223880588327,64
7,0.5,ml_only_torch,69,0.2521744864923935,0.19807817659402455,0.4842995852000489,,64
7,0.5,hybrid_lfista_frozen,69,0.17593494627202944,0.14249523266150266,0.3378820065697124,0.09022556390968692,64
7,0.5,hybrid_lfista_joint,69,0.17530002058937907,0.14205972135275136,0.33666263561344517,0.09022556390968692,64
7,0.5,ml_only_torch,70,0.5017406971605572,0.42379981463236027,0.6104791266709395,,64
7,0.5,hybrid_lfista_frozen,70,0.3460519917454649,0.2892980864091885,0.4210491971232465,0.08955223880588327,64
7,0.5,hybrid_lfista_joint,70,0.3446234748504016,0.28811163879095036,0.4193110886710755,0.09022556390968692,64
7,0.5,ml_only_torch,71,0.48018681184090034,0.3832537800601432,0.7608817547607618,,64
7,0.5,hybrid_lfista_frozen,71,0.3288248371954291,0.2608804276829939,0.5210405887137884,0.09022556390968692,64
7,0.5,hybrid_lfista_joint,71,0.3276260698855772,0.2599370141672333,0.5191410776239834,0.09022556390968692,64
7,0.5,ml_only_torch,72,0.41707845483122385,0.30460460395682165,0.6356249865763783,,64
7,0.5,hybrid_lfista_frozen,72,0.322934236912518,0.2483930485220995,0.4921497805146405,0.08955223880588327,64
7,0.5,hybrid_lfista_joint,72,0.3218938172122608,0.2477414720094899,0.49056418732384044,0.09022556390968692,64
7,0.5,ml_only_torch,73,0.434279157012227,0.36894193222504623,0.5983402908113182,,64
7,0.5,hybrid_lfista_frozen,73,0.30617575180922396,0.24364762614644936,0.4218422307837058,0.08955223880588327,64
7,0.5,hybrid_lfista_joint,73,0.30499254548374244,0.24197326029240598,0.42021203507790894,0.08955223880588327,64
7,0.5,ml_only_torch,74,0.36969205348052,0.2692435059897678,0.5947759776797787,,64
7,0.5,hybrid_lfista_frozen,74,0.2738290478455115,0.20742640257716433,0.4405475803877912,0.09022556390968692,64
7,0.5,hybrid_lfista_joint,74,0.2733968138150482,0.2071978991710583,0.43985218427192957,0.09022556390968692,64
7,0.5,ml_only_torch,75,0.3797681269019183,0.30904466166384065,0.5297695832201065,,64
7,0.5,hybrid_lfista_frozen,75,0.2558786466936597,0.20163119856320322,0.3569460268287202,0.09090909090900273,64
7,0.5,hybrid_lfista_joint,75,0.2550863476564925,0.20087927328009159,0.3558407841793965,0.08955223880588327,64
7,0.5,ml_only_torch,76,0.4883054956235398,0.3899964592671881,0.7025328456639566,,64
7,0.5,hybrid_lfista_frozen,76,0.41465522526573806,0.3242583735331047,0.5965710359318854,0.07575757575748783,64
7,0.5,hybrid_lfista_joint,76,0.41400037718781924,0.3238188656172335,0.5956288956369652,0.07518796992472476,64
7,0.5,ml_only_torch,77,0.3423621180466619,0.2610421733731735,0.4644322796792984,,64
7,0.5,hybrid_lfista_frozen,77,0.26262118417389413,0.2054953230185096,0.3562594949285095,0.09090909090900273,64
7,0.5,hybrid_lfista_joint,77,0.2619354660728057,0.20471827630513006,0.35532928213883863,0.09022556390968692,64
7,0.5,ml_only_torch,78,0.38346143308510894,0.2919871417816644,0.5825525686665548,,64
7,0.5,hybrid_lfista_frozen,78,0.2350577024084597,0.19175883099564103,0.35709841070904924,0.08955223880588327,64
7,0.5,hybrid_lfista_joint,78,0.23407679691261896,0.19112585909209898,0.3556082242993658,0.08955223880588327,64
7,0.5,ml_only_torch,79,0.3172139356120017,0.2422501779331373,0.47435914012525315,,64
7,0.5,hybrid_lfista_frozen,79,0.2524081750509021,0.20091260249249748,0.3774491327019754,0.09022556390968692,64
7,0.5,hybrid_lfista_joint,79,0.2520112346864532,0.20082663014112617,0.3768555513084035,0.09022556390968692,64
7,0.5,ml_only_torch,80,0.39967901657662697,0.3189146041070333,0.5628708615282969,,64
7,0.5,hybrid_lfista_frozen,80,0.33883338833176074,0.26278806561472956,0.477181521407905,0.08955223880588327,64
7,0.5,hybrid_lfista_joint,80,0.33824641561392815,0.262503196128962,0.4763548834667643,0.09022556390968692,64
7,0.5,ml_only_torch,81,0.4039254929961105,0.32553827053292556,0.5561276187330544,,64
7,0.5,hybrid_lfista_frozen,81,0.289223604549633,0.2311462630110382,0.39820520682294935,0.09022556390968692,64
7,0.5,hybrid_lfista_joint,81,0.28865748407726427,0.23069288639569147,0.3974257679519855,0.08955223880588327,64
7,0.5,ml_only_torch,82,0.3900290243558175,0.2995535725591477,0.5539756278485216,,64
7,0.5,hybrid_lfista_frozen,82,0.2931094548380122,0.23353754892376094,0.4163164383481703,0.08955223880588327,64
7,0.5,hybrid_lfista_joint,82,0.29226883092191785,0.232843786801806,0.41512246268835373,0.08955223880588327,64
7,0.5,ml_only_torch,83,0.39053672944286216,0.3014582604998649,0.625157359055974,,64
7,0.5,hybrid_lfista_frozen,83,0.2978610808209994,0.23340470247275674,0.476805464411146,0.09022556390968692,64
7,0.5,hybrid_lfista_joint,83,0.2974470154741221,0.23330457406190702,0.47614264327496336,0.07575757575748783,64
7,0.5,ml_only_torch,84,0.48956626903018363,0.40886629141726105,0.631088973020569,,64
7,0.5,hybrid_lfista_frozen,84,0.36303847977814896,0.3080499956505729,0.4679848181207418,0.08955223880588327,64
7,0.5,hybrid_lfista_joint,84,0.36184077582647733,0.30668877731919897,0.466440884633779,0.09160305343502569,64
7,0.5,ml_only_torch,85,0.4586360387420817,0.36156386079769715,0.6964278677397038,,64
7,0.5,hybrid_lfista_frozen,85,0.3443226028327573,0.28586522828568595,0.5228456463279667,0.08955223880588327,64
7,0.5,hybrid_lfista_joint,85,0.3434490966948236,0.285203167685679,0.5215192481261001,0.08955223880588327,64
7,0.5,ml_only_torch,86,0.455712908531862,0.35797118443093046,0.642149343898012,,64
7,0.5,hybrid_lfista_frozen,86,0.317408658363039,0.2516944807699101,0.44726352468710695,0.09022556390968692,64
7,0.5,hybrid_lfista_joint,86,0.31635343065767624,0.25095660964213257,0.4457765934065234,0.08955223880588327,64
7,0.5,ml_only_torch,87,0.45240879226202146,0.3653261712126545,0.6414167827176531,,64
7,0.5,hybrid_lfista_frozen,87,0.3332765741413156,0.27436854049012876,0.4725133366043767,0.09090909090900273,64
7,0.5,hybrid_lfista_joint,87,0.3326192363667786,0.27393764378650926,0.4715813753169,0.09022556390968692,64
7,0.5,ml_only_torch,88,0.46204404466310817,0.359619706702837,0.6208234865472698,,64
7,0.5,hybrid_lfista_frozen,88,0.34900877372643657,0.2701888456896947,0.4689441325846262,0.08955223880588327,64
7,0.5,hybrid_lfista_joint,88,0.3480225496745774,0.26952391899378886,0.46761899689363723,0.08955223880588327,64
7,0.5,ml_only_torch,89,0.4582338632378025,0.34950839802047073,0.6393702317969696,,64
7,0.5,hybrid_lfista_frozen,89,0.34206920883161146,0.2678969089886214,0.47728657108820766,0.09022556390968692,64
7,0.5,hybrid_lfista_joint,89,0.3412784856776416,0.26727875314792593,0.4761832810723439,0.08955223880588327,64
7,0.5,ml_only_torch,90,0.45114831742265715,0.35295000574543783,0.606869011536031,,64
7,0.5,hybrid_lfista_frozen,90,0.32018290934490096,0.25564274025165584,0.4306989036663806,0.09022556390968692,64
7,0.5,hybrid_lfista_joint,90,0.3187374181253281,0.2541431263882398,0.42875447919724446,0.09022556390968692,64
7,0.5,ml_only_torch,91,0.5269342787423964,0.4330191833719487,0.6932335599261347,,64
7,0.5,hybrid_lfista_frozen,91,0.38642480205559104,0.3149757641661568,0.5083796062994599,0.08955223880588327,64
7,0.5,hybrid_lfista_joint,91,0.38558747801709103,0.31410822435311325,0.5072780246650168,0.08955223880588327,64
7,0.5,ml_only_torch,92,0.3505809444912946,0.2704145685405824,0.5334403880691188,,64
7,0.5,hybrid_lfista_frozen,92,0.2594693835788938,0.2013999795085805,0.3948059666198347,0.08955223880588327,64
7,0.5,hybrid_lfista_joint,92,0.2589618361153162,0.20131874224856108,0.39403368757789403,0.08955223880588327,64
7,0.5,ml_only_torch,93,0.4651930458912282,0.37928202964504887,0.6763749300927804,,64
7,0.5,hybrid_lfista_frozen,93,0.3484174955266688,0.28718976703359245,0.5065872356893629,0.09090909090900273,64
7,0.5,hybrid_lfista_joint,93,0.3473392723547021,0.2863712684339613,0.50501953572264,0.09022556390968692,64
7,0.5,ml_only_torch,94,0.352586050067506,0.2723316784166032,0.5717860978901561,,64
7,0.5,hybrid_lfista_frozen,94,0.2276241141749509,0.1854808890697905,0.36913628319917835,0.09022556390968692,64
7,0.5,hybrid_lfista_joint,94,0.22643002872070225,0.18427656552647526,0.36719984396029887,0.09022556390968692,64
7,0.5,ml_only_torch,95,0.5005681255680781,0.3847292412192893,0.65750006231669,,64
7,0.5,hybrid_lfista_frozen,95,0.3547809370873342,0.28507107819359356,0.4660074749645061,0.09022556390968692,64
7,0.5,hybrid_lfista_joint,95,0.35386413774664843,0.2841138722343598,0.46480325201693284,0.09022556390968692,64
7,0.5,ml_only_torch,96,0.37931661231593833,0.295219226635634,0.5080138762337532,,64
7,0.5,hybrid_lfista_frozen,96,0.24175681020878073,0.19173388338249747,0.3237817967164998,0.08955223880588327,64
7,0.5,hybrid_lfista_joint,96,0.24085700335299196,0.19128004712702346,0.3225766969295961,0.08955223880588327,64
7,0.5,ml_only_torch,97,0.33566094705642385,0.2697665837018184,0.5149874868632943,,64
7,0.5,hybrid_lfista_frozen,97,0.25359560766183026,0.1931925591066113,0.38907881841667646,0.09022556390968692,64
7,0.5,hybrid_lfista_joint,97,0.2529828660006256,0.192609336005305,0.38813872010924005,0.07575757575748783,64
7,0.5,ml_only_torch,98,0.3515144734663829,0.27733980967232996,0.4912793400301292,,64
7,0.5,hybrid_lfista_frozen,98,0.26967262194082503,0.21275906163778213,0.3768965369329328,0.09090909090900273,64
7,0.5,hybrid_lfista_joint,98,0.2689819937223898,0.2121029790579288,0.3759313096066917,0.08955223880588327,64
7,0.5,ml_only_torch,99,0.5123873872662893,0.40768152171782807,0.6593422951594572,,64
7,0.5,hybrid_lfista_frozen,99,0.3744384808904859,0.3066454014600154,0.48182904872724286,0.08955223880588327,64
7,0.5,hybrid_lfista_joint,99,0.3733286365712068,0.3055911831300605,0.4804008962806197,0.08955223880588327,64
