Depth(m),HFU,has_cmr,vp_m3_dry_km_s,vs_m3_dry_km_s,vp_m3_km_s,vs_m3_km_s,vpvs_m3,k_dry_gpa,g_dry_gpa,k_sat_gpa,g_sat_gpa,rho_sat_gcc,phi_input,f_macro_nmr,f_micro_nmr,ar_meso_hfu,ar_micro_hfu,vp_m1_km_s,vp_sonic_km_s,vp_m1_rel_error_pct,vp_m3_rel_error_pct,vp_m1_abs_rel_error_pct,vp_m3_abs_rel_error_pct,status
5205.910000,3,True,5.274136,2.857633,5.197793,2.783583,1.867303,40.750750,19.657660,42.332547,19.657660,2.537018,0.126000,0.799431,0.200569,0.614844,0.569000,5.216837,4.796785,8.756949,8.359940,8.756949,8.359940,ok
5206.290000,3,True,5.335657,2.879662,5.270192,2.815334,1.871959,42.683686,20.327348,44.128619,20.327348,2.564607,0.110000,0.859895,0.140105,0.614844,0.569000,5.291445,4.890010,8.209288,7.774667,8.209288,7.774667,ok
5206.480000,2,True,4.638701,2.684389,4.744402,2.631108,1.803196,29.684487,17.960679,34.451832,17.960679,2.594450,0.099000,0.827463,0.172537,0.553722,0.034000,4.895344,4.980062,-1.701143,-4.732061,1.701143,4.732061,ok
5206.860000,1,True,5.495078,2.948481,5.459489,2.911146,1.875374,48.251311,22.546959,49.235702,22.546959,2.660480,0.065000,0.573089,0.426911,0.554259,0.512500,5.483926,5.121586,7.074762,6.597617,7.074762,6.597617,ok
5207.240000,1,True,5.464871,2.938007,5.425209,2.896578,1.872972,47.249494,22.219449,48.320412,22.219449,2.648273,0.072000,0.525776,0.474224,0.554259,0.512500,5.451533,5.073340,7.454517,6.935648,7.454517,6.935648,ok
5207.430000,1,True,5.418638,2.921737,5.372348,2.873841,1.869396,45.732872,21.713570,46.929730,21.713570,2.629091,0.083000,0.535370,0.464630,0.554259,0.512500,5.400685,4.981068,8.424238,7.855346,8.424238,7.855346,ok
5207.810000,2,True,3.878477,2.387176,4.229443,2.342361,1.805632,18.658079,14.282492,27.521986,14.282492,2.603132,0.094000,0.556169,0.443831,0.553722,0.034000,4.937269,5.042808,-2.092862,-16.129217,2.092862,16.129217,ok
5208.000000,1,True,5.389836,2.911449,5.339210,2.859416,1.867238,44.799963,21.396334,46.071497,21.396334,2.616884,0.090000,0.577242,0.422758,0.554259,0.512500,5.368360,4.999328,7.381632,6.798547,7.381632,6.798547,ok
5208.190000,1,True,5.410609,2.918827,5.363044,2.869751,1.868819,45.469954,21.623080,46.687479,21.623080,2.625604,0.085000,0.577605,0.422395,0.554259,0.512500,5.391447,5.052174,6.715386,6.153200,6.715386,6.153200,ok
5208.770000,1,True,5.389561,2.911417,5.338985,2.859385,1.867179,44.793091,21.395866,46.065837,21.395866,2.616884,0.090000,0.539531,0.460469,0.554259,0.512500,5.368360,5.085107,5.570247,4.992575,5.570247,4.992575,ok
5208.960000,1,True,5.373336,2.905555,5.320236,2.851152,1.865995,44.271593,21.216127,45.585067,21.216127,2.609909,0.094000,0.580726,0.419274,0.554259,0.512500,5.349898,5.083536,5.239699,4.656202,5.239699,4.656202,ok
5209.150000,1,True,5.356954,2.899649,5.301354,2.842870,1.864789,43.750696,21.036675,45.104871,21.036675,2.602934,0.098000,0.598030,0.401970,0.554259,0.512500,5.331444,5.040045,5.781675,5.184655,5.781675,5.184655,ok
5209.530000,1,True,5.369279,2.904004,5.315537,2.849009,1.865749,44.143479,21.170095,45.466751,21.170095,2.608165,0.095000,0.623534,0.376466,0.554259,0.512500,5.345284,5.056809,5.704685,5.116434,5.704685,5.116434,ok
5209.720000,2,True,4.159372,2.505977,4.409561,2.457318,1.794461,22.300136,15.687329,29.598176,15.687329,2.597923,0.097000,0.673249,0.326751,0.553722,0.034000,4.912069,4.951357,-0.793479,-10.942370,0.793479,10.942370,ok
5209.910000,1,True,5.310604,2.882438,5.248265,2.819118,1.861669,42.323085,20.534181,43.788693,20.534181,2.583752,0.109000,0.731146,0.268854,0.554259,0.512500,5.280729,4.916022,7.418742,6.758378,7.418742,6.758378,ok
5210.100000,2,True,4.123933,2.487182,4.333938,2.428562,1.784569,21.419043,15.127754,28.006840,15.127754,2.564933,0.116000,0.731678,0.268322,0.553722,0.034000,4.755500,4.904359,-3.035239,-11.630894,3.035239,11.630894,ok
5210.480000,2,True,3.559861,2.236167,3.942752,2.183463,1.805733,14.685810,12.228348,23.568175,12.228348,2.564933,0.116000,0.550901,0.449099,0.553722,0.034000,4.755500,4.772181,-0.349547,-17.380491,0.349547,17.380491,ok
5210.670000,2,True,3.347886,2.130392,3.777753,2.076855,1.818977,12.511128,11.010971,21.750465,11.010971,2.552778,0.123000,0.508033,0.491967,0.553722,0.034000,4.699078,4.745749,-0.983427,-20.397121,0.983427,20.397121,ok
5210.860000,1,True,5.181469,2.835664,5.097463,2.752352,1.852039,38.379723,19.137114,40.125103,19.137114,2.526205,0.142000,0.523337,0.476663,0.554259,0.512500,5.128825,4.702177,9.073414,8.406456,9.073414,8.406456,ok
5211.240000,1,True,5.212875,2.847217,5.134137,2.768785,1.854293,39.311438,19.473264,40.992545,19.473264,2.540156,0.134000,0.564114,0.435886,0.554259,0.512500,5.165623,4.695187,10.019537,9.348940,10.019537,9.348940,ok
5211.620000,2,True,4.024775,2.452304,4.354562,2.410445,1.806539,20.683726,15.205543,29.350487,15.205543,2.617023,0.086000,0.567076,0.432924,0.553722,0.034000,5.005139,5.146074,-2.738690,-15.380886,2.738690,15.380886,ok
5212.960000,1,True,5.435872,2.927675,5.391913,2.882135,1.870805,46.291950,21.897025,47.441600,21.897025,2.636067,0.079000,0.621759,0.378241,0.554259,0.512500,5.419168,5.460004,-0.747912,-1.247090,0.747912,1.247090,ok
5213.150000,3,True,5.504451,2.940016,5.463768,2.899492,1.884388,48.089332,22.140630,49.098723,22.140630,2.633578,0.070000,0.661474,0.338526,0.614844,0.569000,5.478592,5.425303,0.982231,0.708993,0.982231,0.708993,ok
5213.340000,1,True,5.512481,2.954454,5.479188,2.919452,1.876787,48.834249,22.735254,49.767356,22.735254,2.667455,0.061000,0.622356,0.377644,0.554259,0.512500,5.502449,5.442419,1.103002,0.675608,1.103002,0.675608,ok
5213.530000,1,True,5.491067,2.946979,5.454836,2.909060,1.875120,48.116158,22.499899,49.111453,22.499899,2.658736,0.066000,0.645987,0.354013,0.554259,0.512500,5.479296,5.424507,1.010027,0.559106,1.010027,0.559106,ok
5213.720000,1,True,5.461076,2.936351,5.420708,2.894338,1.872866,47.125296,22.170488,48.205178,22.170488,2.646529,0.073000,0.713205,0.286795,0.554259,0.512500,5.446908,5.385414,1.141862,0.655367,1.141862,0.655367,ok
5214.100000,4,True,5.635786,3.226187,5.704437,3.172366,1.798165,45.219696,26.316785,50.003538,26.316785,2.614967,0.084000,0.724705,0.275295,0.550000,0.050000,6.349861,5.291709,19.996413,7.799518,19.996413,7.799518,ok
5214.290000,2,True,4.274059,2.554095,4.517937,2.509956,1.800006,24.170014,16.475996,31.414597,16.475996,2.615287,0.087000,0.667805,0.332195,0.553722,0.034000,4.996601,5.177112,-3.486712,-12.732483,3.486712,12.732483,ok
5214.480000,4,True,5.263999,3.094287,5.399004,3.038063,1.777120,37.495202,24.023895,43.839369,24.023895,2.602855,0.091000,0.610023,0.389977,0.550000,0.050000,6.307306,5.144491,22.603111,4.947283,22.603111,4.947283,ok
5214.670000,4,True,5.044556,3.009490,5.220838,2.952226,1.768441,33.403128,22.625214,40.590792,22.625214,2.595933,0.095000,0.541452,0.458548,0.550000,0.050000,6.283028,5.121179,22.687139,1.946019,22.687139,1.946019,ok
5214.860000,1,True,5.401273,2.915614,5.352655,2.865361,1.868056,45.178256,21.528336,46.421571,21.528336,2.622116,0.087000,0.475850,0.524150,0.554259,0.512500,5.382211,5.114607,5.232152,4.654277,5.232152,4.654277,ok
5215.430000,1,True,5.508127,2.952732,5.474232,2.917150,1.876569,48.692692,22.684571,49.637853,22.684571,2.665712,0.062000,0.747423,0.252577,0.554259,0.512500,5.497817,5.113459,7.516595,7.055356,7.516595,7.055356,ok
5215.620000,1,True,5.364742,2.902181,5.310420,2.846598,1.865532,44.007985,21.120152,45.342353,21.120152,2.606421,0.096000,0.690566,0.309434,0.554259,0.512500,5.340670,5.046288,5.833635,5.234192,5.833635,5.234192,ok
5216.000000,1,True,5.185484,2.837130,5.102121,2.754428,1.852334,38.497197,19.179232,40.234359,19.179232,2.527949,0.141000,0.535309,0.464691,0.554259,0.512500,5.133424,4.716853,8.831545,8.167912,8.831545,8.167912,ok
5216.390000,1,True,5.280188,2.872079,5.213814,2.804563,1.859047,41.395600,20.226678,42.935599,20.226678,2.571545,0.116000,0.389125,0.610875,0.554259,0.512500,5.248479,4.745883,10.590147,9.859723,10.590147,9.859723,ok
5216.770000,1,True,5.326241,2.888786,5.266607,2.827847,1.862409,42.804768,20.717311,44.236293,20.717311,2.590727,0.105000,0.433184,0.566816,0.554259,0.512500,5.299165,4.959894,6.840287,6.183857,6.840287,6.183857,ok
5216.960000,2,True,3.310656,2.104628,3.803191,2.058735,1.847344,12.472399,10.930059,22.727372,10.930059,2.578823,0.108000,0.408177,0.591823,0.553722,0.034000,4.820800,4.993388,-3.456331,-23.835451,3.456331,23.835451,ok
5217.340000,1,True,5.318088,2.885840,5.257196,2.823706,1.861807,42.550332,20.628874,44.001236,20.628874,2.587239,0.107000,0.432580,0.567420,0.554259,0.512500,5.289946,4.835394,9.400516,8.723217,9.400516,8.723217,ok
5217.530000,1,True,5.285608,2.874050,5.219656,2.807124,1.859432,41.545941,20.277375,43.072245,20.277375,2.573289,0.115000,0.427809,0.572191,0.554259,0.512500,5.253085,4.809859,9.214948,8.519928,9.214948,8.519928,ok
5217.910000,2,True,3.211140,2.058122,3.630849,1.997973,1.817266,11.082074,10.065666,19.820524,10.065666,2.521524,0.141000,0.538194,0.461806,0.553722,0.034000,4.556918,4.610797,-1.168540,-21.253331,1.168540,21.253331,ok
5218.290000,2,True,3.342227,2.120456,3.625243,2.038254,1.778602,11.725522,10.187069,18.643286,10.187069,2.452070,0.181000,0.694031,0.305969,0.553722,0.034000,4.254814,4.409978,-3.518476,-17.794540,3.518476,17.794540,ok
5218.480000,3,True,5.062168,2.779065,4.945323,2.669508,1.852522,34.491621,17.379090,36.470097,17.379090,2.438734,0.183000,0.710668,0.289332,0.614844,0.569000,4.951790,4.470671,10.761673,10.617014,10.761673,10.617014,ok
5218.670000,4,True,4.885760,2.928815,4.948736,2.831365,1.747827,28.897443,19.936743,34.322401,19.936743,2.486924,0.158000,0.738126,0.261874,0.550000,0.050000,5.904038,4.439472,32.989644,11.471272,32.989644,11.471272,ok
5218.860000,2,True,3.823636,2.354931,4.068883,2.288275,1.778144,17.250876,13.239579,24.208087,13.239579,2.528469,0.137000,0.709493,0.290507,0.553722,0.034000,4.588156,4.619478,-0.678042,-11.918981,0.678042,11.918981,ok
5219.050000,1,True,5.237661,2.855636,5.163867,2.781497,1.856506,40.101422,19.746935,41.730843,19.746935,2.552363,0.127000,0.732046,0.267954,0.554259,0.512500,5.197834,4.776456,8.821980,8.110850,8.821980,8.110850,ok
5219.240000,2,True,4.405476,2.593970,4.520653,2.528202,1.788090,25.291337,16.305760,30.392841,16.305760,2.551042,0.124000,0.827063,0.172937,0.553722,0.034000,4.691071,4.808080,-2.433591,-5.978007,2.433591,5.978007,ok
5219.620000,2,True,4.298467,2.540061,4.356059,2.448417,1.779133,22.672012,14.814038,27.139011,14.814038,2.471170,0.170000,0.880879,0.119121,0.553722,0.034000,4.336106,4.612612,-5.994564,-5.561991,5.994564,5.561991,ok
5219.810000,1,True,4.950707,2.743788,4.833387,2.627442,1.839579,32.274135,16.789459,34.430443,16.789459,2.432039,0.196000,0.873551,0.126449,0.554259,0.512500,4.880658,4.382418,11.369066,10.290419,11.369066,10.290419,ok
5220.200000,1,True,4.964679,2.749550,4.849035,2.635035,1.840216,32.610187,16.922963,34.743914,16.922963,2.437270,0.193000,0.861563,0.138437,0.554259,0.512500,4.894442,4.212831,16.179405,15.101573,16.179405,15.101573,ok
5220.580000,1,True,5.077896,2.794167,4.980484,2.696971,1.846695,35.611249,18.083011,37.557508,18.083011,2.486097,0.165000,0.846155,0.153845,0.554259,0.512500,5.023094,4.510434,11.366090,10.421391,11.366090,10.421391,ok
5220.770000,1,True,5.272897,2.868465,5.205012,2.799763,1.859090,41.181384,20.130166,42.733974,20.130166,2.568057,0.118000,0.763744,0.236256,0.554259,0.512500,5.239268,4.697837,11.525113,10.795930,11.525113,10.795930,ok
5221.150000,1,True,5.456987,2.935085,5.416022,2.892483,1.872448,46.985258,22.127480,48.076964,22.127480,2.644786,0.074000,0.632160,0.367840,0.554259,0.512500,5.442283,5.189557,4.869895,4.363857,4.869895,4.363857,ok
5221.720000,1,True,5.621822,2.991877,5.602754,2.971346,1.885595,52.596418,23.935591,53.188081,23.935591,2.711051,0.036000,0.584459,0.415541,0.554259,0.512500,5.618457,5.611885,0.117109,-0.162711,0.117109,0.162711,ok
5222.100000,1,True,5.591005,2.981394,5.567998,2.956830,1.883097,51.518862,23.595568,52.210449,23.595568,2.698844,0.043000,0.638836,0.361164,0.554259,0.512500,5.585930,5.597079,-0.199193,-0.519568,0.199193,0.519568,ok
5222.860000,2,True,4.084116,2.476936,4.386890,2.433606,1.802630,21.444020,15.478592,29.659147,15.478592,2.613550,0.088000,0.602032,0.397968,0.553722,0.034000,4.988079,5.127192,-2.713240,-14.438736,2.713240,14.438736,ok
5223.050000,1,True,5.373372,2.905435,5.320250,2.851034,1.866077,44.274908,21.214374,45.587799,21.214374,2.609909,0.094000,0.636829,0.363171,0.554259,0.512500,5.349898,5.096258,4.976985,4.395224,4.976985,4.395224,ok
5223.430000,1,True,5.431526,2.926221,5.386995,2.880092,1.870425,46.150127,21.851520,47.311942,21.851520,2.634323,0.080000,0.578847,0.421153,0.554259,0.512500,5.414547,5.155464,5.025406,4.490988,5.025406,4.490988,ok
5223.630000,1,True,5.452716,2.933622,5.411164,2.890432,1.872095,46.844350,22.081553,47.948042,22.081553,2.643042,0.075000,0.612109,0.387891,0.554259,0.512500,5.437659,5.312252,2.360713,1.861965,2.360713,1.861965,ok
5224.390000,2,True,4.821601,2.754496,4.940775,2.716122,1.819055,33.747167,19.498757,38.522288,19.498757,2.643068,0.071000,0.791952,0.208048,0.553722,0.034000,5.135137,5.217744,-1.583194,-5.308206,1.583194,5.308206,ok
5224.770000,2,True,4.664076,2.698846,4.804437,2.655623,1.809157,30.613849,18.517340,35.918347,18.517340,2.625705,0.081000,0.777531,0.222469,0.553722,0.034000,5.048065,5.107089,-1.155727,-5.926114,1.155727,5.926114,ok
5224.960000,1,True,5.413752,2.919421,5.366890,2.870950,1.869378,45.594340,21.655527,46.802786,21.655527,2.627347,0.084000,0.777534,0.222466,0.554259,0.512500,5.396066,5.113689,5.521982,4.951435,5.521982,4.951435,ok
5225.150000,1,True,5.413932,2.919525,5.367047,2.871052,1.869366,45.597225,21.657070,46.805158,21.657070,2.627347,0.084000,0.765543,0.234457,0.554259,0.512500,5.396066,5.100946,5.785593,5.216701,5.785593,5.216701,ok
5225.340000,2,True,4.632043,2.685650,4.764447,2.638669,1.805626,29.868397,18.197031,35.064778,18.197031,2.613550,0.088000,0.792455,0.207545,0.553722,0.034000,4.988079,5.099522,-2.185362,-6.570705,2.185362,6.570705,ok
5225.530000,2,True,4.654585,2.689458,4.753940,2.635495,1.803813,29.928647,18.008562,34.583792,18.008562,2.592714,0.100000,0.834438,0.165562,0.553722,0.034000,4.887003,5.081782,-3.832888,-6.451311,3.832888,6.451311,ok
5226.100000,2,True,3.923527,2.401080,4.169220,2.339663,1.781975,18.655588,13.954951,25.706433,13.954951,2.549305,0.125000,0.701986,0.298014,0.553722,0.034000,4.683078,4.775747,-1.940408,-12.700148,1.940408,12.700148,ok
5226.480000,1,True,5.131681,2.815494,5.041268,2.725568,1.849621,37.038363,18.623977,38.882476,18.623977,2.507023,0.153000,0.780376,0.219624,0.554259,0.512500,5.078248,4.546285,11.701048,10.887635,11.701048,10.887635,ok
5227.630000,1,True,5.546368,2.966250,5.517827,2.935901,1.879432,49.990092,23.112414,50.822639,23.112414,2.681406,0.053000,0.496789,0.503211,0.554259,0.512500,5.539525,4.989506,11.023516,10.588637,11.023516,10.588637,ok
5227.820000,1,True,5.477881,2.942515,5.439955,2.902842,1.874010,47.678606,22.359736,48.712466,22.359736,2.653505,0.069000,0.555976,0.444024,0.554259,0.512500,5.465412,5.123282,6.677946,6.181048,6.677946,6.181048,ok
5228.010000,2,True,4.044128,2.460126,4.360289,2.417090,1.803942,20.903186,15.269206,29.330200,15.269206,2.613550,0.088000,0.586529,0.413471,0.553722,0.034000,4.988079,5.046369,-1.155088,-13.595510,1.155088,13.595510,ok
5228.200000,2,True,4.199123,2.522474,4.442740,2.474578,1.795352,22.904447,15.929745,30.106527,15.929745,2.601396,0.095000,0.678146,0.321854,0.553722,0.034000,4.928854,4.932321,-0.070291,-9.925980,0.070291,9.925980,ok
5228.580000,1,True,5.297790,2.877663,5.233638,2.812555,1.860813,41.936087,20.397293,43.431758,20.397293,2.578520,0.112000,0.751569,0.248431,0.554259,0.512500,5.266906,5.008938,5.150154,4.485973,5.150154,4.485973,ok
5228.960000,2,True,4.361804,2.587484,4.572117,2.541671,1.798863,25.449851,16.872555,32.101276,16.872555,2.611814,0.089000,0.707878,0.292122,0.553722,0.034000,4.979572,4.976067,0.070437,-8.117861,0.070437,8.117861,ok
5229.340000,2,True,4.259050,2.537437,4.402311,2.470241,1.782138,23.022011,15.513712,28.586865,15.513712,2.542360,0.129000,0.802357,0.197643,0.553722,0.034000,4.651233,4.837701,-3.854476,-8.999929,3.854476,8.999929,ok
5229.530000,3,True,5.174014,2.820351,5.081080,2.730991,1.860526,37.798963,18.600368,39.585745,18.600368,2.493911,0.151000,0.819086,0.180914,0.614844,0.569000,5.100474,4.489622,13.605867,13.173891,13.605867,13.173891,ok
5229.720000,2,True,3.982188,2.418019,4.133441,2.336007,1.769447,18.711785,13.570271,24.394057,13.570271,2.486797,0.161000,0.803083,0.196917,0.553722,0.034000,4.403600,4.401654,0.044211,-6.093464,0.044211,6.093464,ok
5230.290000,3,True,5.102292,2.794260,4.993464,2.691667,1.855157,35.628579,17.806218,37.540385,17.806218,2.457701,0.172000,0.717142,0.282858,0.614844,0.569000,5.002876,4.286890,16.701758,16.482210,16.701758,16.482210,ok
5230.480000,4,True,4.437696,2.735719,4.567950,2.636812,1.732376,22.255956,17.146660,28.597083,17.146660,2.466160,0.170000,0.644884,0.355116,0.550000,0.050000,5.832461,4.264201,36.777347,7.123227,36.777347,7.123227,ok
5230.860000,3,True,5.072638,2.784120,4.955541,2.675055,1.852501,34.688428,17.463718,36.646332,17.463718,2.440459,0.182000,0.549712,0.450288,0.614844,0.569000,4.956434,4.300251,15.259179,15.238417,15.259179,15.238417,ok
5231.050000,4,True,3.944323,2.498663,4.163362,2.402832,1.732690,16.392147,14.148710,23.612514,14.148710,2.450587,0.179000,0.523930,0.476070,0.550000,0.050000,5.778885,4.331136,33.426542,-3.873663,33.426542,3.873663,ok
5231.240000,3,True,5.114296,2.799418,5.006241,2.697997,1.855540,35.907074,17.915177,37.795549,17.915177,2.461150,0.170000,0.633339,0.366661,0.614844,0.569000,5.012167,4.293632,16.734899,16.596888,16.734899,16.596888,ok
5231.440000,3,True,5.104688,2.794590,4.998034,2.693344,1.855698,35.764951,17.853435,37.675803,17.853435,2.461150,0.170000,0.776754,0.223246,0.614844,0.569000,5.012167,4.207156,19.134327,18.798410,19.134327,18.798410,ok
5232.200000,1,True,5.191314,2.838611,5.109511,2.757172,1.853171,38.704533,19.243970,40.429859,19.243970,2.531437,0.139000,0.695471,0.304529,0.554259,0.512500,5.142622,4.679668,9.892881,9.185336,9.892881,9.185336,ok
5232.770000,2,True,4.688000,2.702729,4.791217,2.651991,1.806649,30.671449,18.307971,35.346247,18.307971,2.603132,0.094000,0.827645,0.172355,0.553722,0.034000,4.937269,5.024264,-1.731497,-4.638433,1.731497,4.638433,ok
5232.960000,3,True,5.253255,2.849847,5.173730,2.772763,1.865912,40.133293,19.438851,41.760336,19.438851,2.528397,0.131000,0.815827,0.184173,0.614844,0.569000,5.193546,4.955069,4.812789,4.412867,4.812789,4.412867,ok
5233.150000,2,True,4.148744,2.489125,4.282453,2.412335,1.775231,21.097080,14.602924,26.549773,14.602924,2.509369,0.148000,0.815829,0.184171,0.553722,0.034000,4.502720,4.869428,-7.530823,-12.054289,7.530823,12.054289,ok
5233.340000,2,True,4.185147,2.507774,4.341754,2.439656,1.779658,21.923393,15.100921,27.692837,15.100921,2.537151,0.132000,0.790947,0.209053,0.553722,0.034000,4.627484,4.678256,-1.085276,-7.192892,1.085276,7.192892,ok
5233.720000,2,True,4.257101,2.532754,4.372898,2.457563,1.779364,22.687677,15.208058,27.873364,15.208058,2.518051,0.143000,0.830650,0.169350,0.553722,0.034000,4.541372,4.684132,-3.047736,-6.644427,3.047736,6.644427,ok
