seed,measurement_ratio,method,sample_id,rmse,mae,relative_l2,support_f1,lambda,cs_engine,m,val_score,ae_recon_train_rmse
7,0.3,ml_only,0,0.47913727840430803,0.37994872712363936,0.6894095057567137,,,none,38,,
7,0.3,mlp_concat_ub,0,0.3054801763177456,0.2234664932596327,0.4395419577350864,,,direct_ub,38,,
7,0.3,pca_regression_ub,0,0.3059703048744749,0.25379126156393517,0.44024718210664304,,48.0,pca_mlp,38,,
7,0.3,ml_only,1,0.3659714288317463,0.2887386032503486,0.5348507303723019,,,none,38,,
7,0.3,mlp_concat_ub,1,0.27961221632797695,0.2170805921552014,0.4086406378810293,,,direct_ub,38,,
7,0.3,pca_regression_ub,1,0.2914857569076778,0.22683276962367993,0.42599328169650547,,48.0,pca_mlp,38,,
7,0.3,ml_only,2,0.5380048065404691,0.43682790264737664,0.7375021289547002,,,none,38,,
7,0.3,mlp_concat_ub,2,0.2855602706215151,0.2199855364263472,0.39144874723792294,,,direct_ub,38,,
7,0.3,pca_regression_ub,2,0.2664877646807723,0.20440141090487662,0.36530397387381935,,48.0,pca_mlp,38,,
7,0.3,ml_only,3,0.471259541822074,0.39368654421641974,0.6417160313028085,,,none,38,,
7,0.3,mlp_concat_ub,3,0.25699688411804206,0.1828208112217019,0.349953700450873,,,direct_ub,38,,
7,0.3,pca_regression_ub,3,0.27529872005643097,0.2105438303607885,0.37487538474935717,,48.0,pca_mlp,38,,
7,0.3,ml_only,4,0.45722552659088617,0.3497300864606077,0.6570154042750957,,,none,38,,
7,0.3,mlp_concat_ub,4,0.2886435070130949,0.22524469314617446,0.4147695599272127,,,direct_ub,38,,
7,0.3,pca_regression_ub,4,0.2610451434800113,0.1988404326647482,0.37511177854913036,,48.0,pca_mlp,38,,
7,0.3,ml_only,5,0.4789781000921938,0.3805200611005346,0.6619976506807811,,,none,38,,
7,0.3,mlp_concat_ub,5,0.3278468951776981,0.23407998131742602,0.45311857546065193,,,direct_ub,38,,
7,0.3,pca_regression_ub,5,0.2737571786566829,0.18143709990202245,0.3783609503082509,,48.0,pca_mlp,38,,
7,0.3,ml_only,6,0.5237646862782891,0.42942452860874875,0.6964344649908676,,,none,38,,
7,0.3,mlp_concat_ub,6,0.2691771026475598,0.19272265350603263,0.35791685919531574,,,direct_ub,38,,
7,0.3,pca_regression_ub,6,0.2931046888097803,0.22798984877568537,0.3897326652318359,,48.0,pca_mlp,38,,
7,0.3,ml_only,7,0.3317189524758182,0.25199230172513554,0.5189123520925014,,,none,38,,
7,0.3,mlp_concat_ub,7,0.283839187526228,0.2194042516118769,0.44401340145313717,,,direct_ub,38,,
7,0.3,pca_regression_ub,7,0.2438068814254955,0.17274731522023862,0.38139033465705935,,48.0,pca_mlp,38,,
7,0.3,ml_only,8,0.507859961460438,0.4231980291927424,0.615149297912155,,,none,38,,
7,0.3,mlp_concat_ub,8,0.23699401951946905,0.18828564122602506,0.28706083523014175,,,direct_ub,38,,
7,0.3,pca_regression_ub,8,0.197107917271066,0.13791651756151768,0.23874848604632276,,48.0,pca_mlp,38,,
7,0.3,ml_only,9,0.38529741634203823,0.3109857389847124,0.6517060913123206,,,none,38,,
7,0.3,mlp_concat_ub,9,0.2370412872689172,0.18383455683191027,0.40094027173161745,,,direct_ub,38,,
7,0.3,pca_regression_ub,9,0.30445518926000725,0.23965173809523885,0.5149666023097695,,48.0,pca_mlp,38,,
7,0.3,ml_only,10,0.3556416198839044,0.28865863186319807,0.4697805362117613,,,none,38,,
7,0.3,mlp_concat_ub,10,0.23522698785244378,0.18202196112568975,0.31072027093137117,,,direct_ub,38,,
7,0.3,pca_regression_ub,10,0.22504475554452977,0.16810378153726147,0.29727017317564153,,48.0,pca_mlp,38,,
7,0.3,ml_only,11,0.42638432657603254,0.3318612040978857,0.6599614006363698,,,none,38,,
7,0.3,mlp_concat_ub,11,0.31656360549137114,0.22660895244714135,0.4899799252666247,,,direct_ub,38,,
7,0.3,pca_regression_ub,11,0.3199455628227567,0.24140177173002458,0.49521454848844154,,48.0,pca_mlp,38,,
7,0.3,ml_only,12,0.587969886192795,0.4561109317371613,0.8086066517946139,,,none,38,,
7,0.3,mlp_concat_ub,12,0.30685825089535995,0.2218317300557206,0.4220073657831648,,,direct_ub,38,,
7,0.3,pca_regression_ub,12,0.31175143594340055,0.23157857280641075,0.4287367273903172,,48.0,pca_mlp,38,,
7,0.3,ml_only,13,0.32810787368910477,0.2586649184346997,0.4775106428189737,,,none,38,,
7,0.3,mlp_concat_ub,13,0.2564782361653924,0.18904084766322732,0.3732647011588002,,,direct_ub,38,,
7,0.3,pca_regression_ub,13,0.27132329885336987,0.20509000886971568,0.3948694110583892,,48.0,pca_mlp,38,,
7,0.3,ml_only,14,0.4523398042552007,0.36433770754925343,0.6286768287022938,,,none,38,,
7,0.3,mlp_concat_ub,14,0.2519774642954965,0.18985754761441037,0.3502066182713499,,,direct_ub,38,,
7,0.3,pca_regression_ub,14,0.26815871361893384,0.19752469728299304,0.37269585404809014,,48.0,pca_mlp,38,,
7,0.3,ml_only,15,0.4564267225504067,0.3638131985351024,0.6803697898584652,,,none,38,,
7,0.3,mlp_concat_ub,15,0.2459107429423271,0.2012869925993018,0.36656539206275934,,,direct_ub,38,,
7,0.3,pca_regression_ub,15,0.26722086508091925,0.21944952381394078,0.398331199376311,,48.0,pca_mlp,38,,
7,0.3,ml_only,16,0.3980563803880544,0.3005883353775594,0.5538501429479052,,,none,38,,
7,0.3,mlp_concat_ub,16,0.23575998367738263,0.18832294193420504,0.3280331809625045,,,direct_ub,38,,
7,0.3,pca_regression_ub,16,0.19826466785270438,0.15921259555035305,0.27586271704699106,,48.0,pca_mlp,38,,
7,0.3,ml_only,17,0.39598976698469496,0.3253356576411065,0.6476898396739479,,,none,38,,
7,0.3,mlp_concat_ub,17,0.20226410689305677,0.15540663900375495,0.3308277584112963,,,direct_ub,38,,
7,0.3,pca_regression_ub,17,0.2267618385328923,0.1788430948934589,0.3708968036267848,,48.0,pca_mlp,38,,
7,0.3,ml_only,18,0.5689524419588834,0.4581700008365599,0.6545947418990343,,,none,38,,
7,0.3,mlp_concat_ub,18,0.3057064288108115,0.2293467794546455,0.35172328318919555,,,direct_ub,38,,
7,0.3,pca_regression_ub,18,0.31228510643253443,0.23434702689895934,0.3592922247425563,,48.0,pca_mlp,38,,
7,0.3,ml_only,19,0.38456343241808105,0.3052014377166369,0.555243633562131,,,none,38,,
7,0.3,mlp_concat_ub,19,0.24704478325529516,0.18733562895545908,0.35669029227436716,,,direct_ub,38,,
7,0.3,pca_regression_ub,19,0.26876184039230494,0.21039741336094342,0.3880459977277148,,48.0,pca_mlp,38,,
7,0.3,ml_only,20,0.6714798559606375,0.5668097344638252,0.8394365273346269,,,none,38,,
7,0.3,mlp_concat_ub,20,0.34301231768252705,0.26075633660846353,0.4288096898699837,,,direct_ub,38,,
7,0.3,pca_regression_ub,20,0.313685345574367,0.24697059806345067,0.3921471877782509,,48.0,pca_mlp,38,,
7,0.3,ml_only,21,0.453409352528967,0.3514329991101371,0.7428889223484516,,,none,38,,
7,0.3,mlp_concat_ub,21,0.2469444670982528,0.18992321229017473,0.4046063629241381,,,direct_ub,38,,
7,0.3,pca_regression_ub,21,0.24171878620262022,0.18110625583489687,0.3960443418113394,,48.0,pca_mlp,38,,
7,0.3,ml_only,22,0.4587927018558927,0.3526799367215797,0.6951887150541445,,,none,38,,
7,0.3,mlp_concat_ub,22,0.3144234356149982,0.25239230231144216,0.4764322172168238,,,direct_ub,38,,
7,0.3,pca_regression_ub,22,0.29597369610344865,0.23044314728671048,0.448476125822531,,48.0,pca_mlp,38,,
7,0.3,ml_only,23,0.40768072772701486,0.339990523830657,0.6639342735780364,,,none,38,,
7,0.3,mlp_concat_ub,23,0.21930628369553423,0.1699707152851499,0.3571543814894069,,,direct_ub,38,,
7,0.3,pca_regression_ub,23,0.21484430238748667,0.1677119619502287,0.3498877580829136,,48.0,pca_mlp,38,,
7,0.3,ml_only,24,0.4276708776935034,0.344185319549819,0.6678766404147229,,,none,38,,
7,0.3,mlp_concat_ub,24,0.2944523211732622,0.2342513756427812,0.4598345065909609,,,direct_ub,38,,
7,0.3,pca_regression_ub,24,0.30886933958042384,0.24223237961669553,0.48234899219377286,,48.0,pca_mlp,38,,
7,0.3,ml_only,25,0.3646677377197245,0.2942373134895447,0.5029859645523305,,,none,38,,
7,0.3,mlp_concat_ub,25,0.274487831991637,0.206724633068127,0.37860088143663573,,,direct_ub,38,,
7,0.3,pca_regression_ub,25,0.2725263144123837,0.19801296713020827,0.3758953615632397,,48.0,pca_mlp,38,,
7,0.3,ml_only,26,0.3947877435463958,0.30077176043100506,0.6749749180501514,,,none,38,,
7,0.3,mlp_concat_ub,26,0.2567550020680404,0.19726187339689483,0.4389781327126619,,,direct_ub,38,,
7,0.3,pca_regression_ub,26,0.2512080983028506,0.19109561418940696,0.4294945026467729,,48.0,pca_mlp,38,,
7,0.3,ml_only,27,0.38189760842097353,0.2965428695029827,0.5424655960355149,,,none,38,,
7,0.3,mlp_concat_ub,27,0.24779921115177622,0.16374340520638594,0.35198583026056024,,,direct_ub,38,,
7,0.3,pca_regression_ub,27,0.24147847223728677,0.17029857171149132,0.3430075509337785,,48.0,pca_mlp,38,,
7,0.3,ml_only,28,0.4381974081946226,0.33693083390860995,0.5841120007819308,,,none,38,,
7,0.3,mlp_concat_ub,28,0.3225816529628433,0.2520482602303858,0.4299975563615876,,,direct_ub,38,,
7,0.3,pca_regression_ub,28,0.2936122903102588,0.2323248600459409,0.3913817360396587,,48.0,pca_mlp,38,,
7,0.3,ml_only,29,0.4013118758191937,0.3257913378010758,0.5553384150310678,,,none,38,,
7,0.3,mlp_concat_ub,29,0.29647775193335263,0.22867201169665838,0.41026815993061017,,,direct_ub,38,,
7,0.3,pca_regression_ub,29,0.2697148893689636,0.203926790282209,0.37323350789629506,,48.0,pca_mlp,38,,
7,0.3,ml_only,30,0.560408662479019,0.4606246357077942,0.702972706675828,,,none,38,,
7,0.3,mlp_concat_ub,30,0.26847650284313795,0.2011862443268237,0.3367750474227675,,,direct_ub,38,,
7,0.3,pca_regression_ub,30,0.26642526664669003,0.20648744977962863,0.33420199108443444,,48.0,pca_mlp,38,,
7,0.3,ml_only,31,0.37115481738608763,0.2952027348585518,0.5815364599723706,,,none,38,,
7,0.3,mlp_concat_ub,31,0.2807888285887795,0.21687532140615345,0.4399483281054897,,,direct_ub,38,,
7,0.3,pca_regression_ub,31,0.2728379825305608,0.21164240859070532,0.4274907048876505,,48.0,pca_mlp,38,,
7,0.3,ml_only,32,0.42487605846806836,0.3176720467378895,0.6322407754105956,,,none,38,,
7,0.3,mlp_concat_ub,32,0.28478594203786156,0.2123985483676958,0.4237783730842684,,,direct_ub,38,,
7,0.3,pca_regression_ub,32,0.2676517680781719,0.19723029334536776,0.3982817059636184,,48.0,pca_mlp,38,,
7,0.3,ml_only,33,0.4474433333319469,0.3361332343808056,0.7196443552123113,,,none,38,,
7,0.3,mlp_concat_ub,33,0.3408636263651186,0.2639810340642711,0.5482271526635387,,,direct_ub,38,,
7,0.3,pca_regression_ub,33,0.3376246055633995,0.264724209608738,0.5430176817367631,,48.0,pca_mlp,38,,
7,0.3,ml_only,34,0.36138627558469627,0.2784341630741353,0.5460196191450749,,,none,38,,
7,0.3,mlp_concat_ub,34,0.2560665676568198,0.19196465244515948,0.386891753212125,,,direct_ub,38,,
7,0.3,pca_regression_ub,34,0.28397251251587624,0.21004707390870872,0.4290549298827742,,48.0,pca_mlp,38,,
7,0.3,ml_only,35,0.41497850828583804,0.32846624465181967,0.5430295193716004,,,none,38,,
7,0.3,mlp_concat_ub,35,0.2888562410164629,0.21991936115897032,0.3779893719667363,,,direct_ub,38,,
7,0.3,pca_regression_ub,35,0.3003996710490827,0.23272234749546006,0.39309478860242275,,48.0,pca_mlp,38,,
7,0.3,ml_only,36,0.38215713482275643,0.2973705385626289,0.5551893079162842,,,none,38,,
7,0.3,mlp_concat_ub,36,0.23623436679385265,0.1830289418116202,0.3431959857746735,,,direct_ub,38,,
7,0.3,pca_regression_ub,36,0.2486287107159034,0.1926542179287519,0.36120221043236883,,48.0,pca_mlp,38,,
7,0.3,ml_only,37,0.6178747175782217,0.47069920948345756,0.7735454632386533,,,none,38,,
7,0.3,mlp_concat_ub,37,0.4319607544971203,0.34476418687965404,0.5407913164792852,,,direct_ub,38,,
7,0.3,pca_regression_ub,37,0.343602588886273,0.2762093876316477,0.43017170994115617,,48.0,pca_mlp,38,,
7,0.3,ml_only,38,0.42678034994062436,0.3034107848266101,0.5512243030613385,,,none,38,,
7,0.3,mlp_concat_ub,38,0.34420391992980626,0.24889497245422743,0.4445695915959693,,,direct_ub,38,,
7,0.3,pca_regression_ub,38,0.33402675382903985,0.24650355250822323,0.43142488778799193,,48.0,pca_mlp,38,,
7,0.3,ml_only,39,0.40627940147043035,0.3087820375074814,0.5541270100039026,,,none,38,,
7,0.3,mlp_concat_ub,39,0.30899172511563366,0.23740261721898204,0.4214357413508585,,,direct_ub,38,,
7,0.3,pca_regression_ub,39,0.31194710623581184,0.24679512497337322,0.4254666040961004,,48.0,pca_mlp,38,,
7,0.3,ml_only,40,0.4144418056182398,0.317290177440856,0.5977187926642147,,,none,38,,
7,0.3,mlp_concat_ub,40,0.24817583434863716,0.18917775386346813,0.35792566788482555,,,direct_ub,38,,
7,0.3,pca_regression_ub,40,0.2653976890067863,0.19880616403535517,0.3827634763157385,,48.0,pca_mlp,38,,
7,0.3,ml_only,41,0.4150743665637626,0.33618973383614853,0.549168436309941,,,none,38,,
7,0.3,mlp_concat_ub,41,0.28261049359347595,0.22126880923675946,0.37391073830059857,,,direct_ub,38,,
7,0.3,pca_regression_ub,41,0.29006928732979825,0.22775382113869178,0.38377917254491195,,48.0,pca_mlp,38,,
7,0.3,ml_only,42,0.4787854438924392,0.36425870591128523,0.5894224571281047,,,none,38,,
7,0.3,mlp_concat_ub,42,0.24610394330240698,0.1826430557989436,0.3029732687587898,,,direct_ub,38,,
7,0.3,pca_regression_ub,42,0.24382619515327453,0.18003319380318028,0.30016918202660786,,48.0,pca_mlp,38,,
7,0.3,ml_only,43,0.379641731741116,0.3061155843863821,0.5888565221755058,,,none,38,,
7,0.3,mlp_concat_ub,43,0.33344387724351787,0.26953374156758764,0.5171997319520946,,,direct_ub,38,,
7,0.3,pca_regression_ub,43,0.2979374568045695,0.2373431281330016,0.4621262626612157,,48.0,pca_mlp,38,,
7,0.3,ml_only,44,0.39419938653238423,0.3176477227699957,0.5739362789013434,,,none,38,,
7,0.3,mlp_concat_ub,44,0.2681615137186792,0.20974294426801285,0.390430900164799,,,direct_ub,38,,
7,0.3,pca_regression_ub,44,0.2679989325676488,0.20305053487593813,0.3901941894442098,,48.0,pca_mlp,38,,
7,0.3,ml_only,45,0.47888064406347014,0.3796566964786434,0.669866330169591,,,none,38,,
7,0.3,mlp_concat_ub,45,0.29798800222541155,0.22681237962069667,0.4168306486383025,,,direct_ub,38,,
7,0.3,pca_regression_ub,45,0.29295215598911517,0.22506736966984953,0.40978642189950143,,48.0,pca_mlp,38,,
7,0.3,ml_only,46,0.36452566945824216,0.2822132649292463,0.6459415255843226,,,none,38,,
7,0.3,mlp_concat_ub,46,0.22491934447054546,0.16943933023784957,0.39855833669176716,,,direct_ub,38,,
7,0.3,pca_regression_ub,46,0.24377535693891775,0.1860615497533985,0.43197129627389796,,48.0,pca_mlp,38,,
7,0.3,ml_only,47,0.46212488414940966,0.3658307939705441,0.6572502728397037,,,none,38,,
7,0.3,mlp_concat_ub,47,0.31203202780620454,0.23116686603518147,0.44378293064185764,,,direct_ub,38,,
7,0.3,pca_regression_ub,47,0.30248690603177236,0.21904120548169886,0.4302075225525901,,48.0,pca_mlp,38,,
7,0.3,ml_only,48,0.480497108716306,0.3859652164824308,0.6687520698799011,,,none,38,,
7,0.3,mlp_concat_ub,48,0.3081472089256178,0.2437554832367711,0.42887684453974745,,,direct_ub,38,,
7,0.3,pca_regression_ub,48,0.2630519875300284,0.1925504931011408,0.3661136726019151,,48.0,pca_mlp,38,,
7,0.3,ml_only,49,0.49705961096268675,0.4085989451079918,0.7086171013756728,,,none,38,,
7,0.3,mlp_concat_ub,49,0.27725911617028914,0.20564205432125882,0.39526557156807474,,,direct_ub,38,,
7,0.3,pca_regression_ub,49,0.28752982824609674,0.22787181715381355,0.4099076830164926,,48.0,pca_mlp,38,,
7,0.3,ml_only,50,0.5636613125184128,0.4596953075106205,0.795214378355515,,,none,38,,
7,0.3,mlp_concat_ub,50,0.3159671073587848,0.2493251259613367,0.4457669548695495,,,direct_ub,38,,
7,0.3,pca_regression_ub,50,0.33320762327448156,0.25962767918970164,0.4700899052689195,,48.0,pca_mlp,38,,
7,0.3,ml_only,51,0.4705875309201994,0.38749870054774577,0.6652715904617216,,,none,38,,
7,0.3,mlp_concat_ub,51,0.2987721868827503,0.23778352335906622,0.42237550910995103,,,direct_ub,38,,
7,0.3,pca_regression_ub,51,0.280736313583046,0.21353145349607783,0.3968781184502417,,48.0,pca_mlp,38,,
7,0.3,ml_only,52,0.43981225216853653,0.3335601618324825,0.6810127470253434,,,none,38,,
7,0.3,mlp_concat_ub,52,0.27872813368194904,0.21770360242835263,0.43158736723699326,,,direct_ub,38,,
7,0.3,pca_regression_ub,52,0.3145225964805457,0.24358072221671595,0.4870121202277938,,48.0,pca_mlp,38,,
7,0.3,ml_only,53,0.5143458973013442,0.4212056122241872,0.6442569932166018,,,none,38,,
7,0.3,mlp_concat_ub,53,0.3419206393634043,0.27702908453142994,0.4282813651100338,,,direct_ub,38,,
7,0.3,pca_regression_ub,53,0.3688271685279046,0.2926168537629493,0.4619838203417507,,48.0,pca_mlp,38,,
7,0.3,ml_only,54,0.3614991834507768,0.2817570271989858,0.5553861246709182,,,none,38,,
7,0.3,mlp_concat_ub,54,0.22891546626480036,0.1765240396610195,0.35169228453694473,,,direct_ub,38,,
7,0.3,pca_regression_ub,54,0.22877379557464564,0.17811567464971723,0.35147463000496654,,48.0,pca_mlp,38,,
7,0.3,ml_only,55,0.4417654108308524,0.35935762978456864,0.6498163635921895,,,none,38,,
7,0.3,mlp_concat_ub,55,0.26853164051510864,0.19810548872358053,0.39499754818012645,,,direct_ub,38,,
7,0.3,pca_regression_ub,55,0.25441201300667143,0.19787114367359007,0.374228233114122,,48.0,pca_mlp,38,,
7,0.3,ml_only,56,0.592385704160374,0.48826693754496625,0.8403737907747061,,,none,38,,
7,0.3,mlp_concat_ub,56,0.23287184781673806,0.19257980464731644,0.33035806931202005,,,direct_ub,38,,
7,0.3,pca_regression_ub,56,0.2258225372498715,0.1857516104387275,0.3203577337167808,,48.0,pca_mlp,38,,
7,0.3,ml_only,57,0.5230577454194086,0.4376780574871334,0.5944295721226674,,,none,38,,
7,0.3,mlp_concat_ub,57,0.34888348248138973,0.2629818109361953,0.3964890320968055,,,direct_ub,38,,
7,0.3,pca_regression_ub,57,0.2862040631695635,0.21074547573004282,0.3252569344389249,,48.0,pca_mlp,38,,
7,0.3,ml_only,58,0.5744027454982422,0.4632067147644388,0.7382239187618617,,,none,38,,
7,0.3,mlp_concat_ub,58,0.2819848785655324,0.20599454196169864,0.3624077073407234,,,direct_ub,38,,
7,0.3,pca_regression_ub,58,0.2830559552696807,0.2120750679235897,0.36378425793702157,,48.0,pca_mlp,38,,
7,0.3,ml_only,59,0.41633584810226487,0.31576471815080676,0.6480563287802431,,,none,38,,
7,0.3,mlp_concat_ub,59,0.3147700677550066,0.23671485986900453,0.4899619752875859,,,direct_ub,38,,
7,0.3,pca_regression_ub,59,0.3739626833363946,0.30370294509350537,0.5820994871531316,,48.0,pca_mlp,38,,
7,0.3,ml_only,60,0.49182500837164644,0.3733362853780042,0.6554607904316481,,,none,38,,
7,0.3,mlp_concat_ub,60,0.3198648507884053,0.23752088160738105,0.4262875298334587,,,direct_ub,38,,
7,0.3,pca_regression_ub,60,0.3213155310380694,0.2250284479190691,0.4282208679251034,,48.0,pca_mlp,38,,
7,0.3,ml_only,61,0.4326971129705406,0.32282539588853965,0.6168134523316079,,,none,38,,
7,0.3,mlp_concat_ub,61,0.32979136332325587,0.2660317194627444,0.47012042202928794,,,direct_ub,38,,
7,0.3,pca_regression_ub,61,0.2847193243485916,0.21469699066138867,0.40586984320585073,,48.0,pca_mlp,38,,
7,0.3,ml_only,62,0.42421454701395267,0.3345867306402277,0.5951848829252528,,,none,38,,
7,0.3,mlp_concat_ub,62,0.28271441617591736,0.20599041680871819,0.3966562388710593,,,direct_ub,38,,
7,0.3,pca_regression_ub,62,0.2612741625750117,0.19265886749680858,0.36657496297147746,,48.0,pca_mlp,38,,
7,0.3,ml_only,63,0.4975491032578287,0.3990346367416134,0.7336590413995716,,,none,38,,
7,0.3,mlp_concat_ub,63,0.22102500835530062,0.1570724210022959,0.3259115425864869,,,direct_ub,38,,
7,0.3,pca_regression_ub,63,0.23243723580526549,0.17362291554709305,0.3427393969557398,,48.0,pca_mlp,38,,
7,0.3,ml_only,64,0.42509866933655,0.32583681474224546,0.6176081281586999,,,none,38,,
7,0.3,mlp_concat_ub,64,0.32584483972544204,0.25154146905477537,0.4734063784464047,,,direct_ub,38,,
7,0.3,pca_regression_ub,64,0.39418725860052406,0.29729770916686427,0.572698228644742,,48.0,pca_mlp,38,,
7,0.3,ml_only,65,0.4463393504437937,0.3504360442254821,0.6104055310993611,,,none,38,,
7,0.3,mlp_concat_ub,65,0.3963554906704128,0.30522407171267213,0.542048518792402,,,direct_ub,38,,
7,0.3,pca_regression_ub,65,0.34705456813898444,0.27306101190166543,0.4746254789650531,,48.0,pca_mlp,38,,
7,0.3,ml_only,66,0.5655139078184463,0.4630766379774668,0.8250175202546906,,,none,38,,
7,0.3,mlp_concat_ub,66,0.29965021453161234,0.2287128560341686,0.4371540178212977,,,direct_ub,38,,
7,0.3,pca_regression_ub,66,0.278800714390619,0.21825208357610698,0.40673707728799,,48.0,pca_mlp,38,,
7,0.3,ml_only,67,0.5367393041510007,0.4343545795613668,0.824635501193788,,,none,38,,
7,0.3,mlp_concat_ub,67,0.29739649404267665,0.22792119375075326,0.4569140083863949,,,direct_ub,38,,
7,0.3,pca_regression_ub,67,0.2926565520242894,0.23626869017262728,0.4496316565412194,,48.0,pca_mlp,38,,
7,0.3,ml_only,68,0.49637212067388725,0.3543337664247045,0.6158910541004192,,,none,38,,
7,0.3,mlp_concat_ub,68,0.2986650855883953,0.22446513491766895,0.3705791415849466,,,direct_ub,38,,
7,0.3,pca_regression_ub,68,0.26585384821276026,0.19749391785237114,0.3298674522455377,,48.0,pca_mlp,38,,
7,0.3,ml_only,69,0.2509835361717699,0.1921395870359652,0.4820123722694527,,,none,38,,
7,0.3,mlp_concat_ub,69,0.23637117935190408,0.17632526328543893,0.45394942884845124,,,direct_ub,38,,
7,0.3,pca_regression_ub,69,0.21258213163136877,0.16977201778152357,0.4082627057242746,,48.0,pca_mlp,38,,
7,0.3,ml_only,70,0.4227299839926149,0.3499500105215808,0.5143450250415903,,,none,38,,
7,0.3,mlp_concat_ub,70,0.2299247028193266,0.17966928865659573,0.2797545277302893,,,direct_ub,38,,
7,0.3,pca_regression_ub,70,0.1823582719839093,0.14538625195103727,0.2218793876039405,,48.0,pca_mlp,38,,
7,0.3,ml_only,71,0.47528292328300165,0.381172365144115,0.7531112803556432,,,none,38,,
7,0.3,mlp_concat_ub,71,0.2631855835920385,0.21318872839622993,0.4170316712854558,,,direct_ub,38,,
7,0.3,pca_regression_ub,71,0.2560470175938549,0.2066698292664762,0.405720230635201,,48.0,pca_mlp,38,,
7,0.3,ml_only,72,0.39849980803021756,0.2836380304076418,0.6073112437140779,,,none,38,,
7,0.3,mlp_concat_ub,72,0.29562522372759104,0.23363904183636297,0.4505310132587111,,,direct_ub,38,,
7,0.3,pca_regression_ub,72,0.3194793796279003,0.25112090614471155,0.4868845993725288,,48.0,pca_mlp,38,,
7,0.3,ml_only,73,0.37168466591894056,0.30042379108581235,0.5120989748301117,,,none,38,,
7,0.3,mlp_concat_ub,73,0.2792800149270104,0.2173436261038523,0.3847858748250078,,,direct_ub,38,,
7,0.3,pca_regression_ub,73,0.2744465559157128,0.21212695448948343,0.3781264410857944,,48.0,pca_mlp,38,,
7,0.3,ml_only,74,0.35912677998266324,0.26876253302813385,0.5777781255080031,,,none,38,,
7,0.3,mlp_concat_ub,74,0.25716876090873986,0.19965979312781756,0.4137438166661938,,,direct_ub,38,,
7,0.3,pca_regression_ub,74,0.2845023826704199,0.20054571495221465,0.4577192861245579,,48.0,pca_mlp,38,,
7,0.3,ml_only,75,0.3908401272317163,0.30577397393918065,0.5452148209444531,,,none,38,,
7,0.3,mlp_concat_ub,75,0.26910202506643466,0.21915751640810277,0.3753923975298507,,,direct_ub,38,,
7,0.3,pca_regression_ub,75,0.3155050693861354,0.2448600998546098,0.44012379468509677,,48.0,pca_mlp,38,,
7,0.3,ml_only,76,0.4428610927473371,0.3581127674825079,0.6371512639323195,,,none,38,,
7,0.3,mlp_concat_ub,76,0.35946286942190203,0.2775998372163997,0.5171649199709029,,,direct_ub,38,,
7,0.3,pca_regression_ub,76,0.3080787543190078,0.2210809736059642,0.4432377802423933,,48.0,pca_mlp,38,,
7,0.3,ml_only,77,0.33512997191469807,0.2534649148528461,0.45462149180882494,,,none,38,,
7,0.3,mlp_concat_ub,77,0.22874114887547292,0.17252601652102556,0.3102994391868393,,,direct_ub,38,,
7,0.3,pca_regression_ub,77,0.2480849842573572,0.1915360015202537,0.3365403726622104,,48.0,pca_mlp,38,,
7,0.3,ml_only,78,0.3437979543293345,0.26329071345458627,0.5222960227982267,,,none,38,,
7,0.3,mlp_concat_ub,78,0.2958168032239018,0.22810194751803003,0.44940331335632544,,,direct_ub,38,,
7,0.3,pca_regression_ub,78,0.2633689826004352,0.19613201020132898,0.40010875692661346,,48.0,pca_mlp,38,,
7,0.3,ml_only,79,0.3311267747426619,0.2547314889044671,0.49516428663934997,,,none,38,,
7,0.3,mlp_concat_ub,79,0.23093633910876626,0.1825567029225591,0.3453403238163525,,,direct_ub,38,,
7,0.3,pca_regression_ub,79,0.2145850936226795,0.16633558564071596,0.3208888042644366,,48.0,pca_mlp,38,,
7,0.3,ml_only,80,0.4218951419419607,0.33227665439721044,0.5941579922146,,,none,38,,
7,0.3,mlp_concat_ub,80,0.3014910801164235,0.2341098849416669,0.4245920775670566,,,direct_ub,38,,
7,0.3,pca_regression_ub,80,0.2828248869358273,0.23007035373632054,0.3983043421562548,,48.0,pca_mlp,38,,
7,0.3,ml_only,81,0.38220813526793507,0.3110137240937132,0.5262269993169374,,,none,38,,
7,0.3,mlp_concat_ub,81,0.23983272046953205,0.18719013308097007,0.3302034707927569,,,direct_ub,38,,
7,0.3,pca_regression_ub,81,0.27190562595872514,0.21296041155599177,0.3743616852774441,,48.0,pca_mlp,38,,
7,0.3,ml_only,82,0.3842054588284966,0.30018591215306445,0.5457041578607612,,,none,38,,
7,0.3,mlp_concat_ub,82,0.2935877229341374,0.22173303027023222,0.4169957438672107,,,direct_ub,38,,
7,0.3,pca_regression_ub,82,0.33082396637505346,0.2588232446745306,0.4698840420469977,,48.0,pca_mlp,38,,
7,0.3,ml_only,83,0.37781031464154696,0.28734847607527503,0.6047853651623623,,,none,38,,
7,0.3,mlp_concat_ub,83,0.2515507487022526,0.1934595329156792,0.4026735256158822,,,direct_ub,38,,
7,0.3,pca_regression_ub,83,0.2601359006905197,0.1928944791549052,0.41641633273094103,,48.0,pca_mlp,38,,
7,0.3,ml_only,84,0.461376463831116,0.3829546673264277,0.5947501230259166,,,none,38,,
7,0.3,mlp_concat_ub,84,0.2427919699516491,0.18543280001947732,0.3129777206218843,,,direct_ub,38,,
7,0.3,pca_regression_ub,84,0.23391802284676164,0.17517838607517844,0.3015385130634138,,48.0,pca_mlp,38,,
7,0.3,ml_only,85,0.4537652254656114,0.3603018351659043,0.6890316541460352,,,none,38,,
7,0.3,mlp_concat_ub,85,0.25350075308057074,0.2004121733568377,0.384934837267755,,,direct_ub,38,,
7,0.3,pca_regression_ub,85,0.2823042422911764,0.22192184768933002,0.42867224750142047,,48.0,pca_mlp,38,,
7,0.3,ml_only,86,0.4411552356437229,0.35028226441796184,0.6216359901641518,,,none,38,,
7,0.3,mlp_concat_ub,86,0.3080844715705838,0.2348169175264343,0.4341247254144526,,,direct_ub,38,,
7,0.3,pca_regression_ub,86,0.278665576922353,0.1894776376882858,0.3926702843773818,,48.0,pca_mlp,38,,
7,0.3,ml_only,87,0.43522593532998094,0.3550773293805981,0.6170552473103927,,,none,38,,
7,0.3,mlp_concat_ub,87,0.2835884606382825,0.22627432228829034,0.4020664521769704,,,direct_ub,38,,
7,0.3,pca_regression_ub,87,0.21775256113029276,0.1651564177372912,0.3087255366775205,,48.0,pca_mlp,38,,
7,0.3,ml_only,88,0.48820157799273556,0.3861344971554125,0.6559699433163777,,,none,38,,
7,0.3,mlp_concat_ub,88,0.28532652948029336,0.21453086116044917,0.38337775993962847,,,direct_ub,38,,
7,0.3,pca_regression_ub,88,0.29806478430260963,0.22927853693026493,0.4004934610565731,,48.0,pca_mlp,38,,
7,0.3,ml_only,89,0.45641485690825667,0.35211033252526286,0.6368321860699598,,,none,38,,
7,0.3,mlp_concat_ub,89,0.260273464232505,0.19090772034204606,0.363157589404468,,,direct_ub,38,,
7,0.3,pca_regression_ub,89,0.2903691272305256,0.21461295822252846,0.4051498395868646,,48.0,pca_mlp,38,,
7,0.3,ml_only,90,0.5148900128203657,0.41960181530367324,0.692612121253535,,,none,38,,
7,0.3,mlp_concat_ub,90,0.30825087123962364,0.2436522333321099,0.41464834137695933,,,direct_ub,38,,
7,0.3,pca_regression_ub,90,0.31470818375653753,0.24199073238944563,0.42333449338724716,,48.0,pca_mlp,38,,
7,0.3,ml_only,91,0.5535402410439614,0.4563397162850618,0.7282363044915366,,,none,38,,
7,0.3,mlp_concat_ub,91,0.2742946970041259,0.19941029833996954,0.3608614905958507,,,direct_ub,38,,
7,0.3,pca_regression_ub,91,0.34232026085397166,0.2668760176200291,0.450355770425509,,48.0,pca_mlp,38,,
7,0.3,ml_only,92,0.3711009820594216,0.2834890734770324,0.5646634678614844,,,none,38,,
7,0.3,mlp_concat_ub,92,0.2718805924564316,0.20823453316461626,0.4136907354130941,,,direct_ub,38,,
7,0.3,pca_regression_ub,92,0.2583552928037948,0.1905740769400375,0.3931107774638028,,48.0,pca_mlp,38,,
7,0.3,ml_only,93,0.5193674609837009,0.42137792265046914,0.7551426944534633,,,none,38,,
7,0.3,mlp_concat_ub,93,0.3726079397147884,0.30209097962559306,0.5417593220762227,,,direct_ub,38,,
7,0.3,pca_regression_ub,93,0.3170986078137145,0.25032724758174696,0.4610506338967683,,48.0,pca_mlp,38,,
7,0.3,ml_only,94,0.35579181305134866,0.27715510773575647,0.576984859176773,,,none,38,,
7,0.3,mlp_concat_ub,94,0.2440274002708493,0.1910251590502534,0.3957373666724293,,,direct_ub,38,,
7,0.3,pca_regression_ub,94,0.22664575990322464,0.16486841316451256,0.36754969356729295,,48.0,pca_mlp,38,,
7,0.3,ml_only,95,0.5661503870193423,0.439674105714161,0.7436428644420545,,,none,38,,
7,0.3,mlp_concat_ub,95,0.397540907482957,0.3098098033457406,0.5221730231960788,,,direct_ub,38,,
7,0.3,pca_regression_ub,95,0.34508624083325334,0.2764249170700491,0.45327341726963066,,48.0,pca_mlp,38,,
7,0.3,ml_only,96,0.3474345794237853,0.27162702679271106,0.4653146782923133,,,none,38,,
7,0.3,mlp_concat_ub,96,0.270304556333825,0.20703311275346126,0.3620154271345669,,,direct_ub,38,,
7,0.3,pca_regression_ub,96,0.2646776889718769,0.20710626922951697,0.35447943581021246,,48.0,pca_mlp,38,,
7,0.3,ml_only,97,0.3390805726527539,0.274511461469787,0.5202340441625901,,,none,38,,
7,0.3,mlp_concat_ub,97,0.18163689727165921,0.13921802467344938,0.27867623585014245,,,direct_ub,38,,
7,0.3,pca_regression_ub,97,0.1956172796475194,0.15286197987421607,0.30012562413397476,,48.0,pca_mlp,38,,
7,0.3,ml_only,98,0.38513925642243285,0.3095387915731672,0.5382735961027297,,,none,38,,
7,0.3,mlp_concat_ub,98,0.2402640535580192,0.17568107645075776,0.33579489487574604,,,direct_ub,38,,
7,0.3,pca_regression_ub,98,0.27257733553884905,0.20946162703597954,0.380956187067226,,48.0,pca_mlp,38,,
7,0.3,ml_only,99,0.5059408984995715,0.3899747427755379,0.6510469256698908,,,none,38,,
7,0.3,mlp_concat_ub,99,0.3516940392341844,0.26103041458498477,0.4525614033158374,,,direct_ub,38,,
7,0.3,pca_regression_ub,99,0.36472711985540124,0.2815370484631757,0.46933242755130605,,48.0,pca_mlp,38,,
7,0.3,ridge_prior_csgm,0,0.6426858381188642,0.492400366013072,0.9247323178233038,,0.001,csgm_m2,38,0.6185929120106409,0.6131104664976696
7,0.3,ridge_prior_csgm,1,0.629703807141569,0.4973457198013878,0.9202837014982622,,0.001,csgm_m2,38,0.6185929120106409,0.6131104664976696
7,0.3,ridge_prior_csgm,2,0.6972836456670264,0.5451778318893525,0.9558430833945435,,0.001,csgm_m2,38,0.6185929120106409,0.6131104664976696
7,0.3,ridge_prior_csgm,3,0.6788125460480591,0.5401697488014222,0.9243417997740612,,0.001,csgm_m2,38,0.6185929120106409,0.6131104664976696
7,0.3,ridge_prior_csgm,4,0.5515942440622924,0.44293535135592077,0.7926196027604436,,0.001,csgm_m2,38,0.6185929120106409,0.6131104664976696
7,0.3,ridge_prior_csgm,5,0.6449377929395934,0.4989045738404777,0.8913712415642384,,0.001,csgm_m2,38,0.6185929120106409,0.6131104664976696
7,0.3,ridge_prior_csgm,6,0.6829537585109761,0.5548300471787356,0.9081034821224628,,0.001,csgm_m2,38,0.6185929120106409,0.6131104664976696
7,0.3,ridge_prior_csgm,7,0.5287088702335744,0.39847450879361757,0.8270662902357777,,0.001,csgm_m2,38,0.6185929120106409,0.6131104664976696
7,0.3,ridge_prior_csgm,8,0.6821532736180943,0.5571813908915587,0.8262634174348816,,0.001,csgm_m2,38,0.6185929120106409,0.6131104664976696
7,0.3,ridge_prior_csgm,9,0.568694294538799,0.4738855848827045,0.9619102545875577,,0.001,csgm_m2,38,0.6185929120106409,0.6131104664976696
7,0.3,ridge_prior_csgm,10,0.6478382984319122,0.5147675268683778,0.8557542374123929,,0.001,csgm_m2,38,0.6185929120106409,0.6131104664976696
7,0.3,ridge_prior_csgm,11,0.6248588944245401,0.49437136350235833,0.9671620776402466,,0.001,csgm_m2,38,0.6185929120106409,0.6131104664976696
7,0.3,ridge_prior_csgm,12,0.7077983789834403,0.560771989900432,0.9734010037170306,,0.001,csgm_m2,38,0.6185929120106409,0.6131104664976696
7,0.3,ridge_prior_csgm,13,0.5876251910770172,0.45869708650042473,0.8551982601724631,,0.001,csgm_m2,38,0.6185929120106409,0.6131104664976696
7,0.3,ridge_prior_csgm,14,0.6384960907143012,0.5251558497473535,0.8874029958739009,,0.001,csgm_m2,38,0.6185929120106409,0.6131104664976696
7,0.3,ridge_prior_csgm,15,0.5968966366292725,0.4728032944218115,0.8897604350626794,,0.001,csgm_m2,38,0.6185929120106409,0.6131104664976696
7,0.3,ridge_prior_csgm,16,0.5973303225669487,0.4468388597189247,0.8311171503350963,,0.001,csgm_m2,38,0.6185929120106409,0.6131104664976696
7,0.3,ridge_prior_csgm,17,0.563288176666935,0.44946371247930306,0.9213269110808576,,0.001,csgm_m2,38,0.6185929120106409,0.6131104664976696
7,0.3,ridge_prior_csgm,18,0.7406152448540403,0.62527364921408,0.8520973095441182,,0.001,csgm_m2,38,0.6185929120106409,0.6131104664976696
7,0.3,ridge_prior_csgm,19,0.5408348956421742,0.4249741297076389,0.7808728217483993,,0.001,csgm_m2,38,0.6185929120106409,0.6131104664976696
7,0.3,ridge_prior_csgm,20,0.7182095813915985,0.5626345876144986,0.8978547182764054,,0.001,csgm_m2,38,0.6185929120106409,0.6131104664976696
7,0.3,ridge_prior_csgm,21,0.558281410941787,0.4326007408235299,0.9147166317333969,,0.001,csgm_m2,38,0.6185929120106409,0.6131104664976696
7,0.3,ridge_prior_csgm,22,0.6669766017098412,0.5320610439678861,1.0106407639838288,,0.001,csgm_m2,38,0.6185929120106409,0.6131104664976696
7,0.3,ridge_prior_csgm,23,0.5215912690926655,0.42974727043574157,0.8494449131320498,,0.001,csgm_m2,38,0.6185929120106409,0.6131104664976696
7,0.3,ridge_prior_csgm,24,0.6296231982411171,0.5164141630732813,0.9832575662769713,,0.001,csgm_m2,38,0.6185929120106409,0.6131104664976696
7,0.3,ridge_prior_csgm,25,0.6533135581020107,0.5461450879840337,0.9011149498221181,,0.001,csgm_m2,38,0.6185929120106409,0.6131104664976696
7,0.3,ridge_prior_csgm,26,0.5209484390833629,0.4221352773994921,0.890673876600031,,0.001,csgm_m2,38,0.6185929120106409,0.6131104664976696
7,0.3,ridge_prior_csgm,27,0.6102184437656855,0.4906479060117833,0.8667834113386853,,0.001,csgm_m2,38,0.6185929120106409,0.6131104664976696
7,0.3,ridge_prior_csgm,28,0.6826002353249905,0.5518312408577042,0.9098981001111038,,0.001,csgm_m2,38,0.6185929120106409,0.6131104664976696
7,0.3,ridge_prior_csgm,29,0.6534626939295748,0.5116985559629037,0.9042666280134678,,0.001,csgm_m2,38,0.6185929120106409,0.6131104664976696
7,0.3,ridge_prior_csgm,30,0.6790575646846497,0.5421342831860458,0.8518050597637509,,0.001,csgm_m2,38,0.6185929120106409,0.6131104664976696
7,0.3,ridge_prior_csgm,31,0.6546937534756156,0.517229624049877,1.0257937386979599,,0.001,csgm_m2,38,0.6185929120106409,0.6131104664976696
7,0.3,ridge_prior_csgm,32,0.6240760919086497,0.4750917225814274,0.9286622401982024,,0.001,csgm_m2,38,0.6185929120106409,0.6131104664976696
7,0.3,ridge_prior_csgm,33,0.5663256047275608,0.43984218996390806,0.9108483561918093,,0.001,csgm_m2,38,0.6185929120106409,0.6131104664976696
7,0.3,ridge_prior_csgm,34,0.5374004279235803,0.4318094110962881,0.8119599354139382,,0.001,csgm_m2,38,0.6185929120106409,0.6131104664976696
7,0.3,ridge_prior_csgm,35,0.6874112149852856,0.5501987561487408,0.8995275037881921,,0.001,csgm_m2,38,0.6185929120106409,0.6131104664976696
7,0.3,ridge_prior_csgm,36,0.5693290167231715,0.44401479205637717,0.8271084168500369,,0.001,csgm_m2,38,0.6185929120106409,0.6131104664976696
7,0.3,ridge_prior_csgm,37,0.726378641407495,0.5846327211978399,0.9093864608290766,,0.001,csgm_m2,38,0.6185929120106409,0.6131104664976696
7,0.3,ridge_prior_csgm,38,0.7449249482272965,0.5939939320384922,0.9621359921484732,,0.001,csgm_m2,38,0.6185929120106409,0.6131104664976696
7,0.3,ridge_prior_csgm,39,0.6338001983729392,0.5280906006635597,0.8644440441557519,,0.001,csgm_m2,38,0.6185929120106409,0.6131104664976696
7,0.3,ridge_prior_csgm,40,0.639058712677613,0.5042041700133751,0.9216671605158142,,0.001,csgm_m2,38,0.6185929120106409,0.6131104664976696
7,0.3,ridge_prior_csgm,41,0.6045482465193063,0.49250822208343875,0.7998538140608675,,0.001,csgm_m2,38,0.6185929120106409,0.6131104664976696
7,0.3,ridge_prior_csgm,42,0.6836372715337307,0.5503877286431833,0.8416111339890465,,0.001,csgm_m2,38,0.6185929120106409,0.6131104664976696
7,0.3,ridge_prior_csgm,43,0.5955495834921498,0.4970079230521169,0.9237479107207368,,0.001,csgm_m2,38,0.6185929120106409,0.6131104664976696
7,0.3,ridge_prior_csgm,44,0.6711883482920497,0.5204560413213164,0.9772195397088252,,0.001,csgm_m2,38,0.6185929120106409,0.6131104664976696
7,0.3,ridge_prior_csgm,45,0.6453505065443589,0.5134511389100268,0.9027271844268989,,0.001,csgm_m2,38,0.6185929120106409,0.6131104664976696
7,0.3,ridge_prior_csgm,46,0.4707718829442227,0.36644193342286213,0.8342104102658543,,0.001,csgm_m2,38,0.6185929120106409,0.6131104664976696
7,0.3,ridge_prior_csgm,47,0.5839344527225679,0.4789550693026532,0.8304921278559136,,0.001,csgm_m2,38,0.6185929120106409,0.6131104664976696
7,0.3,ridge_prior_csgm,48,0.6503307274522006,0.513844114051844,0.905125155179528,,0.001,csgm_m2,38,0.6185929120106409,0.6131104664976696
7,0.3,ridge_prior_csgm,49,0.6118078939920812,0.5021434780591807,0.8722043128786184,,0.001,csgm_m2,38,0.6185929120106409,0.6131104664976696
7,0.3,ridge_prior_csgm,50,0.6279956256050078,0.4926015212262922,0.8859773412409879,,0.001,csgm_m2,38,0.6185929120106409,0.6131104664976696
7,0.3,ridge_prior_csgm,51,0.6397240220330312,0.5085347206346067,0.9043805660602049,,0.001,csgm_m2,38,0.6185929120106409,0.6131104664976696
7,0.3,ridge_prior_csgm,52,0.6487257753869979,0.5168544584277486,1.0044979879122395,,0.001,csgm_m2,38,0.6185929120106409,0.6131104664976696
7,0.3,ridge_prior_csgm,53,0.7313496407577406,0.5933035828797155,0.9160705335004768,,0.001,csgm_m2,38,0.6185929120106409,0.6131104664976696
7,0.3,ridge_prior_csgm,54,0.6286567628112817,0.5029579354756757,0.9658313468734672,,0.001,csgm_m2,38,0.6185929120106409,0.6131104664976696
7,0.3,ridge_prior_csgm,55,0.5939335324812435,0.4827537390974548,0.8736485900210074,,0.001,csgm_m2,38,0.6185929120106409,0.6131104664976696
7,0.3,ridge_prior_csgm,56,0.6245568256813608,0.4927985006763095,0.8860125817789302,,0.001,csgm_m2,38,0.6185929120106409,0.6131104664976696
7,0.3,ridge_prior_csgm,57,0.7536577292483932,0.6252163062253158,0.8564951870941938,,0.001,csgm_m2,38,0.6185929120106409,0.6131104664976696
7,0.3,ridge_prior_csgm,58,0.7099159123209086,0.5655226229530519,0.9123857970601347,,0.001,csgm_m2,38,0.6185929120106409,0.6131104664976696
7,0.3,ridge_prior_csgm,59,0.5979563256952449,0.4799663960869254,0.9307615065272966,,0.001,csgm_m2,38,0.6185929120106409,0.6131104664976696
7,0.3,ridge_prior_csgm,60,0.6698694548634141,0.5408469597849189,0.8927426521568947,,0.001,csgm_m2,38,0.6185929120106409,0.6131104664976696
7,0.3,ridge_prior_csgm,61,0.624928537347538,0.5040157668224119,0.8908409994594086,,0.001,csgm_m2,38,0.6185929120106409,0.6131104664976696
7,0.3,ridge_prior_csgm,62,0.6749871095717553,0.5569087182859344,0.9470258071402405,,0.001,csgm_m2,38,0.6185929120106409,0.6131104664976696
7,0.3,ridge_prior_csgm,63,0.6348241450726098,0.5111434727495723,0.9360774055901091,,0.001,csgm_m2,38,0.6185929120106409,0.6131104664976696
7,0.3,ridge_prior_csgm,64,0.6492791881830388,0.5232407055486756,0.9433106546580498,,0.001,csgm_m2,38,0.6185929120106409,0.6131104664976696
7,0.3,ridge_prior_csgm,65,0.6551456889359709,0.5161205339439094,0.8959652600757573,,0.001,csgm_m2,38,0.6185929120106409,0.6131104664976696
7,0.3,ridge_prior_csgm,66,0.5745803424543062,0.442713926348522,0.8382443698819321,,0.001,csgm_m2,38,0.6185929120106409,0.6131104664976696
7,0.3,ridge_prior_csgm,67,0.5359490115435388,0.4417484825785899,0.823421311483059,,0.001,csgm_m2,38,0.6185929120106409,0.6131104664976696
7,0.3,ridge_prior_csgm,68,0.6517317694756407,0.5107588246471324,0.8086589672847435,,0.001,csgm_m2,38,0.6185929120106409,0.6131104664976696
7,0.3,ridge_prior_csgm,69,0.5002205770215317,0.39639579092555227,0.960670610773165,,0.001,csgm_m2,38,0.6185929120106409,0.6131104664976696
7,0.3,ridge_prior_csgm,70,0.7648716500507255,0.6267936875517576,0.9306364414543534,,0.001,csgm_m2,38,0.6185929120106409,0.6131104664976696
7,0.3,ridge_prior_csgm,71,0.5901289648409124,0.4759151494067234,0.9350909921534413,,0.001,csgm_m2,38,0.6185929120106409,0.6131104664976696
7,0.3,ridge_prior_csgm,72,0.5921062285583053,0.46105607031062834,0.9023662316277178,,0.001,csgm_m2,38,0.6185929120106409,0.6131104664976696
7,0.3,ridge_prior_csgm,73,0.6752934369875486,0.5429098520462817,0.930404475890443,,0.001,csgm_m2,38,0.6185929120106409,0.6131104664976696
7,0.3,ridge_prior_csgm,74,0.5479218192414692,0.429803057970455,0.8815194502107409,,0.001,csgm_m2,38,0.6185929120106409,0.6131104664976696
7,0.3,ridge_prior_csgm,75,0.6574647754715645,0.50459740826004,0.91715132316364,,0.001,csgm_m2,38,0.6185929120106409,0.6131104664976696
7,0.3,ridge_prior_csgm,76,0.6810673120793893,0.5172118446711097,0.9798623221163058,,0.001,csgm_m2,38,0.6185929120106409,0.6131104664976696
7,0.3,ridge_prior_csgm,77,0.5697849494199397,0.4503351166839809,0.7729433516064101,,0.001,csgm_m2,38,0.6185929120106409,0.6131104664976696
7,0.3,ridge_prior_csgm,78,0.5659280448888053,0.4537637548738322,0.8597548743767461,,0.001,csgm_m2,38,0.6185929120106409,0.6131104664976696
7,0.3,ridge_prior_csgm,79,0.554000943759792,0.4158414515652573,0.8284485068522032,,0.001,csgm_m2,38,0.6185929120106409,0.6131104664976696
7,0.3,ridge_prior_csgm,80,0.5860082063403996,0.4620739775246263,0.8252796126019142,,0.001,csgm_m2,38,0.6185929120106409,0.6131104664976696
7,0.3,ridge_prior_csgm,81,0.577690095756488,0.45755834431005105,0.7953680143724413,,0.001,csgm_m2,38,0.6185929120106409,0.6131104664976696
7,0.3,ridge_prior_csgm,82,0.6378365933927199,0.5122670763716756,0.9059477762535492,,0.001,csgm_m2,38,0.6185929120106409,0.6131104664976696
7,0.3,ridge_prior_csgm,83,0.6064127212658627,0.4653820643876845,0.9707239978819413,,0.001,csgm_m2,38,0.6185929120106409,0.6131104664976696
7,0.3,ridge_prior_csgm,84,0.6838058103876866,0.5681481786263018,0.8814788393774262,,0.001,csgm_m2,38,0.6185929120106409,0.6131104664976696
7,0.3,ridge_prior_csgm,85,0.5713419670126305,0.4512527738157269,0.8675691272062822,,0.001,csgm_m2,38,0.6185929120106409,0.6131104664976696
7,0.3,ridge_prior_csgm,86,0.6462533326350772,0.5352226795141805,0.9106416469098193,,0.001,csgm_m2,38,0.6185929120106409,0.6131104664976696
7,0.3,ridge_prior_csgm,87,0.6357032148699026,0.5099851958422206,0.9012882106167489,,0.001,csgm_m2,38,0.6185929120106409,0.6131104664976696
7,0.3,ridge_prior_csgm,88,0.6377646288375768,0.4955517854096032,0.8569296911080467,,0.001,csgm_m2,38,0.6185929120106409,0.6131104664976696
7,0.3,ridge_prior_csgm,89,0.6360859744505203,0.5215291541361152,0.8875259328361218,,0.001,csgm_m2,38,0.6185929120106409,0.6131104664976696
7,0.3,ridge_prior_csgm,90,0.6755622308492263,0.5080042861759668,0.9087427957366386,,0.001,csgm_m2,38,0.6185929120106409,0.6131104664976696
7,0.3,ridge_prior_csgm,91,0.7146975794130449,0.6012541644427891,0.9402545388194596,,0.001,csgm_m2,38,0.6185929120106409,0.6131104664976696
7,0.3,ridge_prior_csgm,92,0.5905439551196993,0.45380248517381905,0.8985656566361011,,0.001,csgm_m2,38,0.6185929120106409,0.6131104664976696
7,0.3,ridge_prior_csgm,93,0.6129501526542037,0.4820841245342352,0.8912087579847111,,0.001,csgm_m2,38,0.6185929120106409,0.6131104664976696
7,0.3,ridge_prior_csgm,94,0.5935958549887965,0.46466557326313834,0.9626298532878191,,0.001,csgm_m2,38,0.6185929120106409,0.6131104664976696
7,0.3,ridge_prior_csgm,95,0.687243206392545,0.5405598500536094,0.9026992090577411,,0.001,csgm_m2,38,0.6185929120106409,0.6131104664976696
7,0.3,ridge_prior_csgm,96,0.6522475884648223,0.5298878694550809,0.8735468337572975,,0.001,csgm_m2,38,0.6185929120106409,0.6131104664976696
7,0.3,ridge_prior_csgm,97,0.5293749089541715,0.41811900436249494,0.8121929475607629,,0.001,csgm_m2,38,0.6185929120106409,0.6131104664976696
7,0.3,ridge_prior_csgm,98,0.6055860827166587,0.495143900552087,0.8463717812658539,,0.001,csgm_m2,38,0.6185929120106409,0.6131104664976696
7,0.3,ridge_prior_csgm,99,0.6251097609813956,0.4716140062506221,0.8043939307933268,,0.001,csgm_m2,38,0.6185929120106409,0.6131104664976696
7,0.5,ml_only,0,0.47913727840430803,0.37994872712363936,0.6894095057567137,,,none,64,,
7,0.5,mlp_concat_ub,0,0.2628911284000656,0.20662869515055887,0.3782624543464962,,,direct_ub,64,,
7,0.5,pca_regression_ub,0,0.684356256392396,0.5357743786951947,0.9846900455173483,,64.0,pca_mlp,64,,
7,0.5,ml_only,1,0.3659714288317463,0.2887386032503486,0.5348507303723019,,,none,64,,
7,0.5,mlp_concat_ub,1,0.2509738285902746,0.1852975403121107,0.36678692638477667,,,direct_ub,64,,
7,0.5,pca_regression_ub,1,0.5704643774390682,0.447543396257373,0.8337079479090719,,64.0,pca_mlp,64,,
7,0.5,ml_only,2,0.5380048065404691,0.43682790264737664,0.7375021289547002,,,none,64,,
7,0.5,mlp_concat_ub,2,0.25393393434860934,0.1915360124356746,0.34809506331400286,,,direct_ub,64,,
7,0.5,pca_regression_ub,2,0.6811881862483198,0.5392871174461898,0.9337792738458321,,64.0,pca_mlp,64,,
7,0.5,ml_only,3,0.471259541822074,0.39368654421641974,0.6417160313028085,,,none,64,,
7,0.5,mlp_concat_ub,3,0.26934750899920684,0.20958783514625687,0.36677159649220786,,,direct_ub,64,,
7,0.5,pca_regression_ub,3,0.6816719984214795,0.5248721233338671,0.9282355276796569,,64.0,pca_mlp,64,,
7,0.5,ml_only,4,0.45722552659088617,0.3497300864606077,0.6570154042750957,,,none,64,,
7,0.5,mlp_concat_ub,4,0.2161998647775767,0.163318350895168,0.31067084687981633,,,direct_ub,64,,
7,0.5,pca_regression_ub,4,0.5837886659955693,0.4639657676285083,0.8388817423649576,,64.0,pca_mlp,64,,
7,0.5,ml_only,5,0.4789781000921938,0.3805200611005346,0.6619976506807811,,,none,64,,
7,0.5,mlp_concat_ub,5,0.29417208994447397,0.21614722106407452,0.4065764852330688,,,direct_ub,64,,
7,0.5,pca_regression_ub,5,0.6630150776544148,0.49946580828784537,0.9163559329511637,,64.0,pca_mlp,64,,
7,0.5,ml_only,6,0.5237646862782891,0.42942452860874875,0.6964344649908676,,,none,64,,
7,0.5,mlp_concat_ub,6,0.2837774455938631,0.22210470606595084,0.3773305048550564,,,direct_ub,64,,
7,0.5,pca_regression_ub,6,0.6361265223493185,0.5166333730342103,0.8458386864658934,,64.0,pca_mlp,64,,
7,0.5,ml_only,7,0.3317189524758182,0.25199230172513554,0.5189123520925014,,,none,64,,
7,0.5,mlp_concat_ub,7,0.2402536764736993,0.18060433585387958,0.37583200907679964,,,direct_ub,64,,
7,0.5,pca_regression_ub,7,0.5942750889801667,0.45195037721496323,0.9296323948664317,,64.0,pca_mlp,64,,
7,0.5,ml_only,8,0.507859961460438,0.4231980291927424,0.615149297912155,,,none,64,,
7,0.5,mlp_concat_ub,8,0.20839063962667156,0.1682416672694967,0.25241477057804634,,,direct_ub,64,,
7,0.5,pca_regression_ub,8,0.7361917873898357,0.609325447689345,0.8917179843027063,,64.0,pca_mlp,64,,
7,0.5,ml_only,9,0.38529741634203823,0.3109857389847124,0.6517060913123206,,,none,64,,
7,0.5,mlp_concat_ub,9,0.24922496762033103,0.20510975079440416,0.42154819268525795,,,direct_ub,64,,
7,0.5,pca_regression_ub,9,0.5417019682340243,0.43536926096516715,0.9162544502000831,,64.0,pca_mlp,64,,
7,0.5,ml_only,10,0.3556416198839044,0.28865863186319807,0.4697805362117613,,,none,64,,
7,0.5,mlp_concat_ub,10,0.18454327793107878,0.13074141407172718,0.243770231642289,,,direct_ub,64,,
7,0.5,pca_regression_ub,10,0.6396585971406431,0.5037993883879411,0.8449493590072197,,64.0,pca_mlp,64,,
7,0.5,ml_only,11,0.42638432657603254,0.3318612040978857,0.6599614006363698,,,none,64,,
7,0.5,mlp_concat_ub,11,0.270675369408465,0.18924972378201957,0.4189537109561725,,,direct_ub,64,,
7,0.5,pca_regression_ub,11,0.5830064395017104,0.45272321621728173,0.9023824808085702,,64.0,pca_mlp,64,,
7,0.5,ml_only,12,0.587969886192795,0.4561109317371613,0.8086066517946139,,,none,64,,
7,0.5,mlp_concat_ub,12,0.2638261375274415,0.19408858923347777,0.3628273738699919,,,direct_ub,64,,
7,0.5,pca_regression_ub,12,0.6850507557403964,0.5478246586155927,0.9421172936176129,,64.0,pca_mlp,64,,
7,0.5,ml_only,13,0.32810787368910477,0.2586649184346997,0.4775106428189737,,,none,64,,
7,0.5,mlp_concat_ub,13,0.226959087114695,0.18136303991383523,0.3303041111547217,,,direct_ub,64,,
7,0.5,pca_regression_ub,13,0.5624607100183239,0.43415000791643826,0.8185752209523546,,64.0,pca_mlp,64,,
7,0.5,ml_only,14,0.4523398042552007,0.36433770754925343,0.6286768287022938,,,none,64,,
7,0.5,mlp_concat_ub,14,0.292711997952101,0.21557551074826417,0.4068208211272476,,,direct_ub,64,,
7,0.5,pca_regression_ub,14,0.6076926099935438,0.4996935564291049,0.8445912990248825,,64.0,pca_mlp,64,,
7,0.5,ml_only,15,0.4564267225504067,0.3638131985351024,0.6803697898584652,,,none,64,,
7,0.5,mlp_concat_ub,15,0.20340774768023262,0.16552813666429356,0.30320855398535485,,,direct_ub,64,,
7,0.5,pca_regression_ub,15,0.6217202594281354,0.4950131288063295,0.9267636213196428,,64.0,pca_mlp,64,,
7,0.5,ml_only,16,0.3980563803880544,0.3005883353775594,0.5538501429479052,,,none,64,,
7,0.5,mlp_concat_ub,16,0.194332458761285,0.15322437176739162,0.2703914956957328,,,direct_ub,64,,
7,0.5,pca_regression_ub,16,0.6288532151143289,0.4797878221741284,0.874977667095254,,64.0,pca_mlp,64,,
7,0.5,ml_only,17,0.39598976698469496,0.3253356576411065,0.6476898396739479,,,none,64,,
7,0.5,mlp_concat_ub,17,0.20059996357674062,0.15262798439059058,0.32810584787823716,,,direct_ub,64,,
7,0.5,pca_regression_ub,17,0.5798592565239407,0.4674015253651804,0.9484309449490433,,64.0,pca_mlp,64,,
7,0.5,ml_only,18,0.5689524419588834,0.4581700008365599,0.6545947418990343,,,none,64,,
7,0.5,mlp_concat_ub,18,0.3130618096485075,0.24274895384019346,0.3601858422116044,,,direct_ub,64,,
7,0.5,pca_regression_ub,18,0.7631989246793609,0.646451346969682,0.8780804268948202,,64.0,pca_mlp,64,,
7,0.5,ml_only,19,0.38456343241808105,0.3052014377166369,0.555243633562131,,,none,64,,
7,0.5,mlp_concat_ub,19,0.2352788839064106,0.17531311421121806,0.33970235177903,,,direct_ub,64,,
7,0.5,pca_regression_ub,19,0.6723552104227454,0.5407174660479477,0.9707655970620149,,64.0,pca_mlp,64,,
7,0.5,ml_only,20,0.6714798559606375,0.5668097344638252,0.8394365273346269,,,none,64,,
7,0.5,mlp_concat_ub,20,0.27858933614635395,0.21192739115365714,0.3482726440878716,,,direct_ub,64,,
7,0.5,pca_regression_ub,20,0.7542318980844221,0.5974030119587475,0.9428872656607378,,64.0,pca_mlp,64,,
7,0.5,ml_only,21,0.453409352528967,0.3514329991101371,0.7428889223484516,,,none,64,,
7,0.5,mlp_concat_ub,21,0.21190748058631692,0.16185485497198085,0.34719998388274764,,,direct_ub,64,,
7,0.5,pca_regression_ub,21,0.5915047022886504,0.4569032271828543,0.969151360456738,,64.0,pca_mlp,64,,
7,0.5,ml_only,22,0.4587927018558927,0.3526799367215797,0.6951887150541445,,,none,64,,
7,0.5,mlp_concat_ub,22,0.2828380240322564,0.22765395320304443,0.42857221071750595,,,direct_ub,64,,
7,0.5,pca_regression_ub,22,0.6450341035962037,0.4965690109977974,0.9773922467188595,,64.0,pca_mlp,64,,
7,0.5,ml_only,23,0.40768072772701486,0.339990523830657,0.6639342735780364,,,none,64,,
7,0.5,mlp_concat_ub,23,0.19844968833160534,0.1574906913643257,0.32318807513623177,,,direct_ub,64,,
7,0.5,pca_regression_ub,23,0.506826540774872,0.40741831281217183,0.8253996038899234,,64.0,pca_mlp,64,,
7,0.5,ml_only,24,0.4276708776935034,0.344185319549819,0.6678766404147229,,,none,64,,
7,0.5,mlp_concat_ub,24,0.2577456006865941,0.19904328145556754,0.40251107766941624,,,direct_ub,64,,
7,0.5,pca_regression_ub,24,0.639533163743038,0.5389496453788926,0.9987335661901382,,64.0,pca_mlp,64,,
7,0.5,ml_only,25,0.3646677377197245,0.2942373134895447,0.5029859645523305,,,none,64,,
7,0.5,mlp_concat_ub,25,0.25022612435786423,0.18422971911203462,0.34513672446961874,,,direct_ub,64,,
7,0.5,pca_regression_ub,25,0.6556044737279313,0.545348676008871,0.9042748081989984,,64.0,pca_mlp,64,,
7,0.5,ml_only,26,0.3947877435463958,0.30077176043100506,0.6749749180501514,,,none,64,,
7,0.5,mlp_concat_ub,26,0.19911194172655142,0.14059637484316007,0.34042487069736327,,,direct_ub,64,,
7,0.5,pca_regression_ub,26,0.5337971532583625,0.42083453766743234,0.9126415286841971,,64.0,pca_mlp,64,,
7,0.5,ml_only,27,0.38189760842097353,0.2965428695029827,0.5424655960355149,,,none,64,,
7,0.5,mlp_concat_ub,27,0.22442570530524966,0.1653301133784783,0.318784986628937,,,direct_ub,64,,
7,0.5,pca_regression_ub,27,0.5710499053865976,0.4580812783319917,0.8111465493915684,,64.0,pca_mlp,64,,
7,0.5,ml_only,28,0.4381974081946226,0.33693083390860995,0.5841120007819308,,,none,64,,
7,0.5,mlp_concat_ub,28,0.2628173972011469,0.20600073205992997,0.35033250505050606,,,direct_ub,64,,
7,0.5,pca_regression_ub,28,0.6485034125957535,0.5085052214553822,0.8644474357022544,,64.0,pca_mlp,64,,
7,0.5,ml_only,29,0.4013118758191937,0.3257913378010758,0.5553384150310678,,,none,64,,
7,0.5,mlp_concat_ub,29,0.27028303748636157,0.20175099913199,0.3740197155667624,,,direct_ub,64,,
7,0.5,pca_regression_ub,29,0.615698856772304,0.4937882372097372,0.8520087439685444,,64.0,pca_mlp,64,,
7,0.5,ml_only,30,0.560408662479019,0.4606246357077942,0.702972706675828,,,none,64,,
7,0.5,mlp_concat_ub,30,0.2674910405014871,0.19736371637804778,0.335538890353794,,,direct_ub,64,,
7,0.5,pca_regression_ub,30,0.7285153750966337,0.5805320627924719,0.9138445912331166,,64.0,pca_mlp,64,,
7,0.5,ml_only,31,0.37115481738608763,0.2952027348585518,0.5815364599723706,,,none,64,,
7,0.5,mlp_concat_ub,31,0.2535930561066717,0.2009206347700147,0.3973371790253274,,,direct_ub,64,,
7,0.5,pca_regression_ub,31,0.5828174215522529,0.4668957339482665,0.9131757537910551,,64.0,pca_mlp,64,,
7,0.5,ml_only,32,0.42487605846806836,0.3176720467378895,0.6322407754105956,,,none,64,,
7,0.5,mlp_concat_ub,32,0.31025567064144627,0.2359156730527341,0.4616788399166165,,,direct_ub,64,,
7,0.5,pca_regression_ub,32,0.5726328928970742,0.4383967249117723,0.8521117088504248,,64.0,pca_mlp,64,,
7,0.5,ml_only,33,0.4474433333319469,0.3361332343808056,0.7196443552123113,,,none,64,,
7,0.5,mlp_concat_ub,33,0.2791609087907903,0.2167462269669043,0.4489877426739779,,,direct_ub,64,,
7,0.5,pca_regression_ub,33,0.5207844991769167,0.403309808099596,0.8376024340867743,,64.0,pca_mlp,64,,
7,0.5,ml_only,34,0.36138627558469627,0.2784341630741353,0.5460196191450749,,,none,64,,
7,0.5,mlp_concat_ub,34,0.2815825557009988,0.21002891254862577,0.42544393688720117,,,direct_ub,64,,
7,0.5,pca_regression_ub,34,0.6156513274696904,0.48907010382442073,0.9301894567171426,,64.0,pca_mlp,64,,
7,0.5,ml_only,35,0.41497850828583804,0.32846624465181967,0.5430295193716004,,,none,64,,
7,0.5,mlp_concat_ub,35,0.25861978834168114,0.19473599842742628,0.33842277746690924,,,direct_ub,64,,
7,0.5,pca_regression_ub,35,0.629678196399608,0.49777632358360563,0.8239796556262392,,64.0,pca_mlp,64,,
7,0.5,ml_only,36,0.38215713482275643,0.2973705385626289,0.5551893079162842,,,none,64,,
7,0.5,mlp_concat_ub,36,0.1962836999902874,0.147087622473962,0.2851565537390723,,,direct_ub,64,,
7,0.5,pca_regression_ub,36,0.6080693070482326,0.4622059602956667,0.8833894411046854,,64.0,pca_mlp,64,,
7,0.5,ml_only,37,0.6178747175782217,0.47069920948345756,0.7735454632386533,,,none,64,,
7,0.5,mlp_concat_ub,37,0.3333902575436374,0.2626704831385198,0.41738642782094126,,,direct_ub,64,,
7,0.5,pca_regression_ub,37,0.7652045782466358,0.6365586175268413,0.95799441717276,,64.0,pca_mlp,64,,
7,0.5,ml_only,38,0.42678034994062436,0.3034107848266101,0.5512243030613385,,,none,64,,
7,0.5,mlp_concat_ub,38,0.301356645014858,0.22657412122149506,0.3892285730688609,,,direct_ub,64,,
7,0.5,pca_regression_ub,38,0.6921980673523705,0.5528665931084871,0.894034594867828,,64.0,pca_mlp,64,,
7,0.5,ml_only,39,0.40627940147043035,0.3087820375074814,0.5541270100039026,,,none,64,,
7,0.5,mlp_concat_ub,39,0.22671504520113753,0.17429551893529005,0.3092180643801343,,,direct_ub,64,,
7,0.5,pca_regression_ub,39,0.6548723690010693,0.5484767007896633,0.8931845091219721,,64.0,pca_mlp,64,,
7,0.5,ml_only,40,0.4144418056182398,0.317290177440856,0.5977187926642147,,,none,64,,
7,0.5,mlp_concat_ub,40,0.21831428509974096,0.16437576744487242,0.3148585619071662,,,direct_ub,64,,
7,0.5,pca_regression_ub,40,0.5788792837437103,0.4712507691712481,0.8348748168912714,,64.0,pca_mlp,64,,
7,0.5,ml_only,41,0.4150743665637626,0.33618973383614853,0.549168436309941,,,none,64,,
7,0.5,mlp_concat_ub,41,0.23993848109967267,0.17778183562389646,0.3174530905556364,,,direct_ub,64,,
7,0.5,pca_regression_ub,41,0.6937014452176895,0.5498536668059502,0.917808876250186,,64.0,pca_mlp,64,,
7,0.5,ml_only,42,0.4787854438924392,0.36425870591128523,0.5894224571281047,,,none,64,,
7,0.5,mlp_concat_ub,42,0.2106689141759674,0.16330292625909454,0.2593499669175498,,,direct_ub,64,,
7,0.5,pca_regression_ub,42,0.7410158566174556,0.5815820575586665,0.9122486753721573,,64.0,pca_mlp,64,,
7,0.5,ml_only,43,0.379641731741116,0.3061155843863821,0.5888565221755058,,,none,64,,
7,0.5,mlp_concat_ub,43,0.2800733626654863,0.22358727754967603,0.4344175376527393,,,direct_ub,64,,
7,0.5,pca_regression_ub,43,0.5850158763235465,0.48673391270849703,0.9074092375709978,,64.0,pca_mlp,64,,
7,0.5,ml_only,44,0.39419938653238423,0.3176477227699957,0.5739362789013434,,,none,64,,
7,0.5,mlp_concat_ub,44,0.2075315547317246,0.153279018012086,0.30215645266498,,,direct_ub,64,,
7,0.5,pca_regression_ub,44,0.6215607558283134,0.4918883230888569,0.9049640346964418,,64.0,pca_mlp,64,,
7,0.5,ml_only,45,0.47888064406347014,0.3796566964786434,0.669866330169591,,,none,64,,
7,0.5,mlp_concat_ub,45,0.27671885156720355,0.1974469036196683,0.38707900159668696,,,direct_ub,64,,
7,0.5,pca_regression_ub,45,0.6277700525947587,0.4918797589566279,0.8781353486199512,,64.0,pca_mlp,64,,
7,0.5,ml_only,46,0.36452566945824216,0.2822132649292463,0.6459415255843226,,,none,64,,
7,0.5,mlp_concat_ub,46,0.19994932322922201,0.15106958701389617,0.3543113193597242,,,direct_ub,64,,
7,0.5,pca_regression_ub,46,0.5069417431368262,0.3942825020092576,0.8983036048760031,,64.0,pca_mlp,64,,
7,0.5,ml_only,47,0.46212488414940966,0.3658307939705441,0.6572502728397037,,,none,64,,
7,0.5,mlp_concat_ub,47,0.23414884054098856,0.1771537502824745,0.3330147209318194,,,direct_ub,64,,
7,0.5,pca_regression_ub,47,0.599862054338849,0.4832030976726084,0.8531449233816322,,64.0,pca_mlp,64,,
7,0.5,ml_only,48,0.480497108716306,0.3859652164824308,0.6687520698799011,,,none,64,,
7,0.5,mlp_concat_ub,48,0.27081896317113635,0.20318569711237675,0.3769236877767711,,,direct_ub,64,,
7,0.5,pca_regression_ub,48,0.6603168158153588,0.5188311127151477,0.9190237138632777,,64.0,pca_mlp,64,,
7,0.5,ml_only,49,0.49705961096268675,0.4085989451079918,0.7086171013756728,,,none,64,,
7,0.5,mlp_concat_ub,49,0.25392499563444104,0.19606301272648716,0.36200003058952096,,,direct_ub,64,,
7,0.5,pca_regression_ub,49,0.6652338363809843,0.5333401215211996,0.9483692951039198,,64.0,pca_mlp,64,,
7,0.5,ml_only,50,0.5636613125184128,0.4596953075106205,0.795214378355515,,,none,64,,
7,0.5,mlp_concat_ub,50,0.2763172339734981,0.22483272711133656,0.3898288432487955,,,direct_ub,64,,
7,0.5,pca_regression_ub,50,0.6561155042368417,0.514876265448341,0.9256489158355562,,64.0,pca_mlp,64,,
7,0.5,ml_only,51,0.4705875309201994,0.38749870054774577,0.6652715904617216,,,none,64,,
7,0.5,mlp_concat_ub,51,0.28715057510149106,0.21769572091855838,0.4059459871922568,,,direct_ub,64,,
7,0.5,pca_regression_ub,51,0.6620088654280053,0.5269144950642594,0.9358847437836875,,64.0,pca_mlp,64,,
7,0.5,ml_only,52,0.43981225216853653,0.3335601618324825,0.6810127470253434,,,none,64,,
7,0.5,mlp_concat_ub,52,0.27861829879248673,0.21580450517126304,0.4314172970322112,,,direct_ub,64,,
7,0.5,pca_regression_ub,52,0.6255478200687341,0.49378581987541537,0.9686088489810373,,64.0,pca_mlp,64,,
7,0.5,ml_only,53,0.5143458973013442,0.4212056122241872,0.6442569932166018,,,none,64,,
7,0.5,mlp_concat_ub,53,0.2850932442076134,0.21980577976875165,0.35710077063558876,,,direct_ub,64,,
7,0.5,pca_regression_ub,53,0.732788191733073,0.6052796293638971,0.9178724269943673,,64.0,pca_mlp,64,,
7,0.5,ml_only,54,0.3614991834507768,0.2817570271989858,0.5553861246709182,,,none,64,,
7,0.5,mlp_concat_ub,54,0.17969026520136547,0.13125981084254779,0.2760655752487053,,,direct_ub,64,,
7,0.5,pca_regression_ub,54,0.5622940831745084,0.43610131527964313,0.8638756215121572,,64.0,pca_mlp,64,,
7,0.5,ml_only,55,0.4417654108308524,0.35935762978456864,0.6498163635921895,,,none,64,,
7,0.5,mlp_concat_ub,55,0.2448217938663629,0.18735194117063791,0.3601214670002089,,,direct_ub,64,,
7,0.5,pca_regression_ub,55,0.6609989576343807,0.5316769347430985,0.9722987098070087,,64.0,pca_mlp,64,,
7,0.5,ml_only,56,0.592385704160374,0.48826693754496625,0.8403737907747061,,,none,64,,
7,0.5,mlp_concat_ub,56,0.24301426046123364,0.19804560225389398,0.34474636008574294,,,direct_ub,64,,
7,0.5,pca_regression_ub,56,0.6677928485044519,0.5358799164112036,0.9473483299961526,,64.0,pca_mlp,64,,
7,0.5,ml_only,57,0.5230577454194086,0.4376780574871334,0.5944295721226674,,,none,64,,
7,0.5,mlp_concat_ub,57,0.275469589966275,0.2073609341751301,0.3130577301080981,,,direct_ub,64,,
7,0.5,pca_regression_ub,57,0.7923174058432211,0.6528663964175909,0.9004300207103896,,64.0,pca_mlp,64,,
7,0.5,ml_only,58,0.5744027454982422,0.4632067147644388,0.7382239187618617,,,none,64,,
7,0.5,mlp_concat_ub,58,0.27197367773561903,0.21411971822230272,0.3495412857121847,,,direct_ub,64,,
7,0.5,pca_regression_ub,58,0.6998905303298254,0.5736838849120051,0.8995011497659744,,64.0,pca_mlp,64,,
7,0.5,ml_only,59,0.41633584810226487,0.31576471815080676,0.6480563287802431,,,none,64,,
7,0.5,mlp_concat_ub,59,0.28232624804689943,0.21672376945623278,0.4394608647358959,,,direct_ub,64,,
7,0.5,pca_regression_ub,59,0.5645737110980716,0.4548363017195188,0.8787990950281651,,64.0,pca_mlp,64,,
7,0.5,ml_only,60,0.49182500837164644,0.3733362853780042,0.6554607904316481,,,none,64,,
7,0.5,mlp_concat_ub,60,0.27161071057485386,0.19819812082872684,0.3619786875671991,,,direct_ub,64,,
7,0.5,pca_regression_ub,60,0.6469560999154254,0.5097651881331415,0.8622057630398193,,64.0,pca_mlp,64,,
7,0.5,ml_only,61,0.4326971129705406,0.32282539588853965,0.6168134523316079,,,none,64,,
7,0.5,mlp_concat_ub,61,0.24016563807452448,0.18347366984244096,0.34235818061087125,,,direct_ub,64,,
7,0.5,pca_regression_ub,61,0.6047466678172815,0.48260362045148864,0.8620715710386762,,64.0,pca_mlp,64,,
7,0.5,ml_only,62,0.42421454701395267,0.3345867306402277,0.5951848829252528,,,none,64,,
7,0.5,mlp_concat_ub,62,0.25908493252435066,0.20436187644850298,0.36350341193540175,,,direct_ub,64,,
7,0.5,pca_regression_ub,62,0.6761662720093442,0.5608560499066224,0.9486802050440991,,64.0,pca_mlp,64,,
7,0.5,ml_only,63,0.4975491032578287,0.3990346367416134,0.7336590413995716,,,none,64,,
7,0.5,mlp_concat_ub,63,0.2310002846515974,0.17790797794078284,0.3406205463758969,,,direct_ub,64,,
7,0.5,pca_regression_ub,63,0.6220421385673269,0.5080516663765913,0.9172297489901343,,64.0,pca_mlp,64,,
7,0.5,ml_only,64,0.42509866933655,0.32583681474224546,0.6176081281586999,,,none,64,,
7,0.5,mlp_concat_ub,64,0.273172268532422,0.20753486879447863,0.39688059644243373,,,direct_ub,64,,
7,0.5,pca_regression_ub,64,0.5994263328516896,0.4908632949852853,0.8708815202347072,,64.0,pca_mlp,64,,
7,0.5,ml_only,65,0.4463393504437937,0.3504360442254821,0.6104055310993611,,,none,64,,
7,0.5,mlp_concat_ub,65,0.2502372293025964,0.19417654275033752,0.3422198573829732,,,direct_ub,64,,
7,0.5,pca_regression_ub,65,0.636302242522993,0.5101395763823492,0.8701953074511016,,64.0,pca_mlp,64,,
7,0.5,ml_only,66,0.5655139078184463,0.4630766379774668,0.8250175202546906,,,none,64,,
7,0.5,mlp_concat_ub,66,0.25337420185541265,0.19557121149279919,0.3696428201344501,,,direct_ub,64,,
7,0.5,pca_regression_ub,66,0.6494734470946015,0.5229352466697983,0.9475045005706154,,64.0,pca_mlp,64,,
7,0.5,ml_only,67,0.5367393041510007,0.4343545795613668,0.824635501193788,,,none,64,,
7,0.5,mlp_concat_ub,67,0.2369634178444135,0.184957267612738,0.3640658422580262,,,direct_ub,64,,
7,0.5,pca_regression_ub,67,0.5824260261970107,0.480779968006209,0.8948276645791504,,64.0,pca_mlp,64,,
7,0.5,ml_only,68,0.49637212067388725,0.3543337664247045,0.6158910541004192,,,none,64,,
7,0.5,mlp_concat_ub,68,0.2838999412211313,0.21192528098395327,0.35225877275368916,,,direct_ub,64,,
7,0.5,pca_regression_ub,68,0.7292931479077611,0.5970121321420607,0.9048959579021605,,64.0,pca_mlp,64,,
7,0.5,ml_only,69,0.2509835361717699,0.1921395870359652,0.4820123722694527,,,none,64,,
7,0.5,mlp_concat_ub,69,0.18513251319200108,0.14412517658518087,0.35554587854244785,,,direct_ub,64,,
7,0.5,pca_regression_ub,69,0.4907434316745866,0.38746823479982107,0.942469810112292,,64.0,pca_mlp,64,,
7,0.5,ml_only,70,0.4227299839926149,0.3499500105215808,0.5143450250415903,,,none,64,,
7,0.5,mlp_concat_ub,70,0.24874760743494187,0.2008522196791986,0.3026567767130424,,,direct_ub,64,,
7,0.5,pca_regression_ub,70,0.6698179760154442,0.5493613424675294,0.8149825105687079,,64.0,pca_mlp,64,,
7,0.5,ml_only,71,0.47528292328300165,0.381172365144115,0.7531112803556432,,,none,64,,
7,0.5,mlp_concat_ub,71,0.21401859497746656,0.1662860401956744,0.3391239411044925,,,direct_ub,64,,
7,0.5,pca_regression_ub,71,0.5886695975788077,0.4603311112262171,0.9327785464638696,,64.0,pca_mlp,64,,
7,0.5,ml_only,72,0.39849980803021756,0.2836380304076418,0.6073112437140779,,,none,64,,
7,0.5,mlp_concat_ub,72,0.2467502633181254,0.1910396874858538,0.3760458757639947,,,direct_ub,64,,
7,0.5,pca_regression_ub,72,0.5899249019864415,0.4603126935001058,0.8990419034182429,,64.0,pca_mlp,64,,
7,0.5,ml_only,73,0.37168466591894056,0.30042379108581235,0.5120989748301117,,,none,64,,
7,0.5,mlp_concat_ub,73,0.2843732346183545,0.21557990354983447,0.39180320112786554,,,direct_ub,64,,
7,0.5,pca_regression_ub,73,0.6896869666136097,0.5364691560057965,0.9502355650946994,,64.0,pca_mlp,64,,
7,0.5,ml_only,74,0.35912677998266324,0.26876253302813385,0.5777781255080031,,,none,64,,
7,0.5,mlp_concat_ub,74,0.31183842446722876,0.24062948682856147,0.5016986490362604,,,direct_ub,64,,
7,0.5,pca_regression_ub,74,0.5856713413214171,0.46176006903521405,0.9422524540464006,,64.0,pca_mlp,64,,
7,0.5,ml_only,75,0.3908401272317163,0.30577397393918065,0.5452148209444531,,,none,64,,
7,0.5,mlp_concat_ub,75,0.2442476487826412,0.19309349569490547,0.3407209977141901,,,direct_ub,64,,
7,0.5,pca_regression_ub,75,0.6509860934959258,0.5131870013237539,0.9081136804366187,,64.0,pca_mlp,64,,
7,0.5,ml_only,76,0.4428610927473371,0.3581127674825079,0.6371512639323195,,,none,64,,
7,0.5,mlp_concat_ub,76,0.32045152975869734,0.2367630673344838,0.4610386881091103,,,direct_ub,64,,
7,0.5,pca_regression_ub,76,0.6803495144356736,0.5250622745949114,0.9788296152846808,,64.0,pca_mlp,64,,
7,0.5,ml_only,77,0.33512997191469807,0.2534649148528461,0.45462149180882494,,,none,64,,
7,0.5,mlp_concat_ub,77,0.20077165250588008,0.15138055238034753,0.272357341402991,,,direct_ub,64,,
7,0.5,pca_regression_ub,77,0.6162759708136659,0.48712466108608854,0.8360108754717827,,64.0,pca_mlp,64,,
7,0.5,ml_only,78,0.3437979543293345,0.26329071345458627,0.5222960227982267,,,none,64,,
7,0.5,mlp_concat_ub,78,0.25229851334554415,0.19409449925301892,0.38329055894280345,,,direct_ub,64,,
7,0.5,pca_regression_ub,78,0.5691018875116509,0.46902944870081686,0.8645765592007105,,64.0,pca_mlp,64,,
7,0.5,ml_only,79,0.3311267747426619,0.2547314889044671,0.49516428663934997,,,none,64,,
7,0.5,mlp_concat_ub,79,0.21992222806921732,0.1611016837433248,0.32886991172085434,,,direct_ub,64,,
7,0.5,pca_regression_ub,79,0.5649813818775928,0.4409237552241039,0.8448685647343054,,64.0,pca_mlp,64,,
7,0.5,ml_only,80,0.4218951419419607,0.33227665439721044,0.5941579922146,,,none,64,,
7,0.5,mlp_concat_ub,80,0.23344703972165265,0.19053035598220264,0.32876516134082534,,,direct_ub,64,,
7,0.5,pca_regression_ub,80,0.604594699572868,0.4649832073173986,0.8514551059969836,,64.0,pca_mlp,64,,
7,0.5,ml_only,81,0.38220813526793507,0.3110137240937132,0.5262269993169374,,,none,64,,
7,0.5,mlp_concat_ub,81,0.22599765011679437,0.17637175732741855,0.31115524317730814,,,direct_ub,64,,
7,0.5,pca_regression_ub,81,0.6473760809712416,0.5017744011962159,0.8913121963776135,,64.0,pca_mlp,64,,
7,0.5,ml_only,82,0.3842054588284966,0.30018591215306445,0.5457041578607612,,,none,64,,
7,0.5,mlp_concat_ub,82,0.24716367219372873,0.20020451335784772,0.351057592985579,,,direct_ub,64,,
7,0.5,pca_regression_ub,82,0.6455071961593444,0.5170594609405046,0.9168426756540121,,64.0,pca_mlp,64,,
7,0.5,ml_only,83,0.37781031464154696,0.28734847607527503,0.6047853651623623,,,none,64,,
7,0.5,mlp_concat_ub,83,0.25301936831692184,0.1942458236005984,0.4050244398591448,,,direct_ub,64,,
7,0.5,pca_regression_ub,83,0.5419884400636568,0.41261912344341345,0.8675958912044796,,64.0,pca_mlp,64,,
7,0.5,ml_only,84,0.461376463831116,0.3829546673264277,0.5947501230259166,,,none,64,,
7,0.5,mlp_concat_ub,84,0.23160232780811804,0.1724685351541697,0.2985534021678829,,,direct_ub,64,,
7,0.5,pca_regression_ub,84,0.648898179948605,0.5437639456704426,0.8364801904957906,,64.0,pca_mlp,64,,
7,0.5,ml_only,85,0.4537652254656114,0.3603018351659043,0.6890316541460352,,,none,64,,
7,0.5,mlp_concat_ub,85,0.24947346218144809,0.19472006687957377,0.37881949225183326,,,direct_ub,64,,
7,0.5,pca_regression_ub,85,0.6115946780532334,0.47426671265351505,0.9286919072600193,,64.0,pca_mlp,64,,
7,0.5,ml_only,86,0.4411552356437229,0.35028226441796184,0.6216359901641518,,,none,64,,
7,0.5,mlp_concat_ub,86,0.3294134565990152,0.24217272207426999,0.46417959874718845,,,direct_ub,64,,
7,0.5,pca_regression_ub,86,0.6200275685437282,0.5166853090265221,0.8736866761613741,,64.0,pca_mlp,64,,
7,0.5,ml_only,87,0.43522593532998094,0.3550773293805981,0.6170552473103927,,,none,64,,
7,0.5,mlp_concat_ub,87,0.2330218131348925,0.1811428488192946,0.3303739985615749,,,direct_ub,64,,
7,0.5,pca_regression_ub,87,0.6474279713397748,0.5250676714659652,0.917911352566426,,64.0,pca_mlp,64,,
7,0.5,ml_only,88,0.48820157799273556,0.3861344971554125,0.6559699433163777,,,none,64,,
7,0.5,mlp_concat_ub,88,0.30648941657384304,0.22584191679677212,0.41181318184925053,,,direct_ub,64,,
7,0.5,pca_regression_ub,88,0.681240731118013,0.5270881198280167,0.9153461683053801,,64.0,pca_mlp,64,,
7,0.5,ml_only,89,0.45641485690825667,0.35211033252526286,0.6368321860699598,,,none,64,,
7,0.5,mlp_concat_ub,89,0.23631251535144293,0.1852387115758063,0.32972505927255663,,,direct_ub,64,,
7,0.5,pca_regression_ub,89,0.6684241167997114,0.5456165101140273,0.9326470974388252,,64.0,pca_mlp,64,,
7,0.5,ml_only,90,0.5148900128203657,0.41960181530367324,0.692612121253535,,,none,64,,
7,0.5,mlp_concat_ub,90,0.2830805142020787,0.2129053336065174,0.3807900533029878,,,direct_ub,64,,
7,0.5,pca_regression_ub,90,0.6417548607967417,0.49727889710017487,0.8632662984206504,,64.0,pca_mlp,64,,
7,0.5,ml_only,91,0.5535402410439614,0.4563397162850618,0.7282363044915366,,,none,64,,
7,0.5,mlp_concat_ub,91,0.30688085354338823,0.23767666192134054,0.4037317653404298,,,direct_ub,64,,
7,0.5,pca_regression_ub,91,0.6853056638661373,0.5760911539331816,0.90158660038839,,64.0,pca_mlp,64,,
7,0.5,ml_only,92,0.3711009820594216,0.2834890734770324,0.5646634678614844,,,none,64,,
7,0.5,mlp_concat_ub,92,0.25002897493539644,0.17723196225931637,0.3804415371508411,,,direct_ub,64,,
7,0.5,pca_regression_ub,92,0.5887033960007357,0.4619592248328617,0.8957650806603911,,64.0,pca_mlp,64,,
7,0.5,ml_only,93,0.5193674609837009,0.42137792265046914,0.7551426944534633,,,none,64,,
7,0.5,mlp_concat_ub,93,0.30042896245800005,0.24155279163766477,0.43681353424163044,,,direct_ub,64,,
7,0.5,pca_regression_ub,93,0.5949415773528665,0.46223136010539845,0.8650248995455189,,64.0,pca_mlp,64,,
7,0.5,ml_only,94,0.35579181305134866,0.27715510773575647,0.576984859176773,,,none,64,,
7,0.5,mlp_concat_ub,94,0.22203844493696753,0.1701518882815486,0.360078046161496,,,direct_ub,64,,
7,0.5,pca_regression_ub,94,0.5480238034450203,0.42519275472145646,0.8887260062125422,,64.0,pca_mlp,64,,
7,0.5,ml_only,95,0.5661503870193423,0.439674105714161,0.7436428644420545,,,none,64,,
7,0.5,mlp_concat_ub,95,0.28550638565033026,0.204100884941613,0.375014821696582,,,direct_ub,64,,
7,0.5,pca_regression_ub,95,0.6960700847558168,0.5426467117563871,0.914293381314168,,64.0,pca_mlp,64,,
7,0.5,ml_only,96,0.3474345794237853,0.27162702679271106,0.4653146782923133,,,none,64,,
7,0.5,mlp_concat_ub,96,0.20729134569604057,0.15816731971118486,0.27762264192385244,,,direct_ub,64,,
7,0.5,pca_regression_ub,96,0.6346349493898242,0.5217348589900571,0.8499584520289925,,64.0,pca_mlp,64,,
7,0.5,ml_only,97,0.3390805726527539,0.274511461469787,0.5202340441625901,,,none,64,,
7,0.5,mlp_concat_ub,97,0.20069941361968405,0.15871913810781352,0.30792288331821854,,,direct_ub,64,,
7,0.5,pca_regression_ub,97,0.565690847249061,0.4514589593010002,0.8679106411428639,,64.0,pca_mlp,64,,
7,0.5,ml_only,98,0.38513925642243285,0.3095387915731672,0.5382735961027297,,,none,64,,
7,0.5,mlp_concat_ub,98,0.22458339291624332,0.1761423334600971,0.31387948258742443,,,direct_ub,64,,
7,0.5,pca_regression_ub,98,0.6440425154203531,0.5169429774355476,0.9001187883016563,,64.0,pca_mlp,64,,
7,0.5,ml_only,99,0.5059408984995715,0.3899747427755379,0.6510469256698908,,,none,64,,
7,0.5,mlp_concat_ub,99,0.306005829255927,0.24332668253821638,0.3937696180817957,,,direct_ub,64,,
7,0.5,pca_regression_ub,99,0.6954502090620839,0.5338630617989482,0.8949083221164735,,64.0,pca_mlp,64,,
7,0.5,ridge_prior_csgm,0,0.6437871996732762,0.4916408585198893,0.9263170184072688,,0.001,csgm_m2,64,0.6180102559620657,0.6131104664976696
7,0.5,ridge_prior_csgm,1,0.6281454408393058,0.49600851423861136,0.9180062194619902,,0.001,csgm_m2,64,0.6180102559620657,0.6131104664976696
7,0.5,ridge_prior_csgm,2,0.6935723034804511,0.5423713642525019,0.9507555400666701,,0.001,csgm_m2,64,0.6180102559620657,0.6131104664976696
7,0.5,ridge_prior_csgm,3,0.6774756222538112,0.5386355909676366,0.9225213052158355,,0.001,csgm_m2,64,0.6180102559620657,0.6131104664976696
7,0.5,ridge_prior_csgm,4,0.5508260731583311,0.44239384039343876,0.7915157708707817,,0.001,csgm_m2,64,0.6180102559620657,0.6131104664976696
7,0.5,ridge_prior_csgm,5,0.6456615807923359,0.49474403415281876,0.8923715918057518,,0.001,csgm_m2,64,0.6180102559620657,0.6131104664976696
7,0.5,ridge_prior_csgm,6,0.6830540635809857,0.5544070712742186,0.9082368548174883,,0.001,csgm_m2,64,0.6180102559620657,0.6131104664976696
7,0.5,ridge_prior_csgm,7,0.5272883667469233,0.3969854459804002,0.8248441778122572,,0.001,csgm_m2,64,0.6180102559620657,0.6131104664976696
7,0.5,ridge_prior_csgm,8,0.6816676207066827,0.5562706280512247,0.8256751665977323,,0.001,csgm_m2,64,0.6180102559620657,0.6131104664976696
7,0.5,ridge_prior_csgm,9,0.5663479960481959,0.4710534582282238,0.9579416398148972,,0.001,csgm_m2,64,0.6180102559620657,0.6131104664976696
7,0.5,ridge_prior_csgm,10,0.6475088861270918,0.5139695977838361,0.8553191041756142,,0.001,csgm_m2,64,0.6180102559620657,0.6131104664976696
7,0.5,ridge_prior_csgm,11,0.6244518613236663,0.4939648619337237,0.9665320682364882,,0.001,csgm_m2,64,0.6180102559620657,0.6131104664976696
7,0.5,ridge_prior_csgm,12,0.7070413004654192,0.5598599887600159,0.9723598301127725,,0.001,csgm_m2,64,0.6180102559620657,0.6131104664976696
7,0.5,ridge_prior_csgm,13,0.5875452733826731,0.45863886760182837,0.8550819522363878,,0.001,csgm_m2,64,0.6180102559620657,0.6131104664976696
7,0.5,ridge_prior_csgm,14,0.6387627205816413,0.524692730006763,0.8877735668867984,,0.001,csgm_m2,64,0.6180102559620657,0.6131104664976696
7,0.5,ridge_prior_csgm,15,0.5973912441414405,0.4719330734839211,0.8904977188203782,,0.001,csgm_m2,64,0.6180102559620657,0.6131104664976696
7,0.5,ridge_prior_csgm,16,0.595092072217851,0.445472948636553,0.828002879752139,,0.001,csgm_m2,64,0.6180102559620657,0.6131104664976696
7,0.5,ridge_prior_csgm,17,0.5633182744417331,0.44930276078375764,0.9213761396836115,,0.001,csgm_m2,64,0.6180102559620657,0.6131104664976696
7,0.5,ridge_prior_csgm,18,0.7401989401881734,0.6246924349755576,0.8516183400816335,,0.001,csgm_m2,64,0.6180102559620657,0.6131104664976696
7,0.5,ridge_prior_csgm,19,0.5370584789994749,0.42159567863296765,0.7754203238721651,,0.001,csgm_m2,64,0.6180102559620657,0.6131104664976696
7,0.5,ridge_prior_csgm,20,0.717435797503395,0.5623105041366456,0.8968873884983709,,0.001,csgm_m2,64,0.6180102559620657,0.6131104664976696
7,0.5,ridge_prior_csgm,21,0.5592474306488595,0.4317086412677191,0.9162994075079851,,0.001,csgm_m2,64,0.6180102559620657,0.6131104664976696
7,0.5,ridge_prior_csgm,22,0.6671321266856243,0.533161440444361,1.0108764242452848,,0.001,csgm_m2,64,0.6180102559620657,0.6131104664976696
7,0.5,ridge_prior_csgm,23,0.5201132429562632,0.4289186231442361,0.8470378525514017,,0.001,csgm_m2,64,0.6180102559620657,0.6131104664976696
7,0.5,ridge_prior_csgm,24,0.6266632435403737,0.5143646314895266,0.9786351224669696,,0.001,csgm_m2,64,0.6180102559620657,0.6131104664976696
7,0.5,ridge_prior_csgm,25,0.649461757420712,0.5428202485983277,0.8958021637416684,,0.001,csgm_m2,64,0.6180102559620657,0.6131104664976696
7,0.5,ridge_prior_csgm,26,0.5184788744542854,0.4210694444386336,0.8864516224637771,,0.001,csgm_m2,64,0.6180102559620657,0.6131104664976696
7,0.5,ridge_prior_csgm,27,0.6103464471488617,0.490497110324981,0.8669652334554467,,0.001,csgm_m2,64,0.6180102559620657,0.6131104664976696
7,0.5,ridge_prior_csgm,28,0.6799570359817537,0.5512967741575856,0.9063747464171499,,0.001,csgm_m2,64,0.6180102559620657,0.6131104664976696
7,0.5,ridge_prior_csgm,29,0.6512956627950404,0.5100322796455709,0.9012678739070293,,0.001,csgm_m2,64,0.6180102559620657,0.6131104664976696
7,0.5,ridge_prior_csgm,30,0.6773892812309963,0.539586876300403,0.8497123766675805,,0.001,csgm_m2,64,0.6180102559620657,0.6131104664976696
7,0.5,ridge_prior_csgm,31,0.6552714426693836,0.5184482116773208,1.0266988793911997,,0.001,csgm_m2,64,0.6180102559620657,0.6131104664976696
7,0.5,ridge_prior_csgm,32,0.6249689954326297,0.47519983759604056,0.9299909336021175,,0.001,csgm_m2,64,0.6180102559620657,0.6131104664976696
7,0.5,ridge_prior_csgm,33,0.5656388473044017,0.43920027537326956,0.9097438116245762,,0.001,csgm_m2,64,0.6180102559620657,0.6131104664976696
7,0.5,ridge_prior_csgm,34,0.5365034595190203,0.4317742910884521,0.8106047031327713,,0.001,csgm_m2,64,0.6180102559620657,0.6131104664976696
7,0.5,ridge_prior_csgm,35,0.687446485876755,0.5502315423115041,0.8995736583115229,,0.001,csgm_m2,64,0.6180102559620657,0.6131104664976696
7,0.5,ridge_prior_csgm,36,0.5673913143046282,0.44199821788565585,0.8242933662682972,,0.001,csgm_m2,64,0.6180102559620657,0.6131104664976696
7,0.5,ridge_prior_csgm,37,0.72203035121007,0.5818297495275093,0.9039426385470338,,0.001,csgm_m2,64,0.6180102559620657,0.6131104664976696
7,0.5,ridge_prior_csgm,38,0.7455078911168475,0.5939054534274346,0.9628889140860977,,0.001,csgm_m2,64,0.6180102559620657,0.6131104664976696
7,0.5,ridge_prior_csgm,39,0.630589852299498,0.5254553868476065,0.8600654331203038,,0.001,csgm_m2,64,0.6180102559620657,0.6131104664976696
7,0.5,ridge_prior_csgm,40,0.6374432919615473,0.5023639270342852,0.9193373585823165,,0.001,csgm_m2,64,0.6180102559620657,0.6131104664976696
7,0.5,ridge_prior_csgm,41,0.6058850967617166,0.4930621375894345,0.8016225476092261,,0.001,csgm_m2,64,0.6180102559620657,0.6131104664976696
7,0.5,ridge_prior_csgm,42,0.6830763774358074,0.5507396228351755,0.8409206293348139,,0.001,csgm_m2,64,0.6180102559620657,0.6131104664976696
7,0.5,ridge_prior_csgm,43,0.5953812736363082,0.4970409996255098,0.9234868478604864,,0.001,csgm_m2,64,0.6180102559620657,0.6131104664976696
7,0.5,ridge_prior_csgm,44,0.6703004512465653,0.5209343684866643,0.9759268022167265,,0.001,csgm_m2,64,0.6180102559620657,0.6131104664976696
7,0.5,ridge_prior_csgm,45,0.646600002662514,0.5120000418180304,0.9044750006930306,,0.001,csgm_m2,64,0.6180102559620657,0.6131104664976696
7,0.5,ridge_prior_csgm,46,0.4710593026974239,0.3669500438489047,0.8347197196764694,,0.001,csgm_m2,64,0.6180102559620657,0.6131104664976696
7,0.5,ridge_prior_csgm,47,0.5821436805672873,0.47796511673443276,0.827945228677744,,0.001,csgm_m2,64,0.6180102559620657,0.6131104664976696
7,0.5,ridge_prior_csgm,48,0.6498651173944215,0.5136988287799896,0.904477122789222,,0.001,csgm_m2,64,0.6180102559620657,0.6131104664976696
7,0.5,ridge_prior_csgm,49,0.6103793305136662,0.5008087278263552,0.8701677271474925,,0.001,csgm_m2,64,0.6180102559620657,0.6131104664976696
7,0.5,ridge_prior_csgm,50,0.6276223267266646,0.49196963223094864,0.8854506905220374,,0.001,csgm_m2,64,0.6180102559620657,0.6131104664976696
7,0.5,ridge_prior_csgm,51,0.639845654740787,0.5093915695165888,0.9045525187355822,,0.001,csgm_m2,64,0.6180102559620657,0.6131104664976696
7,0.5,ridge_prior_csgm,52,0.6491105643546043,0.517015478555495,1.0050938016726851,,0.001,csgm_m2,64,0.6180102559620657,0.6131104664976696
7,0.5,ridge_prior_csgm,53,0.7299159914463125,0.5910904527882233,0.9142747797099756,,0.001,csgm_m2,64,0.6180102559620657,0.6131104664976696
7,0.5,ridge_prior_csgm,54,0.6268105371356077,0.50136521446504,0.9629949141227965,,0.001,csgm_m2,64,0.6180102559620657,0.6131104664976696
7,0.5,ridge_prior_csgm,55,0.5939408219410462,0.48275567916742834,0.8736593124771919,,0.001,csgm_m2,64,0.6180102559620657,0.6131104664976696
7,0.5,ridge_prior_csgm,56,0.6235508811910057,0.4925046346698004,0.884585522721408,,0.001,csgm_m2,64,0.6180102559620657,0.6131104664976696
7,0.5,ridge_prior_csgm,57,0.7530225999597594,0.6242317575623793,0.8557733936887973,,0.001,csgm_m2,64,0.6180102559620657,0.6131104664976696
7,0.5,ridge_prior_csgm,58,0.7106910329295343,0.5665795017104578,0.9133819841043249,,0.001,csgm_m2,64,0.6180102559620657,0.6131104664976696
7,0.5,ridge_prior_csgm,59,0.5980125516867463,0.4806334329258944,0.9308490262779991,,0.001,csgm_m2,64,0.6180102559620657,0.6131104664976696
7,0.5,ridge_prior_csgm,60,0.6681425523076586,0.5395238402838898,0.8904411894518129,,0.001,csgm_m2,64,0.6180102559620657,0.6131104664976696
7,0.5,ridge_prior_csgm,61,0.6248185121523478,0.5039150889611242,0.8906841575983138,,0.001,csgm_m2,64,0.6180102559620657,0.6131104664976696
7,0.5,ridge_prior_csgm,62,0.6745034634886413,0.5558663569672337,0.9463472381487202,,0.001,csgm_m2,64,0.6180102559620657,0.6131104664976696
7,0.5,ridge_prior_csgm,63,0.6352095868826264,0.5096477263518202,0.9366457572703765,,0.001,csgm_m2,64,0.6180102559620657,0.6131104664976696
7,0.5,ridge_prior_csgm,64,0.6497208177907379,0.523577425967786,0.9439522798971413,,0.001,csgm_m2,64,0.6180102559620657,0.6131104664976696
7,0.5,ridge_prior_csgm,65,0.6558016706844266,0.5179699316521331,0.8968623687155389,,0.001,csgm_m2,64,0.6180102559620657,0.6131104664976696
7,0.5,ridge_prior_csgm,66,0.5748794053943485,0.4422580339806942,0.8386806671361331,,0.001,csgm_m2,64,0.6180102559620657,0.6131104664976696
7,0.5,ridge_prior_csgm,67,0.5322023649441945,0.43963631012310544,0.8176650387965759,,0.001,csgm_m2,64,0.6180102559620657,0.6131104664976696
7,0.5,ridge_prior_csgm,68,0.6513960882222585,0.5098075667120037,0.8082424590394645,,0.001,csgm_m2,64,0.6180102559620657,0.6131104664976696
7,0.5,ridge_prior_csgm,69,0.49912520348314354,0.3956091365496405,0.9585669524782309,,0.001,csgm_m2,64,0.6180102559620657,0.6131104664976696
7,0.5,ridge_prior_csgm,70,0.7612047299032955,0.6233784489673228,0.926174817707578,,0.001,csgm_m2,64,0.6180102559620657,0.6131104664976696
7,0.5,ridge_prior_csgm,71,0.590696339805377,0.47832626072701845,0.9359900282117497,,0.001,csgm_m2,64,0.6180102559620657,0.6131104664976696
7,0.5,ridge_prior_csgm,72,0.5925106108356756,0.4616743162509942,0.9029825077183378,,0.001,csgm_m2,64,0.6180102559620657,0.6131104664976696
7,0.5,ridge_prior_csgm,73,0.6738288414092062,0.538982425304299,0.9283865882480902,,0.001,csgm_m2,64,0.6180102559620657,0.6131104664976696
7,0.5,ridge_prior_csgm,74,0.5472333302891158,0.4292725284972366,0.8804117805004984,,0.001,csgm_m2,64,0.6180102559620657,0.6131104664976696
7,0.5,ridge_prior_csgm,75,0.6579479589078603,0.5055906149350414,0.9178253552098612,,0.001,csgm_m2,64,0.6180102559620657,0.6131104664976696
7,0.5,ridge_prior_csgm,76,0.6819396907490587,0.518139806657627,0.9811174271167457,,0.001,csgm_m2,64,0.6180102559620657,0.6131104664976696
7,0.5,ridge_prior_csgm,77,0.5701996092921972,0.45121760329178795,0.7735058596048501,,0.001,csgm_m2,64,0.6180102559620657,0.6131104664976696
7,0.5,ridge_prior_csgm,78,0.5645377407601795,0.4528093210371748,0.8576427317426292,,0.001,csgm_m2,64,0.6180102559620657,0.6131104664976696
7,0.5,ridge_prior_csgm,79,0.5510593656019206,0.41644772597311097,0.8240496947921747,,0.001,csgm_m2,64,0.6180102559620657,0.6131104664976696
7,0.5,ridge_prior_csgm,80,0.5888541422345988,0.4647340525677355,0.8292875647890037,,0.001,csgm_m2,64,0.6180102559620657,0.6131104664976696
7,0.5,ridge_prior_csgm,81,0.578116280657132,0.45776208632349624,0.7959547889089457,,0.001,csgm_m2,64,0.6180102559620657,0.6131104664976696
7,0.5,ridge_prior_csgm,82,0.6352449961238754,0.509101266253617,0.9022668150058321,,0.001,csgm_m2,64,0.6180102559620657,0.6131104664976696
7,0.5,ridge_prior_csgm,83,0.6041037367844279,0.4639210007425793,0.9670278573356367,,0.001,csgm_m2,64,0.6180102559620657,0.6131104664976696
7,0.5,ridge_prior_csgm,84,0.6836170210070981,0.5678095298838188,0.8812354751919221,,0.001,csgm_m2,64,0.6180102559620657,0.6131104664976696
7,0.5,ridge_prior_csgm,85,0.5711022550322692,0.45105264094960185,0.8672051302909666,,0.001,csgm_m2,64,0.6180102559620657,0.6131104664976696
7,0.5,ridge_prior_csgm,86,0.6463986460985325,0.5348869885956804,0.9108464094773707,,0.001,csgm_m2,64,0.6180102559620657,0.6131104664976696
7,0.5,ridge_prior_csgm,87,0.6365963963029885,0.5112410909647098,0.902554546662803,,0.001,csgm_m2,64,0.6180102559620657,0.6131104664976696
7,0.5,ridge_prior_csgm,88,0.6344184198425703,0.4914372321971779,0.8524335718332913,,0.001,csgm_m2,64,0.6180102559620657,0.6131104664976696
7,0.5,ridge_prior_csgm,89,0.6320963645925588,0.5192648436645915,0.8819592604788226,,0.001,csgm_m2,64,0.6180102559620657,0.6131104664976696
7,0.5,ridge_prior_csgm,90,0.6745253022501682,0.507591773158933,0.9073479554820217,,0.001,csgm_m2,64,0.6180102559620657,0.6131104664976696
7,0.5,ridge_prior_csgm,91,0.7144565980568366,0.6008252973171015,0.9399375042855918,,0.001,csgm_m2,64,0.6180102559620657,0.6131104664976696
7,0.5,ridge_prior_csgm,92,0.5896600463224148,0.45354628822374116,0.897220710028905,,0.001,csgm_m2,64,0.6180102559620657,0.6131104664976696
7,0.5,ridge_prior_csgm,93,0.6131199312374361,0.4832916970745913,0.8914556102934018,,0.001,csgm_m2,64,0.6180102559620657,0.6131104664976696
7,0.5,ridge_prior_csgm,94,0.5943039681506203,0.46469228288982667,0.9637781949808225,,0.001,csgm_m2,64,0.6180102559620657,0.6131104664976696
7,0.5,ridge_prior_csgm,95,0.6890546655715091,0.5416896441624455,0.9050785745471065,,0.001,csgm_m2,64,0.6180102559620657,0.6131104664976696
7,0.5,ridge_prior_csgm,96,0.6525515212516292,0.5300199303363768,0.8739538870424084,,0.001,csgm_m2,64,0.6180102559620657,0.6131104664976696
7,0.5,ridge_prior_csgm,97,0.5273017872644056,0.41751736684126495,0.8090122625917876,,0.001,csgm_m2,64,0.6180102559620657,0.6131104664976696
7,0.5,ridge_prior_csgm,98,0.6052746487985551,0.4949700643049769,0.845936518819218,,0.001,csgm_m2,64,0.6180102559620657,0.6131104664976696
7,0.5,ridge_prior_csgm,99,0.6251020679180023,0.4715990880051415,0.8043840313262427,,0.001,csgm_m2,64,0.6180102559620657,0.6131104664976696
