Depth(m),HFU,phi_input,alpha_hfu,matrix_k_gpa,matrix_g_gpa,matrix_rho_gcc,param_source,alpha,dem_k_gpa,dem_g_gpa,sc_k_gpa,sc_g_gpa,rho_gcc,vp_dem_m_s,vs_dem_m_s,vpvs_dem,vp_dem_km_s,vs_dem_km_s,vp_sc_m_s,vs_sc_m_s,vpvs_sc,vp_sc_km_s,vs_sc_km_s,vp_rel_diff_dem_sc,vpvs_rel_diff_dem_sc,kf_gpa,rho_fluid_gcc,sw,k_sat_gpa,g_sat_gpa,rho_sat_gcc,vp_dem_dry_km_s,vs_dem_dry_km_s,vpvs_dem_dry,status,error
5205.910000,3,0.126000,0.177836,68.885679,29.758722,2.754277,m3_hier_joint_vp_vs,0.177836,32.319202,19.358439,46.728896,22.570803,2.407238,4967.061219,2762.316167,1.798151,4.967061,2.762316,5649.200064,3062.062001,1.844901,5.649200,3.062062,0.149594,0.064649,2.200000,1.030000,1.000000,36.781290,19.358439,2.537018,4.914081,2.835800,1.732873,ok,
5206.290000,3,0.110000,0.177836,68.885679,29.758722,2.754277,m3_hier_joint_vp_vs,0.177836,36.180379,20.792386,49.365927,23.492066,2.451307,5148.496986,2847.356182,1.808168,5.148497,2.847356,5737.299212,3095.720888,1.853300,5.737299,3.095721,0.123683,0.057147,2.200000,1.030000,1.000000,40.256898,20.792386,2.564607,5.105799,2.912416,1.753115,ok,
5206.480000,2,0.099000,0.150000,68.870627,30.086505,2.766349,m3_hier_joint_vp_vs,0.150000,35.405839,20.987513,51.295506,24.384932,2.492480,5121.569985,2844.184730,1.800716,5.121570,2.844185,5798.675384,3127.842601,1.853890,5.798675,3.127843,0.149839,0.066736,2.200000,1.030000,1.000000,40.070327,20.987513,2.594450,5.043032,2.901781,1.737909,ok,
5206.860000,1,0.065000,0.180363,70.676511,31.071302,2.773829,m3_hier_joint_vp_vs,0.180363,47.058834,24.928815,58.656209,27.213821,2.593530,5607.128260,3061.052699,1.831765,5.607128,3.061053,6050.370205,3239.284689,1.867811,6.050370,3.239285,0.087370,0.040719,2.200000,1.030000,1.000000,50.406775,24.928815,2.660480,5.564225,3.100310,1.794732,ok,
5207.240000,1,0.072000,0.180363,70.676511,31.071302,2.773829,m3_hier_joint_vp_vs,0.180363,45.747704,24.518964,57.410850,26.796089,2.574113,5558.708553,3042.773692,1.826856,5.558709,3.042774,6015.225066,3226.427216,1.864361,6.015225,3.226427,0.089677,0.042349,2.200000,1.030000,1.000000,49.137683,24.518964,2.648273,5.520190,3.086294,1.788615,ok,
5207.430000,1,0.083000,0.180363,70.676511,31.071302,2.773829,m3_hier_joint_vp_vs,0.180363,43.243333,23.710982,55.473219,26.138694,2.543601,5462.225669,3003.114900,1.818853,5.462226,3.003115,5959.077334,3205.659824,1.858924,5.959077,3.205660,0.098461,0.046206,2.200000,1.030000,1.000000,46.826683,23.710982,2.629091,5.424935,3.053165,1.776823,ok,
5207.810000,2,0.094000,0.150000,68.870627,30.086505,2.766349,m3_hier_joint_vp_vs,0.150000,36.550130,21.396858,52.137548,24.675080,2.506312,5172.668632,2866.994682,1.804213,5.172669,2.866995,5824.894331,3137.702024,1.856420,5.824894,3.137702,0.143100,0.064462,2.200000,1.030000,1.000000,41.121565,21.396858,2.603132,5.095699,2.921847,1.743999,ok,
5208.000000,1,0.090000,0.180363,70.676511,31.071302,2.773829,m3_hier_joint_vp_vs,0.180363,42.047127,23.312865,54.252514,25.719733,2.524184,5415.527237,2984.733446,1.814409,5.415527,2.984733,5922.740270,3192.072105,1.855453,5.922740,3.192072,0.100355,0.047604,2.200000,1.030000,1.000000,45.663997,23.312865,2.616884,5.382575,3.039046,1.771140,ok,
5208.190000,1,0.085000,0.180363,70.676511,31.071302,2.773829,m3_hier_joint_vp_vs,0.180363,43.243333,23.710982,55.123467,26.019041,2.538054,5463.289967,3005.108796,1.818001,5.463290,3.005109,5948.744379,3201.807746,1.857933,5.948744,3.201808,0.095359,0.045649,2.200000,1.030000,1.000000,46.753156,23.710982,2.625604,5.430861,3.056500,1.776823,ok,
5208.770000,1,0.090000,0.180363,70.676511,31.071302,2.773829,m3_hier_joint_vp_vs,0.180363,42.047127,23.312865,54.252514,25.719733,2.524184,5415.527237,2984.733446,1.814409,5.415527,2.984733,5922.740270,3192.072105,1.855453,5.922740,3.192072,0.100355,0.047604,2.200000,1.030000,1.000000,45.663997,23.312865,2.616884,5.382575,3.039046,1.771140,ok,
5208.960000,1,0.094000,0.180363,70.676511,31.071302,2.773829,m3_hier_joint_vp_vs,0.180363,40.886386,22.918669,53.559278,25.480108,2.513089,5367.650225,2963.343579,1.811349,5.367650,2.963344,5901.757474,3184.173258,1.853466,5.901757,3.184173,0.106880,0.049771,2.200000,1.030000,1.000000,44.637611,22.918669,2.609909,5.331885,3.019887,1.765591,ok,
5209.150000,1,0.098000,0.180363,70.676511,31.071302,2.773829,m3_hier_joint_vp_vs,0.180363,39.759803,22.528400,52.869180,25.240321,2.501994,5320.217239,2941.938685,1.808405,5.320217,2.941939,5880.612016,3176.174316,1.851476,5.880612,3.176174,0.113385,0.051872,2.200000,1.030000,1.000000,43.637422,22.528400,2.602934,5.281744,3.000696,1.760173,ok,
5209.530000,1,0.095000,0.180363,70.676511,31.071302,2.773829,m3_hier_joint_vp_vs,0.180363,40.886386,22.918669,53.386459,25.420176,2.510315,5368.210295,2964.334064,1.810933,5.368210,2.964334,5896.486473,3182.182980,1.852969,5.896486,3.182183,0.105281,0.049490,2.200000,1.030000,1.000000,44.603051,22.918669,2.608165,5.334830,3.021555,1.765591,ok,
5209.720000,2,0.097000,0.150000,68.870627,30.086505,2.766349,m3_hier_joint_vp_vs,0.150000,35.405839,20.987513,51.631739,24.501021,2.498013,5121.248375,2842.283154,1.801808,5.121248,2.842283,5809.193280,3131.805102,1.854903,5.809193,3.131805,0.153203,0.067318,2.200000,1.030000,1.000000,40.152860,20.987513,2.597923,5.037444,2.898566,1.737909,ok,
5209.910000,1,0.109000,0.180363,70.676511,31.071302,2.773829,m3_hier_joint_vp_vs,0.180363,37.604189,21.759656,50.987597,24.580068,2.471482,5228.245275,2902.021525,1.801587,5.228245,2.902022,5821.598986,3153.645274,1.845990,5.821599,3.153645,0.121317,0.055025,2.200000,1.030000,1.000000,41.612810,21.759656,2.583752,5.191753,2.967203,1.749713,ok,
5210.100000,2,0.116000,0.150000,68.870627,30.086505,2.766349,m3_hier_joint_vp_vs,0.150000,31.202636,19.398616,48.468965,23.396552,2.445453,4922.028405,2750.093140,1.789768,4.922028,2.750093,5707.585643,3093.116715,1.845254,5.707586,3.093117,0.181511,0.075839,2.200000,1.030000,1.000000,36.274166,19.398616,2.564933,4.830751,2.816474,1.715177,ok,
5210.480000,2,0.116000,0.150000,68.870627,30.086505,2.766349,m3_hier_joint_vp_vs,0.150000,31.202636,19.398616,48.468965,23.396552,2.445453,4922.028405,2750.093140,1.789768,4.922028,2.750093,5707.585643,3093.116715,1.845254,5.707586,3.093117,0.181511,0.075839,2.200000,1.030000,1.000000,36.274166,19.398616,2.564933,4.830751,2.816474,1.715177,ok,
5210.670000,2,0.123000,0.150000,68.870627,30.086505,2.766349,m3_hier_joint_vp_vs,0.150000,30.237704,19.013502,47.321462,22.988712,2.426088,4873.957178,2729.131901,1.785900,4.873957,2.729132,5669.164473,3078.251068,1.841684,5.669164,3.078251,0.184344,0.077089,2.200000,1.030000,1.000000,35.291078,19.013502,2.552778,4.786756,2.799483,1.709872,ok,
5210.860000,1,0.142000,0.180363,70.676511,31.071302,2.773829,m3_hier_joint_vp_vs,0.180363,30.970209,19.193052,45.485629,22.591663,2.379945,4915.511219,2756.371201,1.783327,4.915511,2.756371,5636.375855,3080.992295,1.829403,5.636376,3.080992,0.156179,0.065671,2.200000,1.030000,1.000000,35.448069,19.193052,2.526205,4.875003,2.839805,1.716668,ok,
5211.240000,1,0.134000,0.180363,70.676511,31.071302,2.773829,m3_hier_joint_vp_vs,0.180363,32.732580,19.906682,46.799738,23.074779,2.402136,5003.858692,2799.427701,1.787458,5.003859,2.799428,5682.470865,3099.345460,1.833442,5.682471,3.099345,0.143934,0.062506,2.200000,1.030000,1.000000,37.059709,19.906682,2.540156,4.967482,2.878728,1.725582,ok,
5211.620000,2,0.086000,0.150000,68.870627,30.086505,2.766349,m3_hier_joint_vp_vs,0.150000,37.735177,21.811050,53.494926,25.138805,2.528443,5224.003014,2886.918474,1.809543,5.224003,2.886918,5866.327675,3153.157987,1.860461,5.866328,3.153158,0.141171,0.062960,2.200000,1.030000,1.000000,42.337700,21.811050,2.617023,5.140620,2.937052,1.750265,ok,
5212.960000,1,0.079000,0.180363,70.676511,31.071302,2.773829,m3_hier_joint_vp_vs,0.180363,44.476377,24.113017,56.175073,26.377883,2.554697,5510.972519,3024.458274,1.822135,5.510973,3.024458,5979.627367,3213.292897,1.860903,5.979627,3.213293,0.091824,0.043899,2.200000,1.030000,1.000000,47.908807,24.113017,2.636067,5.476731,3.072247,1.782647,ok,
5213.150000,3,0.070000,0.177836,68.885679,29.758722,2.754277,m3_hier_joint_vp_vs,0.177836,44.168961,23.448457,56.183307,25.783906,2.561478,5477.273070,2983.898711,1.835610,5.477273,2.983899,5946.033570,3172.700453,1.874124,5.946034,3.172700,0.095697,0.044896,2.200000,1.030000,1.000000,47.744089,23.448457,2.633578,5.426715,3.025602,1.793598,ok,
5213.340000,1,0.061000,0.180363,70.676511,31.071302,2.773829,m3_hier_joint_vp_vs,0.180363,48.411367,25.342563,59.372141,27.452316,2.604625,5657.232280,3082.312624,1.835386,5.657232,3.082313,6070.255076,3246.510852,1.869778,6.070255,3.246511,0.080537,0.038187,2.200000,1.030000,1.000000,51.579898,25.342563,2.667455,5.617811,3.119268,1.801003,ok,
5213.530000,1,0.066000,0.180363,70.676511,31.071302,2.773829,m3_hier_joint_vp_vs,0.180363,47.058834,24.928815,58.477714,27.154174,2.590756,5607.503769,3062.056386,1.831287,5.607504,3.062056,6045.376670,3237.464526,1.867318,6.045377,3.237465,0.085891,0.040444,2.200000,1.030000,1.000000,50.363146,24.928815,2.658736,5.567203,3.101970,1.794732,ok,
5213.720000,1,0.073000,0.180363,70.676511,31.071302,2.773829,m3_hier_joint_vp_vs,0.180363,45.747704,24.518964,57.233724,26.736374,2.571339,5559.173652,3043.775986,1.826407,5.559174,3.043776,6010.167704,3224.568040,1.863868,6.010168,3.224568,0.088174,0.042073,2.200000,1.030000,1.000000,49.097485,24.518964,2.646529,5.523166,3.087958,1.788615,ok,
5214.100000,4,0.084000,0.169460,69.079982,30.011709,2.760313,m3_hier_global_hfu4,0.169460,41.103582,22.677945,53.956683,25.193879,2.528447,5361.549441,2944.887872,1.820629,5.361549,2.944888,5884.336564,3156.607728,1.864133,5.884337,3.156608,0.107785,0.051017,2.200000,1.030000,1.000000,44.933129,22.677945,2.614967,5.311806,2.994849,1.773647,ok,
5214.290000,2,0.087000,0.150000,68.870627,30.086505,2.766349,m3_hier_joint_vp_vs,0.150000,37.735177,21.811050,53.324573,25.080873,2.525677,5224.084487,2887.876660,1.808971,5.224084,2.887877,5861.182688,3151.247069,1.859957,5.861183,3.151247,0.139546,0.062671,2.200000,1.030000,1.000000,42.292541,21.811050,2.615287,5.143435,2.938660,1.750265,ok,
5214.480000,4,0.091000,0.169460,69.079982,30.011709,2.760313,m3_hier_global_hfu4,0.169460,38.754992,21.891872,52.759384,24.789438,2.509125,5263.011578,2900.123574,1.814754,5.263012,2.900124,5848.073519,3143.201554,1.860547,5.848074,3.143202,0.123823,0.056102,2.200000,1.030000,1.000000,42.908062,21.891872,2.602855,5.203732,2.953795,1.761711,ok,
5214.670000,4,0.095000,0.169460,69.079982,30.011709,2.760313,m3_hier_global_hfu4,0.169460,38.754992,21.891872,52.079571,24.558112,2.498083,5264.472341,2903.987141,1.812843,5.264472,2.903987,5827.136634,3135.407770,1.858494,5.827137,3.135408,0.117333,0.054937,2.200000,1.030000,1.000000,42.756268,21.891872,2.595933,5.215220,2.960315,1.761711,ok,
5214.860000,1,0.087000,0.180363,70.676511,31.071302,2.773829,m3_hier_joint_vp_vs,0.180363,42.047127,23.312865,54.774498,25.899348,2.532506,5413.944695,2981.754480,1.815691,5.413945,2.981754,5938.372346,3197.931678,1.856942,5.938372,3.197932,0.105076,0.048445,2.200000,1.030000,1.000000,45.772487,23.312865,2.622116,5.373724,3.034049,1.771140,ok,
5215.430000,1,0.062000,0.180363,70.676511,31.071302,2.773829,m3_hier_joint_vp_vs,0.180363,48.411367,25.342563,59.192865,27.392707,2.601852,5657.626037,3083.320638,1.834913,5.657626,3.083321,6065.297173,3244.712436,1.869287,6.065297,3.244712,0.079080,0.037914,2.200000,1.030000,1.000000,51.535965,25.342563,2.665712,5.620805,3.120930,1.801003,ok,
5215.620000,1,0.096000,0.180363,70.676511,31.071302,2.773829,m3_hier_joint_vp_vs,0.180363,39.759803,22.528400,53.213837,25.360235,2.507541,5319.198532,2939.969719,1.809270,5.319199,2.939970,5891.205260,3180.186417,1.852472,5.891205,3.180186,0.116626,0.052437,2.200000,1.030000,1.000000,43.707890,22.528400,2.606421,5.275898,2.997375,1.760173,ok,
5216.000000,1,0.141000,0.180363,70.676511,31.071302,2.773829,m3_hier_joint_vp_vs,0.180363,30.970209,19.193052,45.649202,22.652091,2.382719,4914.948625,2755.420338,1.783738,4.914949,2.755420,5642.181649,3083.313777,1.829908,5.642182,3.083314,0.158044,0.065965,2.200000,1.030000,1.000000,35.476222,19.193052,2.527949,4.872164,2.838152,1.716668,ok,
5216.390000,1,0.116000,0.180363,70.676511,31.071302,2.773829,m3_hier_joint_vp_vs,0.180363,35.571014,21.006653,49.802601,24.159254,2.452065,5135.690108,2858.126068,1.796873,5.135690,2.858126,5783.363793,3138.887774,1.842488,5.783364,3.138888,0.135760,0.059067,2.200000,1.030000,1.000000,39.816429,21.006653,2.571545,5.092064,2.926931,1.739728,ok,
5216.770000,1,0.105000,0.180363,70.676511,31.071302,2.773829,m3_hier_joint_vp_vs,0.180363,38.666132,22.142061,51.669061,24.820304,2.482577,5274.868947,2923.467050,1.804320,5.274869,2.923467,5843.207166,3161.929518,1.847988,5.843207,3.161930,0.114926,0.053056,2.200000,1.030000,1.000000,42.562266,22.142061,2.590727,5.240895,2.986467,1.754881,ok,
5216.960000,2,0.108000,0.150000,68.870627,30.086505,2.766349,m3_hier_joint_vp_vs,0.150000,33.232621,20.183371,49.792091,23.862036,2.467583,5020.838103,2797.602807,1.794693,5.020838,2.797603,5750.833932,3109.695306,1.849324,5.750834,3.109695,0.164854,0.071308,2.200000,1.030000,1.000000,38.097919,20.183371,2.578823,4.936958,2.859966,1.726229,ok,
5217.340000,1,0.107000,0.180363,70.676511,31.071302,2.773829,m3_hier_joint_vp_vs,0.180363,37.604189,21.759656,51.327936,24.700206,2.477029,5227.149674,2900.064869,1.802425,5.227150,2.900065,5832.424639,3157.800710,1.846989,5.832425,3.157801,0.124662,0.055596,2.200000,1.030000,1.000000,41.678507,21.759656,2.587239,5.185936,2.963879,1.749713,ok,
5217.530000,1,0.115000,0.180363,70.676511,31.071302,2.773829,m3_hier_joint_vp_vs,0.180363,36.572842,21.381186,49.971297,24.219402,2.454839,5183.180878,2882.515438,1.798145,5.183181,2.882515,5788.859267,3141.016585,1.842989,5.788859,3.141017,0.124287,0.056358,2.200000,1.030000,1.000000,40.624089,21.381186,2.573289,5.148917,2.951239,1.744663,ok,
5217.910000,2,0.141000,0.150000,68.870627,30.086505,2.766349,m3_hier_joint_vp_vs,0.150000,26.681511,17.521336,44.414648,21.937614,2.376294,4684.481657,2636.040503,1.777090,4.684482,2.636041,5567.752747,3038.397759,1.832463,5.567753,3.038398,0.213269,0.084291,2.200000,1.030000,1.000000,31.971465,17.521336,2.521524,4.589051,2.715398,1.690010,ok,
5218.290000,2,0.181000,0.150000,68.870627,30.086505,2.766349,m3_hier_joint_vp_vs,0.150000,20.803218,14.766796,38.182061,19.589069,2.265640,4327.381972,2454.012188,1.763391,4.327382,2.454012,5327.369528,2940.434212,1.811763,5.327370,2.940434,0.260150,0.094103,2.200000,1.030000,1.000000,26.228974,14.766796,2.452070,4.227569,2.552982,1.655934,ok,
5218.480000,3,0.183000,0.177836,68.885679,29.758722,2.754277,m3_hier_joint_vp_vs,0.177836,23.732360,15.729547,37.752915,19.266112,2.250244,4504.213390,2539.661666,1.773549,4.504213,2.539662,5309.704984,2926.053072,1.814630,5.309705,2.926053,0.191261,0.076385,2.200000,1.030000,1.000000,28.504162,15.729547,2.438734,4.457216,2.643889,1.685856,ok,
5218.670000,4,0.158000,0.169460,69.079982,30.011709,2.760313,m3_hier_global_hfu4,0.169460,26.572287,17.182017,41.791240,20.892877,2.324184,4673.091615,2628.487099,1.777864,4.673092,2.628487,5474.196579,2998.222868,1.825814,5.474197,2.998223,0.186407,0.075899,2.200000,1.030000,1.000000,31.399547,17.182017,2.486924,4.614098,2.718954,1.697012,ok,
5218.860000,2,0.137000,0.150000,68.870627,30.086505,2.766349,m3_hier_joint_vp_vs,0.150000,27.527419,17.887149,45.055138,22.171490,2.387359,4731.271816,2659.755554,1.778837,4.731272,2.659756,5590.625140,3047.463825,1.834517,5.590625,3.047464,0.205133,0.082451,2.200000,1.030000,1.000000,32.750082,17.887149,2.528469,4.639010,2.737232,1.694781,ok,
5219.050000,1,0.127000,0.180363,70.676511,31.071302,2.773829,m3_hier_joint_vp_vs,0.180363,33.651843,20.269401,47.959936,23.496932,2.421553,5046.840178,2818.053703,1.790896,5.046840,2.818054,5722.160009,3115.004076,1.836967,5.722160,3.115004,0.143121,0.061713,2.200000,1.030000,1.000000,37.984331,20.269401,2.552363,5.005732,2.893167,1.730191,ok,
5219.240000,2,0.124000,0.150000,68.870627,30.086505,2.766349,m3_hier_joint_vp_vs,0.150000,30.237704,19.013502,47.158313,22.930408,2.423322,4874.189929,2730.060526,1.785378,4.874190,2.730061,5663.630511,3076.099294,1.841173,5.663631,3.076099,0.182513,0.076790,2.200000,1.030000,1.000000,35.255618,19.013502,2.551042,4.789488,2.801080,1.709872,ok,
5219.620000,2,0.170000,0.150000,68.870627,30.086505,2.766349,m3_hier_joint_vp_vs,0.150000,22.835994,15.764120,39.864744,20.236733,2.296070,4459.370168,2525.710570,1.765590,4.459370,2.525711,5395.710098,2968.777658,1.817485,5.395710,2.968778,0.234618,0.089675,2.200000,1.030000,1.000000,28.122810,15.764120,2.471170,4.370349,2.620248,1.667915,ok,
5219.810000,1,0.196000,0.180363,70.676511,31.071302,2.773829,m3_hier_joint_vp_vs,0.180363,22.839321,15.548286,36.946765,19.311443,2.230159,4458.644101,2528.459666,1.763384,4.458644,2.528460,5302.123257,2942.656038,1.801815,5.302123,2.942656,0.199560,0.076356,2.200000,1.030000,1.000000,27.616680,15.548286,2.432039,4.420056,2.640422,1.673996,ok,
5220.200000,1,0.193000,0.180363,70.676511,31.071302,2.773829,m3_hier_joint_vp_vs,0.180363,23.482472,15.860148,37.405949,19.494592,2.238480,4499.806969,2550.949078,1.763974,4.499807,2.550949,5321.863078,2951.076477,1.803363,5.321863,2.951076,0.191873,0.075045,2.200000,1.030000,1.000000,28.203620,15.860148,2.437270,4.465125,2.661810,1.677477,ok,
5220.580000,1,0.165000,0.180363,70.676511,31.071302,2.773829,m3_hier_joint_vp_vs,0.180363,27.727315,17.812952,41.778007,21.198707,2.316147,4747.019043,2676.756699,1.773422,4.747019,2.676757,5499.195197,3025.322037,1.817722,5.499195,3.025322,0.166465,0.069264,2.200000,1.030000,1.000000,32.271583,17.812952,2.486097,4.714411,2.773224,1.699975,ok,
5220.770000,1,0.118000,0.180363,70.676511,31.071302,2.773829,m3_hier_joint_vp_vs,0.180363,35.571014,21.006653,49.465800,24.038928,2.446517,5136.774397,2860.066209,1.796033,5.136774,2.860066,5772.339074,3134.609248,1.841486,5.772339,3.134609,0.132312,0.058491,2.200000,1.030000,1.000000,39.753045,21.006653,2.568057,5.097835,2.930247,1.739728,ok,
5221.150000,1,0.074000,0.180363,70.676511,31.071302,2.773829,m3_hier_joint_vp_vs,0.180363,45.747704,24.518964,57.056793,26.676650,2.568566,5559.671363,3044.779272,1.825969,5.559671,3.044779,6005.101068,3222.703190,1.863374,6.005101,3.222703,0.086670,0.041797,2.200000,1.030000,1.000000,49.058229,24.518964,2.644786,5.526148,3.089625,1.788615,ok,
5221.720000,1,0.036000,0.180363,70.676511,31.071302,2.773829,m3_hier_joint_vp_vs,0.180363,55.857452,27.469464,63.917455,28.939532,2.673971,5913.974757,3183.143636,1.857904,5.913975,3.183144,6191.430238,3289.784084,1.882017,6.191430,3.289784,0.052780,0.025692,2.200000,1.030000,1.000000,58.193326,27.469464,2.711051,5.881032,3.205138,1.834876,ok,
5222.100000,1,0.043000,0.180363,70.676511,31.071302,2.773829,m3_hier_joint_vp_vs,0.180363,54.270675,27.036362,62.632483,28.523691,2.654554,5862.108952,3165.083784,1.852118,5.862109,3.165084,6158.024771,3277.985642,1.878600,6.158025,3.277986,0.055716,0.027824,2.200000,1.030000,1.000000,56.695471,27.036362,2.698844,5.833029,3.191379,1.827746,ok,
5222.860000,2,0.088000,0.150000,68.870627,30.086505,2.766349,m3_hier_joint_vp_vs,0.150000,37.735177,21.811050,53.154415,25.022932,2.522910,5224.198204,2888.835802,1.808410,5.224198,2.888836,5856.028021,3149.330185,1.859452,5.856028,3.149330,0.137921,0.062383,2.200000,1.030000,1.000000,42.248259,21.811050,2.613550,5.146254,2.940271,1.750265,ok,
5223.050000,1,0.094000,0.180363,70.676511,31.071302,2.773829,m3_hier_joint_vp_vs,0.180363,40.886386,22.918669,53.559278,25.480108,2.513089,5367.650225,2963.343579,1.811349,5.367650,2.963344,5901.757474,3184.173258,1.853466,5.901757,3.184173,0.106880,0.049771,2.200000,1.030000,1.000000,44.637611,22.918669,2.609909,5.331885,3.019887,1.765591,ok,
5223.430000,1,0.080000,0.180363,70.676511,31.071302,2.773829,m3_hier_joint_vp_vs,0.180363,44.476377,24.113017,55.999316,26.318101,2.551923,5511.510318,3025.459151,1.821710,5.511510,3.025459,5974.504239,3211.393446,1.860409,5.974504,3.211393,0.090296,0.043622,2.200000,1.030000,1.000000,47.871461,24.113017,2.634323,5.479707,3.073916,1.782647,ok,
5223.630000,1,0.075000,0.180363,70.676511,31.071302,2.773829,m3_hier_joint_vp_vs,0.180363,45.747704,24.518964,56.880058,26.616916,2.565792,5560.200627,3045.783550,1.825540,5.560201,3.045784,6000.025118,3220.832638,1.862880,6.000025,3.220833,0.085165,0.041521,2.200000,1.030000,1.000000,49.019883,24.518964,2.643042,5.529134,3.091294,1.788615,ok,
5224.390000,2,0.071000,0.150000,68.870627,30.086505,2.766349,m3_hier_joint_vp_vs,0.150000,41.553999,23.082686,56.073524,26.006623,2.569938,5382.836587,2955.214355,1.821471,5.382837,2.955214,5942.369265,3181.124325,1.868009,5.942369,3.181124,0.120106,0.055262,2.200000,1.030000,1.000000,45.805801,23.082686,2.643068,5.305186,2.996966,1.770186,ok,
5224.770000,2,0.081000,0.150000,68.870627,30.086505,2.766349,m3_hier_joint_vp_vs,0.150000,38.962839,22.230088,54.349603,25.428317,2.542275,5276.326479,2909.696225,1.813360,5.276326,2.909696,5891.908899,3162.624055,1.862981,5.891909,3.162624,0.134216,0.060493,2.200000,1.030000,1.000000,43.458507,22.230088,2.625705,5.194696,2.957055,1.756713,ok,
5224.960000,1,0.084000,0.180363,70.676511,31.071302,2.773829,m3_hier_joint_vp_vs,0.180363,43.243333,23.710982,55.298245,26.078872,2.540827,5462.744215,3004.111351,1.818423,5.462744,3.004111,5953.915720,3203.736769,1.858429,5.953916,3.203737,0.096911,0.045928,2.200000,1.030000,1.000000,46.789539,23.710982,2.627347,5.427895,3.054831,1.776823,ok,
5225.150000,1,0.084000,0.180363,70.676511,31.071302,2.773829,m3_hier_joint_vp_vs,0.180363,43.243333,23.710982,55.298245,26.078872,2.540827,5462.744215,3004.111351,1.818423,5.462744,3.004111,5953.915720,3203.736769,1.858429,5.953916,3.203737,0.096911,0.045928,2.200000,1.030000,1.000000,46.789539,23.710982,2.627347,5.427895,3.054831,1.776823,ok,
5225.340000,2,0.088000,0.150000,68.870627,30.086505,2.766349,m3_hier_joint_vp_vs,0.150000,37.735177,21.811050,53.154415,25.022932,2.522910,5224.198204,2888.835802,1.808410,5.224198,2.888836,5856.028021,3149.330185,1.859452,5.856028,3.149330,0.137921,0.062383,2.200000,1.030000,1.000000,42.248259,21.811050,2.613550,5.146254,2.940271,1.750265,ok,
5225.530000,2,0.100000,0.150000,68.870627,30.086505,2.766349,m3_hier_joint_vp_vs,0.150000,35.405839,20.987513,51.127682,24.326872,2.489714,5121.771278,2845.136950,1.800184,5.121771,2.845137,5793.401141,3125.851896,1.853383,5.793401,3.125852,0.148156,0.066444,2.200000,1.030000,1.000000,40.030128,20.987513,2.592714,5.045833,2.903393,1.737909,ok,
5226.100000,2,0.125000,0.150000,68.870627,30.086505,2.766349,m3_hier_joint_vp_vs,0.150000,30.237704,19.013502,46.995359,22.872093,2.420555,4874.442870,2730.990099,1.784863,4.874443,2.730990,5658.085081,3073.940386,1.840662,5.658085,3.073940,0.180681,0.076491,2.200000,1.030000,1.000000,35.220653,19.013502,2.549305,4.792224,2.802680,1.709872,ok,
5226.480000,1,0.153000,0.180363,70.676511,31.071302,2.773829,m3_hier_joint_vp_vs,0.180363,29.303840,18.495151,43.699363,21.926216,2.349433,4830.282581,2716.125110,1.778373,4.830283,2.716125,5571.657569,3054.923229,1.823829,5.571658,3.054923,0.162556,0.067728,2.200000,1.030000,1.000000,33.832735,18.495151,2.507023,4.792595,2.805740,1.708139,ok,
5227.630000,1,0.053000,0.180363,70.676511,31.071302,2.773829,m3_hier_joint_vp_vs,0.180363,51.247481,26.181721,60.813377,27.928854,2.626816,5758.997302,3124.768149,1.843016,5.758997,3.124768,6109.604017,3260.706629,1.873706,6.109604,3.260707,0.066802,0.032896,2.200000,1.030000,1.000000,54.022686,26.181721,2.681406,5.727025,3.157070,1.814031,ok,
5227.820000,1,0.069000,0.180363,70.676511,31.071302,2.773829,m3_hier_joint_vp_vs,0.180363,47.058834,24.928815,57.943403,26.975174,2.582435,5608.853697,3065.073380,1.829925,5.608854,3.065073,6030.341898,3231.970950,1.865840,6.030342,3.231971,0.081450,0.039621,2.200000,1.030000,1.000000,50.238824,24.928815,2.653505,5.576166,3.106963,1.794732,ok,
5228.010000,2,0.088000,0.150000,68.870627,30.086505,2.766349,m3_hier_joint_vp_vs,0.150000,37.735177,21.811050,53.154415,25.022932,2.522910,5224.198204,2888.835802,1.808410,5.224198,2.888836,5856.028021,3149.330185,1.859452,5.856028,3.149330,0.137921,0.062383,2.200000,1.030000,1.000000,42.248259,21.811050,2.613550,5.146254,2.940271,1.750265,ok,
5228.200000,2,0.095000,0.150000,68.870627,30.086505,2.766349,m3_hier_joint_vp_vs,0.150000,36.550130,21.396858,51.968750,24.617070,2.503546,5172.857495,2867.951336,1.803677,5.172857,2.867951,5819.670693,3135.742588,1.855915,5.819671,3.135743,0.141445,0.064172,2.200000,1.030000,1.000000,41.080189,21.396858,2.601396,5.098513,2.923460,1.743999,ok,
5228.580000,1,0.112000,0.180363,70.676511,31.071302,2.773829,m3_hier_joint_vp_vs,0.180363,36.572842,21.381186,50.478563,24.399782,2.463160,5181.488698,2879.589826,1.799384,5.181489,2.879590,5805.278774,3147.361624,1.844491,5.805279,3.147362,0.129385,0.057219,2.200000,1.030000,1.000000,40.719410,21.381186,2.578520,5.140213,2.946250,1.744663,ok,
5228.960000,2,0.089000,0.150000,68.870627,30.086505,2.766349,m3_hier_joint_vp_vs,0.150000,37.735177,21.811050,52.984451,24.964981,2.520144,5224.343298,2889.795900,1.807859,5.224343,2.889796,5850.863632,3147.407308,1.858947,5.850864,3.147407,0.136294,0.062095,2.200000,1.030000,1.000000,42.204830,21.811050,2.611814,5.149078,2.941884,1.750265,ok,
5229.340000,2,0.129000,0.150000,68.870627,30.086505,2.766349,m3_hier_joint_vp_vs,0.150000,29.304352,18.633224,46.345495,22.638728,2.409490,4826.241008,2707.232003,1.782722,4.826241,2.707232,5635.787587,3065.232705,1.838617,5.635788,3.065233,0.188840,0.078553,2.200000,1.030000,1.000000,34.373882,18.633224,2.542360,4.740578,2.780875,1.704707,ok,
5229.530000,3,0.151000,0.177836,68.885679,29.758722,2.754277,m3_hier_joint_vp_vs,0.177836,28.084007,17.651875,42.711537,21.125863,2.338381,4751.099396,2660.448927,1.785826,4.751099,2.660449,5505.569168,3005.727289,1.831693,5.505569,3.005727,0.171795,0.071124,2.200000,1.030000,1.000000,32.759088,17.651875,2.493911,4.698407,2.747500,1.710066,ok,
5229.720000,2,0.161000,0.150000,68.870627,30.086505,2.766349,m3_hier_joint_vp_vs,0.150000,23.557066,16.106024,41.259150,20.765602,2.320967,4502.618878,2544.919334,1.769258,4.502619,2.544919,5450.320288,2991.147284,1.822150,5.450320,2.991147,0.237363,0.089730,2.200000,1.030000,1.000000,28.941567,16.106024,2.486797,4.404788,2.634266,1.672112,ok,
5230.290000,3,0.172000,0.177836,68.885679,29.758722,2.754277,m3_hier_joint_vp_vs,0.177836,25.102932,16.355158,39.434161,19.906738,2.280541,4585.043675,2579.662092,1.777381,4.585044,2.579662,5378.678560,2954.480152,1.820516,5.378679,2.954480,0.185940,0.074954,2.200000,1.030000,1.000000,29.860457,16.355158,2.457701,4.535371,2.677987,1.693575,ok,
5230.480000,4,0.170000,0.169460,69.079982,30.011709,2.760313,m3_hier_global_hfu4,0.169460,25.082374,16.518784,39.921049,20.189821,2.291060,4589.005549,2588.084353,1.773128,4.589006,2.588084,5401.353998,2968.574996,1.819511,5.401354,2.968575,0.191177,0.077455,2.200000,1.030000,1.000000,29.909745,16.518784,2.466160,4.534469,2.685164,1.688712,ok,
5230.860000,3,0.182000,0.177836,68.885679,29.758722,2.754277,m3_hier_joint_vp_vs,0.177836,23.732360,15.729547,37.904747,19.324409,2.252999,4503.688097,2538.764323,1.773969,4.503688,2.538764,5316.050531,2928.684955,1.815166,5.316051,2.928685,0.193414,0.076703,2.200000,1.030000,1.000000,28.527596,15.729547,2.440459,4.454490,2.642273,1.685856,ok,
5231.050000,4,0.179000,0.169460,69.079982,30.011709,2.760313,m3_hier_global_hfu4,0.169460,23.675846,15.871799,38.537254,19.661436,2.266217,4504.849668,2544.942775,1.770118,4.504850,2.544943,5345.367029,2945.485373,1.814766,5.345367,2.945485,0.201722,0.079716,2.200000,1.030000,1.000000,28.569006,15.871799,2.450587,4.448090,2.646442,1.680781,ok,
5231.240000,3,0.170000,0.177836,68.885679,29.758722,2.754277,m3_hier_joint_vp_vs,0.177836,25.817228,16.673642,39.742464,20.023063,2.286050,4627.781189,2602.832398,1.777979,4.627781,2.602832,5391.027805,2959.527680,1.821584,5.391028,2.959528,0.175908,0.073058,2.200000,1.030000,1.000000,30.477347,16.673642,2.461150,4.584566,2.700675,1.697563,ok,
5231.440000,3,0.170000,0.177836,68.885679,29.758722,2.754277,m3_hier_joint_vp_vs,0.177836,25.817228,16.673642,39.742464,20.023063,2.286050,4627.781189,2602.832398,1.777979,4.627781,2.602832,5391.027805,2959.527680,1.821584,5.391028,2.959528,0.175908,0.073058,2.200000,1.030000,1.000000,30.477347,16.673642,2.461150,4.584566,2.700675,1.697563,ok,
5232.200000,1,0.139000,0.180363,70.676511,31.071302,2.773829,m3_hier_joint_vp_vs,0.180363,31.838988,19.547900,45.976940,22.772914,2.388267,4960.093672,2778.858999,1.784939,4.960094,2.778859,5653.755284,3087.933110,1.830919,5.653755,3.087933,0.148229,0.063823,2.200000,1.030000,1.000000,36.215881,19.547900,2.531437,4.923893,2.860939,1.721076,ok,
5232.770000,2,0.094000,0.150000,68.870627,30.086505,2.766349,m3_hier_joint_vp_vs,0.150000,36.550130,21.396858,52.137548,24.675080,2.506312,5172.668632,2866.994682,1.804213,5.172669,2.866995,5824.894331,3137.702024,1.856420,5.824894,3.137702,0.143100,0.064462,2.200000,1.030000,1.000000,41.121565,21.396858,2.603132,5.095699,2.921847,1.743999,ok,
5232.960000,3,0.131000,0.177836,68.885679,29.758722,2.754277,m3_hier_joint_vp_vs,0.177836,31.422682,19.009496,45.915371,22.282356,2.393467,4923.139476,2741.969945,1.795475,4.923139,2.741970,5621.076705,3051.173163,1.842267,5.621077,3.051173,0.154194,0.066065,2.200000,1.030000,1.000000,35.935521,19.009496,2.528397,4.870131,2.818199,1.728101,ok,
5233.150000,2,0.148000,0.150000,68.870627,30.086505,2.766349,m3_hier_joint_vp_vs,0.150000,25.862521,17.160329,43.301319,21.527912,2.356929,4638.863771,2615.053084,1.773908,4.638864,2.615053,5527.244208,3022.231127,1.828862,5.527244,3.022231,0.215419,0.085145,2.200000,1.030000,1.000000,31.118824,17.160329,2.509369,4.547604,2.698296,1.685362,ok,
5233.340000,2,0.132000,0.150000,68.870627,30.086505,2.766349,m3_hier_joint_vp_vs,0.150000,28.401322,18.257775,45.860146,22.463594,2.401191,4778.288862,2682.568197,1.781237,4.778289,2.682568,5618.941336,3058.625267,1.837081,5.618941,3.058625,0.198884,0.080840,2.200000,1.030000,1.000000,33.584643,18.257775,2.537151,4.686810,2.757469,1.699679,ok,
5233.720000,2,0.143000,0.150000,68.870627,30.086505,2.766349,m3_hier_joint_vp_vs,0.150000,26.681511,17.521336,44.095576,21.820611,2.370761,4684.964173,2637.857586,1.776049,4.684964,2.637858,5556.242078,3033.818221,1.831435,5.556242,3.033818,0.209350,0.083683,2.200000,1.030000,1.000000,31.906643,17.521336,2.518051,4.594403,2.718565,1.690010,ok,
