Depth(m),HFU,hfu_source,phi_input,phi_input_source,Phi_Sonic (pu),Phi_lab (pu),alpha_hfu,matrix_k_gpa,matrix_g_gpa,matrix_rho_gcc,param_source,n_ct_plugs_calib,alpha,dem_k_gpa,dem_g_gpa,sc_k_gpa,sc_g_gpa,rho_gcc,vp_dem_m_s,vs_dem_m_s,vpvs_dem,vp_dem_km_s,vs_dem_km_s,vp_sc_m_s,vs_sc_m_s,vpvs_sc,vp_sc_km_s,vs_sc_km_s,vp_rel_diff_dem_sc,vpvs_rel_diff_dem_sc,status,error
5205.910000,3,lab,0.126000,Phi_ND,0.118000,0.110000,0.168006,68.022153,29.385677,2.754277,m3_hier_joint_vp_vs,2,0.168006,30.891786,18.828174,46.143119,22.287863,2.407238,4823.019831,2796.691613,1.724545,4.823020,2.796692,5613.680216,3042.809014,1.844901,5.613680,3.042809,0.163935,0.069790,ok,
5206.290000,3,lab,0.110000,Phi_ND,0.104000,0.130000,0.168006,68.022153,29.385677,2.754277,m3_hier_joint_vp_vs,2,0.168006,34.731436,20.275703,48.747093,23.197578,2.451307,5019.666865,2876.001786,1.745363,5.019667,2.876002,5701.225432,3076.256267,1.853300,5.701225,3.076256,0.135778,0.061842,ok,
5206.480000,2,lab,0.099000,Phi_ND,0.096000,0.090000,0.167236,69.146581,30.207057,2.766349,m3_hier_joint_vp_vs,4,0.167236,37.510830,21.582022,51.501040,24.482638,2.492480,5157.008397,2942.592901,1.752539,5.157008,2.942593,5810.280990,3134.102739,1.853890,5.810281,3.134103,0.126677,0.057831,ok,
5206.860000,1,lab,0.065000,Phi_ND,0.085000,0.070000,0.168170,69.858997,30.711901,2.773829,m3_hier_joint_vp_vs,4,0.168170,45.452672,24.411385,57.977734,26.899040,2.593530,5484.094815,3067.966168,1.787534,5.484095,3.067966,6015.276174,3220.495829,1.867811,6.015276,3.220496,0.096859,0.044909,ok,
5207.240000,1,lab,0.072000,Phi_ND,0.090000,0.092000,0.168170,69.858997,30.711901,2.773829,m3_hier_joint_vp_vs,4,0.168170,44.121921,23.992669,56.746780,26.486139,2.574113,5437.673805,3052.990457,1.781098,5.437674,3.052990,5980.334887,3207.712933,1.864361,5.980335,3.207713,0.099797,0.046748,ok,
5207.430000,1,lab,0.083000,Phi_ND,0.094000,0.081000,0.168170,69.858997,30.711901,2.773829,m3_hier_joint_vp_vs,4,0.168170,41.587457,23.167936,54.831561,25.836349,2.543601,5338.001679,3017.999483,1.768722,5.338002,3.017999,5924.512830,3187.065999,1.858924,5.924513,3.187066,0.109875,0.050998,ok,
5207.810000,2,lab,0.094000,Phi_ND,0.092000,0.110000,0.167236,69.146581,30.207057,2.766349,m3_hier_joint_vp_vs,4,0.167236,38.634079,21.973796,52.346455,24.773949,2.506312,5206.203383,2960.976488,1.758272,5.206203,2.960976,5836.552412,3143.981895,1.856420,5.836552,3.143982,0.121077,0.055821,ok,
5208.000000,1,lab,0.090000,Phi_ND,0.093000,0.085000,0.168170,69.858997,30.711901,2.773829,m3_hier_joint_vp_vs,4,0.168170,40.380340,22.761932,53.624976,25.422234,2.524184,5293.464572,3002.921799,1.762771,5.293465,3.002922,5888.386532,3173.557092,1.855453,5.888387,3.173557,0.112388,0.052577,ok,
5208.190000,1,lab,0.085000,Phi_ND,0.091000,0.077000,0.168170,69.858997,30.711901,2.773829,m3_hier_joint_vp_vs,4,0.168170,41.587457,23.167936,54.485855,25.718079,2.538054,5343.832377,3021.296043,1.768722,5.343832,3.021296,5914.239809,3183.236264,1.857933,5.914240,3.183236,0.106741,0.050438,ok,
5208.770000,1,lab,0.090000,Phi_ND,0.089000,0.097000,0.168170,69.858997,30.711901,2.773829,m3_hier_joint_vp_vs,4,0.168170,40.380340,22.761932,53.624976,25.422234,2.524184,5293.464572,3002.921799,1.762771,5.293465,3.002922,5888.386532,3173.557092,1.855453,5.888387,3.173557,0.112388,0.052577,ok,
5208.960000,1,lab,0.094000,Phi_ND,0.089000,0.087000,0.168170,69.858997,30.711901,2.773829,m3_hier_joint_vp_vs,4,0.168170,39.211178,22.360176,52.939759,25.185380,2.513089,5240.810632,2982.865496,1.756972,5.240811,2.982865,5867.525443,3165.704061,1.853466,5.867525,3.165704,0.119584,0.054921,ok,
5209.150000,1,lab,0.098000,Phi_ND,0.090000,0.078000,0.168170,69.858997,30.711901,2.773829,m3_hier_joint_vp_vs,4,0.168170,38.078480,21.962672,52.257643,24.948367,2.501994,5188.771123,2962.780523,1.751318,5.188771,2.962781,5846.502635,3157.751516,1.851476,5.846503,3.157752,0.126761,0.057190,ok,
5209.530000,1,lab,0.095000,Phi_ND,0.091000,0.088000,0.168170,69.858997,30.711901,2.773829,m3_hier_joint_vp_vs,4,0.168170,39.211178,22.360176,52.768939,25.126142,2.510315,5243.705309,2984.513033,1.756972,5.243705,2.984513,5862.285015,3163.725328,1.852969,5.862285,3.163725,0.117966,0.054638,ok,
5209.720000,2,lab,0.097000,Phi_ND,0.095000,0.091000,0.167236,69.146581,30.207057,2.766349,m3_hier_joint_vp_vs,4,0.167236,37.510830,21.582022,51.838620,24.599193,2.498013,5151.294259,2939.332410,1.752539,5.151294,2.939332,5820.819936,3138.073170,1.854903,5.820820,3.138073,0.129972,0.058409,ok,
5209.910000,1,lab,0.109000,Phi_ND,0.101000,0.120000,0.168170,69.858997,30.711901,2.773829,m3_hier_joint_vp_vs,4,0.168170,35.916897,21.180431,50.397825,24.295750,2.471482,5095.008641,2927.444702,1.740429,5.095009,2.927445,5787.831899,3135.353150,1.845990,5.787832,3.135353,0.135981,0.060653,ok,
5210.100000,2,lab,0.116000,Phi_ND,0.104000,0.111000,0.167236,69.146581,30.207057,2.766349,m3_hier_joint_vp_vs,4,0.167236,33.355369,20.057000,48.663173,23.490298,2.445453,4957.360676,2863.870430,1.731000,4.957361,2.863870,5719.008939,3099.307352,1.845254,5.719009,3.099307,0.153640,0.066004,ok,
5210.480000,2,lab,0.116000,Phi_ND,0.114000,0.112000,0.167236,69.146581,30.207057,2.766349,m3_hier_joint_vp_vs,4,0.167236,33.355369,20.057000,48.663173,23.490298,2.445453,4957.360676,2863.870430,1.731000,4.957361,2.863870,5719.008939,3099.307352,1.845254,5.719009,3.099307,0.153640,0.066004,ok,
5210.670000,2,lab,0.123000,Phi_ND,0.118000,0.137000,0.167236,69.146581,30.207057,2.766349,m3_hier_joint_vp_vs,4,0.167236,32.394589,19.686267,47.511072,23.080824,2.426088,4916.483704,2848.579879,1.725942,4.916484,2.848580,5680.510873,3084.411952,1.841684,5.680511,3.084412,0.155401,0.067060,ok,
5210.860000,1,lab,0.142000,Phi_ND,0.122000,0.093000,0.168170,69.858997,30.711901,2.773829,m3_hier_joint_vp_vs,4,0.168170,29.313440,18.576659,44.959497,22.330345,2.379945,4766.989169,2793.832219,1.706255,4.766989,2.793832,5603.683120,3063.121580,1.829403,5.603683,3.063122,0.175518,0.072175,ok,
5211.240000,1,lab,0.134000,Phi_ND,0.118000,0.103000,0.168170,69.858997,30.711901,2.773829,m3_hier_joint_vp_vs,4,0.168170,31.060304,19.299329,46.258406,22.807873,2.402136,4862.365823,2834.472914,1.715439,4.862366,2.834473,5649.510765,3081.368291,1.833442,5.649511,3.081368,0.161885,0.068789,ok,
5211.620000,2,lab,0.086000,Phi_ND,0.082000,0.075000,0.167236,69.146581,30.207057,2.766349,m3_hier_joint_vp_vs,4,0.167236,39.793837,22.369772,53.709272,25.239532,2.528443,5247.362317,2974.433071,1.764155,5.247362,2.974433,5878.068681,3159.468792,1.860461,5.878069,3.159469,0.120195,0.054590,ok,
5212.960000,1,lab,0.079000,Phi_ND,0.059000,0.090000,0.168170,69.858997,30.711901,2.773829,m3_hier_joint_vp_vs,4,0.168170,42.834099,23.578183,55.525297,26.072771,2.554697,5391.901573,3037.984206,1.774829,5.391902,3.037984,5944.943667,3194.654798,1.860903,5.944944,3.194655,0.102569,0.048497,ok,
5213.150000,3,lab,0.070000,Phi_ND,0.061000,0.104000,0.168006,68.022153,29.385677,2.754277,m3_hier_joint_vp_vs,2,0.168006,42.739809,22.964815,55.479013,25.460688,2.561478,5351.593063,2994.237127,1.787298,5.351593,2.994237,5908.647355,3152.751816,1.874124,5.908647,3.152752,0.104091,0.048580,ok,
5213.340000,1,lab,0.061000,Phi_ND,0.060000,0.066000,0.168170,69.858997,30.711901,2.773829,m3_hier_joint_vp_vs,4,0.168170,46.828200,24.834327,58.685385,27.134776,2.604625,5540.017797,3087.831228,1.794145,5.540018,3.087831,6035.045706,3227.680078,1.869778,6.035046,3.227680,0.089355,0.042155,ok,
5213.530000,1,lab,0.066000,Phi_ND,0.060000,0.065000,0.168170,69.858997,30.711901,2.773829,m3_hier_joint_vp_vs,4,0.168170,45.452672,24.411385,57.801304,26.840082,2.590756,5487.029840,3069.608109,1.787534,5.487030,3.069608,6010.311603,3218.686224,1.867318,6.010312,3.218686,0.095367,0.044634,ok,
5213.720000,1,lab,0.073000,Phi_ND,0.063000,0.066000,0.168170,69.858997,30.711901,2.773829,m3_hier_joint_vp_vs,4,0.168170,44.121921,23.992669,56.571703,26.427115,2.571339,5440.605956,3054.636718,1.781098,5.440606,3.054637,5975.306860,3205.864542,1.863868,5.975307,3.205865,0.098280,0.046471,ok,
5214.100000,4,lab,0.084000,Phi_ND,0.072000,0.088000,0.167804,68.587774,29.797870,2.760313,m3_hier_global_hfu4,0,0.167804,40.648237,22.478634,53.572231,25.014368,2.528447,5284.892789,2981.659569,1.772467,5.284893,2.981660,5863.335571,3145.341905,1.864133,5.863336,3.145342,0.109452,0.051717,ok,
5214.290000,2,lab,0.087000,Phi_ND,0.077000,0.081000,0.167236,69.146581,30.207057,2.766349,m3_hier_joint_vp_vs,4,0.167236,39.793837,22.369772,53.538237,25.181369,2.525677,5250.235223,2976.061558,1.764155,5.250235,2.976062,5872.913397,3157.554049,1.859957,5.872913,3.157554,0.118600,0.054304,ok,
5214.480000,4,lab,0.091000,Phi_ND,0.082000,0.067000,0.167804,68.587774,29.797870,2.760313,m3_hier_global_hfu4,0,0.167804,38.310217,21.694727,52.383464,24.612808,2.509125,5176.563018,2940.464840,1.760457,5.176563,2.940465,5827.201948,3131.983577,1.860547,5.827202,3.131984,0.125689,0.056854,ok,
5214.670000,4,lab,0.095000,Phi_ND,0.084000,0.089000,0.167804,68.587774,29.797870,2.760313,m3_hier_global_hfu4,0,0.167804,38.310217,21.694727,51.708494,24.383130,2.498083,5187.990323,2946.955941,1.760457,5.187990,2.946956,5806.339786,3124.217608,1.858494,5.806340,3.124218,0.119189,0.055688,ok,
5214.860000,1,lab,0.087000,Phi_ND,0.084000,0.096000,0.168170,69.858997,30.711901,2.773829,m3_hier_joint_vp_vs,4,0.168170,40.380340,22.761932,54.140922,25.599770,2.532506,5284.760596,2997.984133,1.762771,5.284761,2.997984,5903.927938,3179.382678,1.856942,5.903928,3.179383,0.117161,0.053422,ok,
5215.430000,1,lab,0.062000,Phi_ND,0.087000,0.110000,0.168170,69.858997,30.711901,2.773829,m3_hier_joint_vp_vs,4,0.168170,46.828200,24.834327,58.508182,27.075856,2.601852,5542.970111,3089.476755,1.794145,5.542970,3.089477,6030.116561,3225.892093,1.869287,6.030117,3.225892,0.087885,0.041881,ok,
5215.620000,1,lab,0.096000,Phi_ND,0.097000,0.155000,0.168170,69.858997,30.711901,2.773829,m3_hier_joint_vp_vs,4,0.168170,38.078480,21.962672,52.598313,25.066894,2.507541,5183.028154,2959.501296,1.751318,5.183028,2.959501,5857.034435,3161.740346,1.852472,5.857034,3.161740,0.130041,0.057759,ok,
5216.000000,1,lab,0.141000,Phi_ND,0.120000,0.080000,0.168170,69.858997,30.711901,2.773829,m3_hier_joint_vp_vs,4,0.168170,29.313440,18.576659,45.121178,22.390075,2.382719,4764.213629,2792.205533,1.706255,4.764214,2.792206,5609.455238,3065.429597,1.829908,5.609455,3.065430,0.177415,0.072471,ok,
5216.390000,1,lab,0.116000,Phi_ND,0.116000,0.084000,0.168170,69.858997,30.711901,2.773829,m3_hier_joint_vp_vs,4,0.168170,33.885110,20.415220,49.226535,23.879805,2.452065,4991.991417,2885.433387,1.730066,4.991991,2.885433,5749.818482,3120.681247,1.842488,5.749818,3.120681,0.151809,0.064981,ok,
5216.770000,1,lab,0.105000,Phi_ND,0.101000,0.070000,0.168170,69.858997,30.711901,2.773829,m3_hier_joint_vp_vs,4,0.168170,36.980834,21.569423,51.071406,24.533208,2.482577,5145.927982,2947.595647,1.745805,5.145928,2.947596,5809.314745,3143.589342,1.847988,5.809315,3.143589,0.128915,0.058530,ok,
5216.960000,2,lab,0.108000,Phi_ND,0.098000,0.069000,0.167236,69.146581,30.207057,2.766349,m3_hier_joint_vp_vs,4,0.167236,35.368207,20.811093,49.991601,23.957648,2.467583,5057.489149,2904.099764,1.741500,5.057489,2.904100,5762.343786,3115.919124,1.849324,5.762344,3.115919,0.139368,0.061915,ok,
5217.340000,1,lab,0.107000,Phi_ND,0.107000,0.164000,0.168170,69.858997,30.711901,2.773829,m3_hier_joint_vp_vs,4,0.168170,35.916897,21.180431,50.734227,24.414499,2.477029,5089.299946,2924.164650,1.740429,5.089300,2.924165,5798.594760,3139.484483,1.846989,5.798595,3.139484,0.139370,0.061227,ok,
5217.530000,1,lab,0.115000,Phi_ND,0.112000,0.124000,0.168170,69.858997,30.711901,2.773829,m3_hier_joint_vp_vs,4,0.168170,34.885393,20.795696,49.393280,23.939257,2.454839,5050.341409,2910.551269,1.735184,5.050341,2.910551,5755.282081,3122.797711,1.842989,5.755282,3.122798,0.139583,0.062129,ok,
5217.910000,2,lab,0.141000,Phi_ND,0.133000,0.140000,0.167236,69.146581,30.207057,2.766349,m3_hier_joint_vp_vs,4,0.167236,28.830427,18.245390,44.592611,22.025515,2.376294,4729.689942,2770.936098,1.706892,4.729690,2.770936,5578.896179,3044.478880,1.832463,5.578896,3.044479,0.179548,0.073567,ok,
5218.290000,2,lab,0.181000,Phi_ND,0.148000,0.181000,0.167236,69.146581,30.207057,2.766349,m3_hier_joint_vp_vs,4,0.167236,22.851526,15.564528,38.335051,19.667560,2.265640,4387.012576,2621.033360,1.673772,4.387013,2.621033,5338.031851,2946.319266,1.811763,5.338032,2.946319,0.216781,0.082443,ok,
5218.480000,3,lab,0.183000,Phi_ND,0.147000,0.167000,0.168006,68.022153,29.385677,2.754277,m3_hier_joint_vp_vs,2,0.168006,22.432031,15.181035,37.279658,19.024598,2.250244,4354.756202,2597.382209,1.676594,4.354756,2.597382,5276.319741,2907.655253,1.814630,5.276320,2.907655,0.211622,0.082331,ok,
5218.670000,4,lab,0.158000,Phi_ND,0.143000,0.149000,0.167804,68.587774,29.797870,2.760313,m3_hier_global_hfu4,0,0.167804,26.203491,17.001209,41.493469,20.744011,2.324184,4585.575224,2704.610257,1.695466,4.585575,2.704610,5454.659361,2987.522315,1.825814,5.454659,2.987522,0.189526,0.076880,ok,
5218.860000,2,lab,0.137000,Phi_ND,0.128000,0.119000,0.167236,69.146581,30.207057,2.766349,m3_hier_joint_vp_vs,4,0.167236,29.681640,18.599307,45.235667,22.260328,2.387359,4777.080064,2791.190628,1.711485,4.777080,2.791191,5601.814349,3053.563091,1.834517,5.601814,3.053563,0.172644,0.071886,ok,
5219.050000,1,lab,0.127000,Phi_ND,0.119000,0.137000,0.168170,69.858997,30.711901,2.773829,m3_hier_joint_vp_vs,4,0.168170,31.973639,19.667038,47.405185,23.225144,2.421553,4902.311795,2849.853331,1.720198,4.902312,2.849853,5688.969699,3096.936082,1.836967,5.688970,3.096936,0.160467,0.067881,ok,
5219.240000,2,lab,0.124000,Phi_ND,0.115000,0.107000,0.167236,69.146581,30.207057,2.766349,m3_hier_joint_vp_vs,4,0.167236,32.394589,19.686267,47.347269,23.022286,2.423322,4919.289116,2850.205317,1.725942,4.919289,2.850205,5674.965834,3082.255871,1.841173,5.674966,3.082256,0.153615,0.066764,ok,
5219.620000,2,lab,0.170000,Phi_ND,0.135000,0.211000,0.167236,69.146581,30.207057,2.766349,m3_hier_joint_vp_vs,4,0.167236,24.932266,16.538611,40.024476,20.317819,2.296070,4523.569779,2683.842218,1.685483,4.523570,2.683842,5406.509199,2974.719440,1.817485,5.406509,2.974719,0.195186,0.078317,ok,
5219.810000,1,lab,0.196000,Phi_ND,0.151000,0.219000,0.168170,69.858997,30.711901,2.773829,m3_hier_joint_vp_vs,4,0.168170,21.328840,14.903778,36.519402,19.088068,2.230159,4298.170212,2585.117681,1.662659,4.298170,2.585118,5271.369291,2925.587717,1.801815,5.271369,2.925588,0.226422,0.083695,ok,
5220.200000,1,lab,0.193000,Phi_ND,0.170000,0.072000,0.168170,69.858997,30.711901,2.773829,m3_hier_joint_vp_vs,4,0.168170,21.955677,15.216742,36.973275,19.269098,2.238480,4344.195226,2607.259362,1.666192,4.344195,2.607259,5290.994615,2933.959315,1.803363,5.290995,2.933959,0.217946,0.082326,ok,
5220.580000,1,lab,0.165000,Phi_ND,0.144000,0.123000,0.168170,69.858997,30.711901,2.773829,m3_hier_joint_vp_vs,4,0.168170,26.113726,17.182181,41.294762,20.953502,2.316147,4600.639415,2723.679918,1.689126,4.600639,2.723680,5467.298153,3007.774227,1.817722,5.467298,3.007774,0.188378,0.076132,ok,
5220.770000,1,lab,0.118000,Phi_ND,0.124000,0.089000,0.168170,69.858997,30.711901,2.773829,m3_hier_joint_vp_vs,4,0.168170,33.885110,20.415220,48.893630,23.760870,2.446517,4997.648066,2888.703000,1.730066,4.997648,2.888703,5738.857710,3116.427539,1.841486,5.738858,3.116428,0.148312,0.064402,ok,
5221.150000,1,lab,0.074000,Phi_ND,0.086000,0.071000,0.168170,69.858997,30.711901,2.773829,m3_hier_joint_vp_vs,4,0.168170,44.121921,23.992669,56.396818,26.368082,2.568566,5443.542856,3056.285645,1.781098,5.443543,3.056286,5970.269612,3204.010508,1.863374,5.970270,3.204011,0.096762,0.046194,ok,
5221.720000,1,lab,0.036000,Phi_ND,0.048000,0.069000,0.168170,69.858997,30.711901,2.773829,m3_hier_joint_vp_vs,4,0.168170,54.450060,27.012073,63.178123,28.604789,2.673971,5816.539899,3178.341782,1.830055,5.816540,3.178342,6155.518015,3270.702312,1.882017,6.155518,3.270702,0.058278,0.028394,ok,
5222.100000,1,lab,0.043000,Phi_ND,0.048000,0.112000,0.168170,69.858997,30.711901,2.773829,m3_hier_joint_vp_vs,4,0.168170,52.818926,26.568154,61.908014,28.193758,2.654554,5765.601786,3163.624100,1.822467,5.765602,3.163624,6122.306310,3258.972305,1.878600,6.122306,3.258972,0.061868,0.030800,ok,
5222.860000,2,lab,0.088000,Phi_ND,0.079000,0.097000,0.167236,69.146581,30.207057,2.766349,m3_hier_joint_vp_vs,4,0.167236,39.793837,22.369772,53.367397,25.123195,2.522910,5253.112853,2977.692724,1.764155,5.253113,2.977693,5867.748413,3155.633329,1.859452,5.867748,3.155633,0.117004,0.054018,ok,
5223.050000,1,lab,0.094000,Phi_ND,0.086000,0.074000,0.168170,69.858997,30.711901,2.773829,m3_hier_joint_vp_vs,4,0.168170,39.211178,22.360176,52.939759,25.185380,2.513089,5240.810632,2982.865496,1.756972,5.240811,2.982865,5867.525443,3165.704061,1.853466,5.867525,3.165704,0.119584,0.054921,ok,
5223.430000,1,lab,0.080000,Phi_ND,0.079000,0.076000,0.168170,69.858997,30.711901,2.773829,m3_hier_joint_vp_vs,4,0.168170,42.834099,23.578183,55.351573,26.013680,2.551923,5394.831159,3039.634836,1.774829,5.394831,3.039635,5939.850254,3192.766364,1.860409,5.939850,3.192766,0.101026,0.048219,ok,
5223.630000,1,lab,0.075000,Phi_ND,0.074000,0.088000,0.168170,69.858997,30.711901,2.773829,m3_hier_joint_vp_vs,4,0.168170,44.121921,23.992669,56.222127,26.309039,2.565792,5446.484517,3057.937245,1.781098,5.446485,3.057937,5965.223104,3202.150806,1.862880,5.965223,3.202151,0.095243,0.045917,ok,
5224.390000,2,lab,0.071000,Phi_ND,0.077000,0.071000,0.167236,69.146581,30.207057,2.766349,m3_hier_joint_vp_vs,4,0.167236,43.507667,23.582875,56.298203,26.110828,2.569938,5400.435969,3029.263346,1.782756,5.400436,3.029263,5954.262462,3187.491102,1.868009,5.954262,3.187491,0.102552,0.047821,ok,
5224.770000,2,lab,0.081000,Phi_ND,0.085000,0.095000,0.167236,69.146581,30.207057,2.766349,m3_hier_joint_vp_vs,4,0.167236,40.991612,22.769948,54.567374,25.530205,2.542275,5297.737601,2992.745442,1.770193,5.297738,2.992745,5903.701104,3168.953806,1.862981,5.903701,3.168954,0.114382,0.052417,ok,
5224.960000,1,lab,0.084000,Phi_ND,0.084000,0.095000,0.168170,69.858997,30.711901,2.773829,m3_hier_joint_vp_vs,4,0.168170,41.587457,23.167936,54.658611,25.777219,2.540827,5340.914641,3019.646413,1.768722,5.340915,3.019646,5919.381155,3185.154099,1.858429,5.919381,3.185154,0.108309,0.050718,ok,
5225.150000,1,lab,0.084000,Phi_ND,0.086000,0.094000,0.168170,69.858997,30.711901,2.773829,m3_hier_joint_vp_vs,4,0.168170,41.587457,23.167936,54.658611,25.777219,2.540827,5340.914641,3019.646413,1.768722,5.340915,3.019646,5919.381155,3185.154099,1.858429,5.919381,3.185154,0.108309,0.050718,ok,
5225.340000,2,lab,0.088000,Phi_ND,0.087000,0.080000,0.167236,69.146581,30.207057,2.766349,m3_hier_joint_vp_vs,4,0.167236,39.793837,22.369772,53.367397,25.123195,2.522910,5253.112853,2977.692724,1.764155,5.253113,2.977693,5867.748413,3155.633329,1.859452,5.867748,3.155633,0.117004,0.054018,ok,
5225.530000,2,lab,0.100000,Phi_ND,0.090000,0.131000,0.167236,69.146581,30.207057,2.766349,m3_hier_joint_vp_vs,4,0.167236,37.510830,21.582022,51.332543,24.424346,2.489714,5159.872606,2944.227221,1.752539,5.159873,2.944227,5804.996190,3132.108050,1.853383,5.804996,3.132108,0.125027,0.057542,ok,
5226.100000,2,lab,0.125000,Phi_ND,0.115000,0.131000,0.167236,69.146581,30.207057,2.766349,m3_hier_joint_vp_vs,4,0.167236,32.394589,19.686267,47.183662,22.963738,2.420555,4922.099336,2851.833540,1.725942,4.922099,2.851834,5669.409306,3080.092643,1.840662,5.669409,3.080093,0.151827,0.066468,ok,
5226.480000,1,lab,0.153000,Phi_ND,0.146000,0.142000,0.168170,69.858997,30.711901,2.773829,m3_hier_joint_vp_vs,4,0.168170,27.666846,17.870959,43.193894,21.672596,2.349433,4681.662498,2757.988055,1.697492,4.681662,2.757988,5539.340221,3037.203723,1.823829,5.539340,3.037204,0.183199,0.074426,ok,
5227.630000,1,lab,0.053000,Phi_ND,0.099000,0.067000,0.168170,69.858997,30.711901,2.773829,m3_hier_joint_vp_vs,4,0.168170,49.721519,25.692847,60.109950,27.605802,2.626816,5654.179724,3127.456562,1.807916,5.654180,3.127457,6074.166412,3241.793515,1.873706,6.074166,3.241794,0.074279,0.036390,ok,
5227.820000,1,lab,0.069000,Phi_ND,0.086000,0.113000,0.168170,69.858997,30.711901,2.773829,m3_hier_joint_vp_vs,4,0.168170,45.452672,24.411385,57.273172,26.663153,2.582435,5495.863272,3074.549794,1.787534,5.495863,3.074550,5995.364037,3213.224512,1.865840,5.995364,3.213225,0.090887,0.043807,ok,
5228.010000,2,lab,0.088000,Phi_ND,0.088000,0.093000,0.167236,69.146581,30.207057,2.766349,m3_hier_joint_vp_vs,4,0.167236,39.793837,22.369772,53.367397,25.123195,2.522910,5253.112853,2977.692724,1.764155,5.253113,2.977693,5867.748413,3155.633329,1.859452,5.867748,3.155633,0.117004,0.054018,ok,
5228.200000,2,lab,0.095000,Phi_ND,0.097000,0.098000,0.167236,69.146581,30.207057,2.766349,m3_hier_joint_vp_vs,4,0.167236,38.634079,21.973796,52.176981,24.715707,2.503546,5209.078944,2962.611935,1.758272,5.209079,2.962612,5831.318319,3142.018537,1.855915,5.831318,3.142019,0.119453,0.055533,ok,
5228.580000,1,lab,0.112000,Phi_ND,0.095000,0.169000,0.168170,69.858997,30.711901,2.773829,m3_hier_joint_vp_vs,4,0.168170,34.885393,20.795696,49.894678,24.117550,2.463160,5041.803210,2905.630638,1.735184,5.041803,2.905631,5771.606349,3129.105947,1.844491,5.771606,3.129106,0.144750,0.062994,ok,
5228.960000,2,lab,0.089000,Phi_ND,0.096000,0.148000,0.167236,69.146581,30.207057,2.766349,m3_hier_joint_vp_vs,4,0.167236,39.793837,22.369772,53.196752,25.065012,2.520144,5255.995219,2979.326575,1.764155,5.255995,2.979327,5862.573688,3153.706603,1.858947,5.862574,3.153707,0.115407,0.053732,ok,
5229.340000,2,lab,0.129000,Phi_ND,0.118000,0.185000,0.167236,69.146581,30.207057,2.766349,m3_hier_joint_vp_vs,4,0.167236,31.462737,19.319742,46.531194,22.729438,2.409490,4873.269702,2831.640394,1.721006,4.873270,2.831640,5647.067185,3071.367534,1.838617,5.647067,3.071368,0.158784,0.068338,ok,
5229.530000,3,lab,0.151000,Phi_ND,0.141000,0.158000,0.168006,68.022153,29.385677,2.754277,m3_hier_joint_vp_vs,2,0.168006,26.705020,17.109921,42.176121,20.861036,2.338381,4601.770754,2704.994240,1.701213,4.601771,2.704994,5470.952412,2986.828511,1.831693,5.470952,2.986829,0.188880,0.076698,ok,
5229.720000,2,lab,0.161000,Phi_ND,0.151000,0.183000,0.167236,69.146581,30.207057,2.766349,m3_hier_joint_vp_vs,4,0.167236,25.666902,16.871614,41.424470,20.848807,2.320967,4555.326778,2696.148755,1.689568,4.555327,2.696149,5461.228687,2997.133837,1.822150,5.461229,2.997134,0.198867,0.078471,ok,
5230.290000,3,lab,0.172000,Phi_ND,0.166000,0.162000,0.168006,68.022153,29.385677,2.754277,m3_hier_joint_vp_vs,2,0.168006,23.774524,15.807952,38.939829,19.657194,2.280541,4434.768258,2632.805829,1.684427,4.434768,2.632806,5344.859639,2935.903595,1.820516,5.344860,2.935904,0.205217,0.080793,ok,
5230.480000,4,lab,0.170000,Phi_ND,0.168000,0.210000,0.167804,68.587774,29.797870,2.760313,m3_hier_global_hfu4,0,0.167804,24.725510,16.340815,39.636603,20.045965,2.291060,4505.782193,2670.660290,1.687142,4.505782,2.670660,5382.076753,2957.980255,1.819511,5.382077,2.957980,0.194482,0.078458,ok,
5230.860000,3,lab,0.182000,Phi_ND,0.164000,0.193000,0.168006,68.022153,29.385677,2.754277,m3_hier_joint_vp_vs,2,0.168006,22.432031,15.181035,37.429586,19.082166,2.252999,4352.093557,2595.794081,1.676594,4.352094,2.595794,5282.625390,2910.270588,1.815166,5.282625,2.910271,0.213812,0.082651,ok,
5231.050000,4,lab,0.179000,Phi_ND,0.161000,0.169000,0.167804,68.587774,29.797870,2.760313,m3_hier_global_hfu4,0,0.167804,23.330825,15.696749,38.262668,19.521344,2.266217,4419.306273,2631.807491,1.679191,4.419306,2.631807,5326.289600,2934.973038,1.814766,5.326290,2.934973,0.205232,0.080739,ok,
5231.240000,3,lab,0.170000,Phi_ND,0.166000,0.185000,0.168006,68.022153,29.385677,2.754277,m3_hier_joint_vp_vs,2,0.168006,24.475410,16.127415,39.244267,19.772061,2.286050,4484.718221,2656.070100,1.688479,4.484718,2.656070,5357.131238,2940.919386,1.821584,5.357131,2.940919,0.194530,0.078831,ok,
5231.440000,3,lab,0.170000,Phi_ND,0.174000,0.209000,0.168006,68.022153,29.385677,2.754277,m3_hier_joint_vp_vs,2,0.168006,24.475410,16.127415,39.244267,19.772061,2.286050,4484.718221,2656.070100,1.688479,4.484718,2.656070,5357.131238,2940.919386,1.821584,5.357131,2.940919,0.194530,0.078831,ok,
5232.200000,1,lab,0.139000,Phi_ND,0.125000,0.115000,0.168170,69.858997,30.711901,2.773829,m3_hier_joint_vp_vs,4,0.168170,30.173888,18.935870,45.445126,22.509500,2.388267,4817.243117,2815.796196,1.710793,4.817243,2.815796,5620.961743,3070.022136,1.830919,5.620962,3.070022,0.166842,0.070217,ok,
5232.770000,2,lab,0.094000,Phi_ND,0.093000,0.189000,0.167236,69.146581,30.207057,2.766349,m3_hier_joint_vp_vs,4,0.167236,38.634079,21.973796,52.346455,24.773949,2.506312,5206.203383,2960.976488,1.758272,5.206203,2.960976,5836.552412,3143.981895,1.856420,5.836552,3.143982,0.121077,0.055821,ok,
5232.960000,3,lab,0.131000,Phi_ND,0.100000,0.206000,0.168006,68.022153,29.385677,2.754277,m3_hier_joint_vp_vs,2,0.168006,30.003302,18.476428,45.339793,22.003032,2.393467,4777.886675,2778.403455,1.719652,4.777887,2.778403,5585.733685,3031.988640,1.842267,5.585734,3.031989,0.169080,0.071303,ok,
5233.150000,2,lab,0.148000,Phi_ND,0.111000,0.181000,0.167236,69.146581,30.207057,2.766349,m3_hier_joint_vp_vs,4,0.167236,28.004201,17.895668,43.474821,21.614171,2.356929,4690.987698,2755.501653,1.702408,4.690988,2.755502,5538.306565,3028.279891,1.828862,5.538307,3.028280,0.180627,0.074280,ok,
5233.340000,2,lab,0.132000,Phi_ND,0.123000,0.170000,0.167236,69.146581,30.207057,2.766349,m3_hier_joint_vp_vs,4,0.167236,30.558757,18.957423,46.043901,22.553602,2.401191,4822.154938,2809.805790,1.716188,4.822155,2.809806,5630.187217,3064.746872,1.837081,5.630187,3.064747,0.167567,0.070443,ok,
5233.720000,2,lab,0.143000,Phi_ND,0.114000,0.150000,0.167236,69.146581,30.207057,2.766349,m3_hier_joint_vp_vs,4,0.167236,28.830427,18.245390,44.272261,21.908043,2.370761,4735.205617,2774.167511,1.706892,4.735206,2.774168,5567.362472,3039.890176,1.831435,5.567362,3.039890,0.175738,0.072965,ok,
