depth_m,tdep,cmrp_3ms,cmff,bfv
5205.156210,2049270.000000,0.121001,0.094843,0.029470
5205.346711,2049345.000000,0.128828,0.100837,0.031192
5205.537211,2049420.000000,0.131308,0.101737,0.030216
5205.727711,2049495.000000,0.131316,0.101743,0.030218
5205.918212,2049570.000000,0.128616,0.102822,0.025797
5206.108712,2049645.000000,0.124952,0.104091,0.020864
5206.299213,2049720.000000,0.113512,0.097611,0.015904
5206.489713,2049795.000000,0.097310,0.080532,0.016792
5206.680213,2049870.000000,0.082035,0.058951,0.023086
5206.870714,2049945.000000,0.074375,0.044474,0.033130
5207.061214,2050020.000000,0.075112,0.041084,0.037547
5207.251715,2050095.000000,0.075174,0.040419,0.036456
5207.442215,2050170.000000,0.077316,0.041398,0.035928
5207.632715,2050245.000000,0.081368,0.045062,0.036854
5207.823216,2050320.000000,0.084374,0.048281,0.038529
5208.013716,2050395.000000,0.082581,0.050556,0.037026
5208.204216,2050470.000000,0.078823,0.047828,0.034976
5208.394717,2050545.000000,0.078457,0.046422,0.034509
5208.585217,2050620.000000,0.079968,0.045059,0.042166
5208.775718,2050695.000000,0.084021,0.047694,0.040705
5208.966218,2050770.000000,0.085224,0.050468,0.036437
5209.156718,2050845.000000,0.087101,0.054325,0.036515
5209.347219,2050920.000000,0.091613,0.056775,0.038260
5209.537719,2050995.000000,0.101625,0.064156,0.038735
5209.728219,2051070.000000,0.113487,0.077631,0.037677
5209.918720,2051145.000000,0.120405,0.088990,0.032723
5210.109220,2051220.000000,0.120603,0.088244,0.032361
5210.299721,2051295.000000,0.116151,0.074480,0.041685
5210.490221,2051370.000000,0.106174,0.058493,0.047684
5210.680721,2051445.000000,0.094122,0.047905,0.046390
5210.871222,2051520.000000,0.081085,0.046174,0.042056
5211.061722,2051595.000000,0.075425,0.048170,0.036736
5211.252223,2051670.000000,0.071744,0.046514,0.035941
5211.442723,2051745.000000,0.064932,0.039253,0.029968
5211.633223,2051820.000000,0.064924,0.039249,0.029964
5211.823724,2051895.000000,0.051626,0.028134,0.026747
5212.014224,2051970.000000,0.039287,0.017531,0.027053
5212.204724,2052045.000000,0.031460,0.010918,0.028997
5212.395225,2052120.000000,0.038881,0.010663,0.036638
5212.585725,2052195.000000,0.062190,0.023652,0.045867
5212.776226,2052270.000000,0.078665,0.041775,0.041236
5212.966726,2052345.000000,0.079967,0.050424,0.030675
5213.157226,2052420.000000,0.072530,0.047986,0.024558
5213.347727,2052495.000000,0.069636,0.043639,0.026480
5213.538227,2052570.000000,0.076639,0.050533,0.027693
5213.728727,2052645.000000,0.082332,0.059753,0.024028
5213.919228,2052720.000000,0.088616,0.065840,0.022797
5214.109728,2052795.000000,0.094085,0.068186,0.025902
5214.300229,2052870.000000,0.099882,0.066703,0.033181
5214.490729,2052945.000000,0.101655,0.065342,0.041772
5214.681229,2053020.000000,0.089568,0.055325,0.046854
5214.871730,2053095.000000,0.064944,0.036521,0.040228
5215.062230,2053170.000000,0.044685,0.025188,0.031119
5215.252731,2053245.000000,0.056231,0.042269,0.025057
5215.443231,2053320.000000,0.091758,0.073601,0.024872
5215.633731,2053395.000000,0.117386,0.082620,0.037021
5215.824232,2053470.000000,0.117387,0.082621,0.037021
5216.014732,2053545.000000,0.116233,0.063448,0.055078
5216.205232,2053620.000000,0.100187,0.043232,0.065603
5216.395733,2053695.000000,0.090360,0.039360,0.061790
5216.586233,2053770.000000,0.084930,0.041642,0.053461
5216.776734,2053845.000000,0.074449,0.035308,0.046200
5216.967234,2053920.000000,0.066648,0.030092,0.043631
5217.157734,2053995.000000,0.072822,0.034463,0.047862
5217.348235,2054070.000000,0.083188,0.041567,0.054524
5217.538735,2054145.000000,0.092431,0.044594,0.059644
5217.729235,2054220.000000,0.099875,0.046724,0.061069
5217.919736,2054295.000000,0.114114,0.064199,0.055087
5218.110236,2054370.000000,0.132674,0.087151,0.052819
5218.300737,2054445.000000,0.137081,0.100039,0.044103
5218.491237,2054520.000000,0.133042,0.097977,0.039889
5218.681737,2054595.000000,0.118995,0.090416,0.032078
5218.872238,2054670.000000,0.113664,0.086937,0.035597
5219.062738,2054745.000000,0.124737,0.101769,0.037251
5219.253239,2054820.000000,0.155560,0.136620,0.028567
5219.443739,2054895.000000,0.191714,0.174213,0.019659
5219.634239,2054970.000000,0.220329,0.201036,0.027186
5219.824740,2055045.000000,0.228476,0.203747,0.029493
5220.015240,2055120.000000,0.228489,0.203759,0.029495
5220.205740,2055195.000000,0.228590,0.202077,0.032470
5220.396241,2055270.000000,0.177505,0.157932,0.019711
5220.586741,2055345.000000,0.143649,0.121557,0.022101
5220.777242,2055420.000000,0.108707,0.083032,0.025685
5220.967742,2055495.000000,0.094124,0.068568,0.025559
5221.158242,2055570.000000,0.079680,0.050373,0.029311
5221.348743,2055645.000000,0.064388,0.035092,0.029299
5221.539243,2055720.000000,0.060574,0.034493,0.028140
5221.729743,2055795.000000,0.058856,0.038247,0.027193
5221.920244,2055870.000000,0.054580,0.037603,0.024098
5222.110744,2055945.000000,0.056371,0.036949,0.020889
5222.301245,2056020.000000,0.055573,0.033378,0.022280
5222.491745,2056095.000000,0.063053,0.036200,0.032870
5222.682245,2056170.000000,0.072827,0.042758,0.037236
5222.872746,2056245.000000,0.077531,0.047286,0.031258
5223.063246,2056320.000000,0.071430,0.045490,0.025942
5223.253747,2056395.000000,0.061543,0.039717,0.024980
5223.444247,2056470.000000,0.061193,0.040741,0.029642
5223.634747,2056545.000000,0.064081,0.046161,0.029252
5223.825248,2056620.000000,0.070569,0.053564,0.026545
5224.015748,2056695.000000,0.073701,0.056486,0.029100
5224.206248,2056770.000000,0.082819,0.064160,0.025901
5224.396749,2056845.000000,0.091915,0.073760,0.019377
5224.587249,2056920.000000,0.103677,0.081726,0.022111
5224.777750,2056995.000000,0.105697,0.082185,0.023515
5224.968250,2057070.000000,0.105722,0.082204,0.023520
5225.158750,2057145.000000,0.098689,0.075553,0.023139
5225.349251,2057220.000000,0.103500,0.082027,0.021483
5225.539751,2057295.000000,0.116219,0.096980,0.019242
5225.730251,2057370.000000,0.127262,0.102999,0.024266
5225.920752,2057445.000000,0.132741,0.100930,0.031814
5226.111252,2057520.000000,0.133703,0.093859,0.039846
5226.301753,2057595.000000,0.146556,0.110137,0.036422
5226.492253,2057670.000000,0.174646,0.140566,0.039560
5226.682753,2057745.000000,0.205880,0.179730,0.036307
5226.873254,2057820.000000,0.222746,0.199550,0.031481
5227.063754,2057895.000000,0.200972,0.176643,0.024364
5227.254255,2057970.000000,0.147718,0.116298,0.031430
5227.444755,2058045.000000,0.098767,0.060642,0.038218
5227.635255,2058120.000000,0.072428,0.039921,0.040437
5227.825756,2058195.000000,0.081384,0.049131,0.039238
5228.016256,2058270.000000,0.090381,0.054163,0.038182
5228.206756,2058345.000000,0.124643,0.084638,0.040170
5228.397257,2058420.000000,0.155043,0.113410,0.045552
5228.587757,2058495.000000,0.173090,0.135722,0.044863
5228.778258,2058570.000000,0.133910,0.104173,0.043116
5228.968758,2058645.000000,0.120532,0.094094,0.038830
5229.159258,2058720.000000,0.128215,0.104816,0.033264
5229.349759,2058795.000000,0.159572,0.133935,0.032992
5229.540259,2058870.000000,0.176282,0.145645,0.032169
5229.730759,2058945.000000,0.183305,0.148188,0.036336
5229.921260,2059020.000000,0.189118,0.146806,0.042740
5230.111760,2059095.000000,0.178204,0.130614,0.051517
5230.302261,2059170.000000,0.178207,0.130616,0.051518
5230.492761,2059245.000000,0.165479,0.113488,0.062494
5230.683261,2059320.000000,0.153455,0.098336,0.068630
5230.873762,2059395.000000,0.155676,0.090327,0.073990
5231.064262,2059470.000000,0.152054,0.082543,0.075003
5231.254763,2059545.000000,0.159878,0.101492,0.058757
5231.445263,2059620.000000,0.171383,0.133124,0.038261
5231.635763,2059695.000000,0.174658,0.152007,0.022680
5231.826264,2059770.000000,0.156298,0.136187,0.024800
5232.016764,2059845.000000,0.129955,0.105134,0.031120
5232.207264,2059920.000000,0.104145,0.075604,0.033105
5232.397765,2059995.000000,0.093333,0.067254,0.030658
5232.588265,2060070.000000,0.114160,0.089726,0.025359
5232.778766,2060145.000000,0.143191,0.118513,0.024680
5232.969266,2060220.000000,0.144063,0.117533,0.026533
5233.159766,2060295.000000,0.144065,0.117534,0.026533
5233.350267,2060370.000000,0.137461,0.108726,0.028737
5233.540767,2060445.000000,0.156605,0.126081,0.030545
5233.731267,2060520.000000,0.165892,0.138476,0.028232
5233.921768,2060595.000000,0.136865,0.111294,0.029931
