depth_m,tdep,dtco_usft,dtsm_usft,vp_sonic_km_s,vs_sonic_km_s,vpvs_sonic_calc,vpvs_sonic_dlis,sphi,itt
5205.984000,2049600.000000,63.542557,110.704201,4.796785,2.753283,1.742206,1.742206,0.074188,0.107382
5206.136400,2049660.000000,63.354431,110.229042,4.811029,2.765151,1.739879,1.739879,0.072552,0.107350
5206.288800,2049720.000000,62.331161,109.701706,4.890010,2.778444,1.759982,1.759982,0.063483,0.107318
5206.441200,2049780.000000,61.204063,108.624550,4.980062,2.805996,1.774793,1.774793,0.053143,0.107287
5206.593600,2049840.000000,60.456955,106.971214,5.041604,2.849365,1.769378,1.769378,0.046076,0.107256
5206.746000,2049900.000000,59.794636,105.192619,5.097447,2.897542,1.759232,1.759232,0.039663,0.107226
5206.898400,2049960.000000,59.512810,104.691460,5.121586,2.911412,1.759142,1.759142,0.036891,0.107196
5207.050800,2050020.000000,58.938560,104.002327,5.171487,2.930704,1.764589,1.764589,0.031161,0.107167
5207.203200,2050080.000000,60.078762,102.949249,5.073340,2.960682,1.713571,1.713571,0.042431,0.107137
5207.355600,2050140.000000,61.191696,103.247833,4.981068,2.952120,1.687285,1.687285,0.053027,0.107107
5207.508000,2050200.000000,60.423744,104.158302,5.044375,2.926315,1.723798,1.723798,0.045758,0.107077
5207.660400,2050260.000000,60.304111,105.497185,5.054382,2.889177,1.749419,1.749419,0.044608,0.107046
5207.812800,2050320.000000,60.442520,106.024879,5.042808,2.874797,1.754144,1.754144,0.045937,0.107016
5207.965200,2050380.000000,60.968189,107.017479,4.999328,2.848133,1.755300,1.755300,0.050930,0.106986
5208.117600,2050440.000000,60.330463,106.974777,5.052174,2.849270,1.773147,1.773147,0.044862,0.106955
5208.270000,2050500.000000,60.253006,107.032036,5.058669,2.847746,1.776377,1.776377,0.044116,0.106925
5208.422400,2050560.000000,60.229603,106.990051,5.060634,2.848863,1.776370,1.776370,0.043890,0.106895
5208.574800,2050620.000000,59.981888,107.041954,5.081534,2.847482,1.784571,1.784571,0.041491,0.106865
5208.727200,2050680.000000,59.939747,107.097382,5.085107,2.846008,1.786751,1.786751,0.041080,0.106835
5208.879600,2050740.000000,60.345261,106.984268,5.050935,2.849017,1.772869,1.772869,0.045004,0.106805
5209.032000,2050800.000000,59.958260,107.123924,5.083536,2.845303,1.786642,1.786642,0.041261,0.106775
5209.184400,2050860.000000,60.475655,107.929512,5.040045,2.824065,1.784677,1.784677,0.046255,0.106745
5209.336800,2050920.000000,60.162991,108.678215,5.066238,2.804610,1.806396,1.806396,0.043247,0.106715
5209.489200,2050980.000000,60.275169,108.899551,5.056809,2.798910,1.806707,1.806707,0.044330,0.106685
5209.641600,2051040.000000,60.436398,109.524361,5.043318,2.782943,1.812225,1.812225,0.045879,0.106654
5209.794000,2051100.000000,61.558876,109.937073,4.951357,2.772495,1.785885,1.785885,0.056439,0.106624
5209.946400,2051160.000000,62.001350,110.829552,4.916022,2.750169,1.787534,1.787534,0.060496,0.106593
5210.098800,2051220.000000,62.148800,111.563766,4.904359,2.732070,1.795107,1.795107,0.061835,0.106562
5210.251200,2051280.000000,62.560158,113.149681,4.872110,2.693777,1.808654,1.808654,0.065538,0.106531
5210.403600,2051340.000000,63.481255,114.178200,4.801417,2.669511,1.798613,1.798613,0.073656,0.106500
5210.556000,2051400.000000,63.870163,114.576202,4.772181,2.660238,1.793892,1.793892,0.077013,0.106468
5210.708400,2051460.000000,64.225899,114.969292,4.745749,2.651143,1.790077,1.790077,0.080049,0.106436
5210.860800,2051520.000000,64.821037,115.353073,4.702177,2.642322,1.779562,1.779562,0.085052,0.106404
5211.013200,2051580.000000,65.316833,114.939453,4.666485,2.651831,1.759722,1.759722,0.089150,0.106372
5211.165600,2051640.000000,64.917542,114.118774,4.695187,2.670901,1.757904,1.757903,0.085855,0.106339
5211.318000,2051700.000000,63.703087,113.313431,4.784697,2.689884,1.778775,1.778775,0.075576,0.106307
5211.470400,2051760.000000,60.422531,109.710037,5.044476,2.778233,1.815714,1.815714,0.045746,0.106275
5211.622800,2051820.000000,59.229614,106.442528,5.146074,2.863517,1.797117,1.797117,0.034079,0.106245
5211.775200,2051880.000000,56.632290,102.236282,5.382089,2.981329,1.805265,1.805265,0.006978,0.106215
5211.927600,2051940.000000,54.947891,97.698570,5.547074,3.119800,1.778022,1.778022,-0.011967,0.106187
5212.080000,2052000.000000,53.578762,95.752663,5.688821,3.183201,1.787138,1.787138,-0.028244,0.106159
5212.232400,2052060.000000,52.166103,94.175652,5.842875,3.236505,1.805304,1.805304,-0.045934,0.106133
5212.384800,2052120.000000,52.319557,94.108170,5.825737,3.238826,1.798719,1.798719,-0.043966,0.106106
5212.537200,2052180.000000,53.351070,94.598022,5.713100,3.222055,1.773123,1.773123,-0.031032,0.106080
5212.689600,2052240.000000,54.960011,95.836067,5.545850,3.180431,1.743742,1.743742,-0.011827,0.106054
5212.842000,2052300.000000,55.905514,95.679550,5.452056,3.185634,1.711451,1.711451,-0.001056,0.106026
5212.994400,2052360.000000,55.824135,98.156570,5.460004,3.105243,1.758318,1.758318,-0.001969,0.105998
5213.146800,2052420.000000,56.181198,99.300484,5.425303,3.069471,1.767504,1.767504,0.002016,0.105970
5213.299200,2052480.000000,56.004509,99.596924,5.442419,3.060335,1.778373,1.778373,0.000050,0.105942
5213.451600,2052540.000000,55.784912,99.768677,5.463843,3.055067,1.788453,1.788453,-0.002410,0.105914
5213.604000,2052600.000000,56.189438,100.033257,5.424507,3.046987,1.780286,1.780286,0.002107,0.105886
5213.756400,2052660.000000,56.597321,100.282715,5.385414,3.039407,1.771863,1.771863,0.006596,0.105858
5213.908800,2052720.000000,56.390327,100.937744,5.405182,3.019683,1.789983,1.789983,0.004326,0.105830
5214.061200,2052780.000000,57.599537,101.560623,5.291709,3.001163,1.763219,1.763219,0.017356,0.105802
5214.213600,2052840.000000,58.052261,102.308006,5.250441,2.979239,1.762343,1.762343,0.022095,0.105773
5214.366000,2052900.000000,58.874519,103.610451,5.177112,2.941788,1.759852,1.759852,0.030515,0.105744
5214.518400,2052960.000000,59.247841,103.315292,5.144491,2.950192,1.743782,1.743782,0.034261,0.105714
5214.670800,2053020.000000,59.517540,104.702774,5.121179,2.911098,1.759192,1.759192,0.036938,0.105685
5214.823200,2053080.000000,59.594025,105.184792,5.114607,2.897757,1.765022,1.765022,0.037693,0.105655
5214.975600,2053140.000000,58.981869,104.412506,5.167690,2.919191,1.770248,1.770247,0.031597,0.105625
5215.128000,2053200.000000,58.954498,101.852272,5.170089,2.992569,1.727642,1.727642,0.031322,0.105596
5215.280400,2053260.000000,59.231880,100.012451,5.145878,3.047621,1.688490,1.688490,0.034102,0.105566
5215.432800,2053320.000000,59.607399,99.861687,5.113459,3.052222,1.675324,1.675324,0.037825,0.105537
5215.585200,2053380.000000,60.400837,102.864227,5.046288,2.963129,1.703027,1.703027,0.045538,0.105507
5215.737600,2053440.000000,63.432339,105.047752,4.805120,2.901538,1.656060,1.656060,0.073231,0.105477
5215.890000,2053500.000000,64.132324,107.492043,4.752674,2.835559,1.676098,1.676098,0.079253,0.105445
5216.042400,2053560.000000,64.619354,110.568855,4.716853,2.756653,1.711080,1.711080,0.083367,0.105413
5216.194800,2053620.000000,64.836121,112.820992,4.701083,2.701625,1.740095,1.740095,0.085177,0.105381
5216.347200,2053680.000000,64.224083,113.659935,4.745883,2.681684,1.769740,1.769740,0.080033,0.105348
5216.499600,2053740.000000,63.010391,112.076614,4.837297,2.719568,1.778700,1.778700,0.069536,0.105316
5216.652000,2053800.000000,62.282997,110.700417,4.893791,2.753377,1.777378,1.777378,0.063049,0.105285
5216.804400,2053860.000000,61.452927,109.593079,4.959894,2.781198,1.783366,1.783366,0.055458,0.105253
5216.956800,2053920.000000,61.040718,108.920601,4.993388,2.798369,1.784393,1.784392,0.051612,0.105223
5217.109200,2053980.000000,62.007530,108.298889,4.915532,2.814433,1.746544,1.746544,0.060552,0.105192
5217.261600,2054040.000000,62.364761,108.036362,4.887375,2.821272,1.732330,1.732330,0.063786,0.105161
5217.414000,2054100.000000,63.035191,109.230690,4.835394,2.790425,1.732853,1.732853,0.069755,0.105130
5217.566400,2054160.000000,63.369843,111.347458,4.809859,2.737377,1.757105,1.757105,0.072687,0.105098
5217.718800,2054220.000000,64.115944,112.599373,4.753888,2.706942,1.756184,1.756184,0.079114,0.105067
5217.871200,2054280.000000,66.105713,114.322922,4.610797,2.666132,1.729395,1.729396,0.095545,0.105035
5218.023600,2054340.000000,67.409027,117.422043,4.521650,2.595765,1.741934,1.741933,0.105782,0.105002
5218.176000,2054400.000000,67.989761,119.857765,4.483028,2.543014,1.762880,1.762880,0.110217,0.104968
5218.328400,2054460.000000,69.115997,122.571198,4.409978,2.486718,1.773413,1.773413,0.118605,0.104934
5218.480800,2054520.000000,68.177689,122.989433,4.470671,2.478262,1.803954,1.803954,0.111636,0.104899
5218.633200,2054580.000000,68.656807,121.663467,4.439472,2.505271,1.772053,1.772053,0.115218,0.104865
5218.785600,2054640.000000,65.981476,118.582962,4.619478,2.570352,1.797216,1.797216,0.094548,0.104831
5218.938000,2054700.000000,65.178200,116.946289,4.676410,2.606325,1.794255,1.794255,0.088011,0.104798
5219.090400,2054760.000000,63.813004,116.088745,4.776456,2.625578,1.819202,1.819202,0.076522,0.104765
5219.242800,2054820.000000,63.393288,114.582932,4.808080,2.660082,1.807493,1.807493,0.072891,0.104733
5219.395200,2054880.000000,64.414276,115.024193,4.731870,2.649877,1.785694,1.785694,0.081642,0.104702
5219.547600,2054940.000000,66.079697,117.619110,4.612612,2.591416,1.779958,1.779958,0.095337,0.104670
5219.700000,2055000.000000,66.991859,118.806770,4.549807,2.565510,1.773451,1.773451,0.102548,0.104637
5219.852400,2055060.000000,69.550652,122.193054,4.382418,2.494413,1.756893,1.756893,0.121770,0.104603
5220.004800,2055120.000000,71.079010,124.619804,4.288186,2.445839,1.753257,1.753258,0.132590,0.104568
5220.157200,2055180.000000,72.350403,124.799713,4.212831,2.442313,1.724935,1.724935,0.141243,0.104533
5220.309600,2055240.000000,70.464539,124.702400,4.325580,2.444219,1.769719,1.769719,0.128296,0.104497
5220.462000,2055300.000000,69.785019,121.681847,4.367700,2.504893,1.743667,1.743667,0.123460,0.104461
5220.614400,2055360.000000,67.576645,118.810364,4.510434,2.565433,1.758157,1.758157,0.107070,0.104426
5220.766800,2055420.000000,64.880920,115.046791,4.697837,2.649357,1.773199,1.773199,0.085550,0.104393
5220.919200,2055480.000000,63.437508,110.744331,4.804728,2.752285,1.745723,1.745723,0.073276,0.104360
5221.071600,2055540.000000,60.614098,108.538208,5.028533,2.808228,1.790643,1.790643,0.047577,0.104328
5221.224000,2055600.000000,58.733337,106.047447,5.189557,2.874185,1.805575,1.805575,0.029086,0.104298
5221.376400,2055660.000000,56.664055,100.635155,5.379071,3.028763,1.775996,1.775996,0.007324,0.104269
5221.528800,2055720.000000,54.804993,98.124542,5.561537,3.106257,1.790431,1.790431,-0.013628,0.104240
5221.681200,2055780.000000,54.313301,96.657051,5.611885,3.153417,1.779620,1.779620,-0.019409,0.104213
5221.833600,2055840.000000,54.283310,96.059860,5.614986,3.173021,1.769602,1.769602,-0.019765,0.104186
5221.986000,2055900.000000,54.239494,95.739189,5.619521,3.183649,1.765120,1.765120,-0.020286,0.104159
5222.138400,2055960.000000,54.456978,96.580101,5.597079,3.155930,1.773512,1.773512,-0.017709,0.104132
5222.290800,2056020.000000,54.178818,97.285690,5.625815,3.133040,1.795641,1.795641,-0.021009,0.104104
5222.443200,2056080.000000,55.178669,97.597412,5.523874,3.123034,1.768753,1.768753,-0.009303,0.104077
5222.595600,2056140.000000,55.800816,99.154724,5.462286,3.073984,1.776940,1.776940,-0.002231,0.104050
5222.748000,2056200.000000,57.552803,99.924133,5.296006,3.050314,1.736217,1.736217,0.016863,0.104022
5222.900400,2056260.000000,59.447746,102.252396,5.127192,2.980859,1.720038,1.720038,0.036248,0.103993
5223.052800,2056320.000000,59.808594,103.004539,5.096258,2.959093,1.722236,1.722236,0.039800,0.103963
5223.205200,2056380.000000,59.733536,102.757172,5.102661,2.966216,1.720259,1.720259,0.039064,0.103933
5223.357600,2056440.000000,59.121742,104.287346,5.155464,2.922694,1.763942,1.763942,0.033001,0.103904
5223.510000,2056500.000000,58.230659,103.124718,5.234356,2.955644,1.770969,1.770969,0.023942,0.103874
5223.662400,2056560.000000,57.376797,101.698479,5.312252,2.997095,1.772467,1.772467,0.014997,0.103845
5223.814800,2056620.000000,58.661987,99.982239,5.195869,3.048541,1.704379,1.704379,0.028362,0.103816
5223.967200,2056680.000000,56.782600,99.393440,5.367842,3.066601,1.750421,1.750421,0.008614,0.103787
5224.119600,2056740.000000,58.194336,99.027237,5.237623,3.077941,1.701665,1.701665,0.023567,0.103758
5224.272000,2056800.000000,57.963528,99.131287,5.258479,3.074710,1.710236,1.710236,0.021172,0.103729
5224.424400,2056860.000000,58.416046,99.499672,5.217744,3.063327,1.703294,1.703294,0.025850,0.103700
5224.576800,2056920.000000,58.972221,99.442451,5.168535,3.065089,1.686259,1.686259,0.031500,0.103671
5224.729200,2056980.000000,59.681747,100.667656,5.107089,3.027785,1.686741,1.686741,0.038556,0.103642
5224.881600,2057040.000000,59.239861,101.474899,5.145184,3.003698,1.712950,1.712950,0.034182,0.103612
5225.034000,2057100.000000,59.604721,103.028305,5.113689,2.958410,1.728526,1.728526,0.037798,0.103582
5225.186400,2057160.000000,59.753624,105.039337,5.100946,2.901770,1.757874,1.757874,0.039261,0.103552
5225.338800,2057220.000000,59.770309,106.059525,5.099522,2.873858,1.774452,1.774452,0.039425,0.103523
5225.491200,2057280.000000,59.978962,108.942238,5.081782,2.797813,1.816341,1.816341,0.041462,0.103493
5225.643600,2057340.000000,60.896091,110.466087,5.005247,2.759218,1.814009,1.814009,0.050250,0.103463
5225.796000,2057400.000000,61.668930,111.540367,4.942521,2.732643,1.808696,1.808696,0.057453,0.103432
5225.948400,2057460.000000,62.761971,113.567986,4.856444,2.683855,1.809503,1.809503,0.067337,0.103401
5226.100800,2057520.000000,63.822479,114.111855,4.775747,2.671063,1.787957,1.787957,0.076604,0.103370
5226.253200,2057580.000000,63.904984,114.624046,4.769581,2.659128,1.793664,1.793664,0.077312,0.103338
5226.405600,2057640.000000,67.043755,116.876297,4.546285,2.607885,1.743284,1.743284,0.102953,0.103306
5226.558000,2057700.000000,69.296051,118.268318,4.398519,2.577191,1.706711,1.706711,0.119921,0.103273
5226.710400,2057760.000000,72.830261,122.242126,4.185074,2.493412,1.678452,1.678452,0.144431,0.103238
5226.862800,2057820.000000,74.957809,125.178154,4.066287,2.434930,1.669981,1.669981,0.158071,0.103202
5227.015200,2057880.000000,74.360176,124.844398,4.098968,2.441439,1.678915,1.678915,0.154318,0.103164
5227.167600,2057940.000000,72.117416,123.056526,4.226441,2.476910,1.706336,1.706336,0.139680,0.103127
5227.320000,2058000.000000,66.613846,119.252220,4.575625,2.555927,1.790202,1.790202,0.099584,0.103091
5227.472400,2058060.000000,64.435738,113.989136,4.730294,2.673939,1.769036,1.769036,0.081823,0.103058
5227.624800,2058120.000000,61.088211,108.230362,4.989506,2.816215,1.771706,1.771706,0.052058,0.103025
5227.777200,2058180.000000,59.493111,106.783669,5.123282,2.854369,1.794891,1.794891,0.036697,0.102995
5227.929600,2058240.000000,59.490585,107.706718,5.123500,2.829907,1.810483,1.810483,0.036672,0.102965
5228.082000,2058300.000000,60.399864,106.884834,5.046369,2.851667,1.769620,1.769620,0.045528,0.102935
5228.234400,2058360.000000,61.796459,106.483604,4.932321,2.862412,1.723134,1.723134,0.058625,0.102905
5228.386800,2058420.000000,62.026382,107.698563,4.914038,2.830121,1.736335,1.736335,0.060724,0.102874
5228.539200,2058480.000000,60.851219,109.898903,5.008938,2.773458,1.806026,1.806026,0.049827,0.102843
5228.691600,2058540.000000,60.551140,110.416550,5.033762,2.760456,1.823526,1.823526,0.046976,0.102813
5228.844000,2058600.000000,60.789574,107.694527,5.014018,2.830227,1.771595,1.771595,0.049243,0.102783
5228.996400,2058660.000000,61.253189,105.768867,4.976067,2.881755,1.726749,1.726749,0.053601,0.102752
5229.148800,2058720.000000,61.426743,107.386696,4.962008,2.838340,1.748208,1.748208,0.055216,0.102721
5229.301200,2058780.000000,63.005135,112.809662,4.837701,2.701896,1.790484,1.790484,0.069490,0.102691
5229.453600,2058840.000000,67.241806,118.474998,4.532894,2.572695,1.761925,1.761925,0.104490,0.102659
5229.606000,2058900.000000,67.889908,121.801445,4.489622,2.502433,1.794102,1.794102,0.109459,0.102626
5229.758400,2058960.000000,69.246704,124.814461,4.401654,2.442025,1.802461,1.802461,0.119561,0.102592
5229.910800,2059020.000000,69.919144,129.070129,4.359321,2.361507,1.845991,1.845991,0.124422,0.102557
5230.063200,2059080.000000,70.283737,129.330338,4.336707,2.356756,1.840118,1.840118,0.127019,0.102522
5230.215600,2059140.000000,71.100494,129.390366,4.286890,2.355662,1.819824,1.819824,0.132739,0.102487
5230.368000,2059200.000000,71.055923,130.254349,4.289579,2.340037,1.833124,1.833124,0.132430,0.102451
5230.520400,2059260.000000,71.478813,130.501282,4.264201,2.335609,1.825734,1.825734,0.135344,0.102416
5230.672800,2059320.000000,71.311722,131.242752,4.274192,2.322414,1.840409,1.840409,0.134197,0.102380
5230.825200,2059380.000000,70.879578,132.847397,4.300251,2.294362,1.874269,1.874269,0.131205,0.102344
5230.977600,2059440.000000,70.374146,133.442856,4.331136,2.284124,1.896191,1.896191,0.127658,0.102309
5231.130000,2059500.000000,70.017334,134.325348,4.353208,2.269118,1.918458,1.918458,0.125124,0.102274
5231.282400,2059560.000000,70.988846,133.679184,4.293632,2.280086,1.883101,1.883101,0.131965,0.102239
5231.434800,2059620.000000,72.447990,132.153366,4.207156,2.306411,1.824114,1.824114,0.141895,0.102203
5231.587200,2059680.000000,72.450798,129.354568,4.206993,2.356314,1.785413,1.785413,0.141914,0.102167
5231.739600,2059740.000000,72.910675,125.515594,4.180458,2.428384,1.721498,1.721498,0.144961,0.102131
5231.892000,2059800.000000,71.063705,121.856804,4.289109,2.501297,1.714754,1.714754,0.132484,0.102094
5232.044400,2059860.000000,69.395233,115.554520,4.392233,2.637716,1.665165,1.665165,0.120643,0.102059
5232.196800,2059920.000000,65.132828,111.681618,4.679668,2.729187,1.714675,1.714675,0.087637,0.102024
5232.349200,2059980.000000,60.592155,109.814896,5.030354,2.775580,1.812362,1.812362,0.047367,0.101992
5232.501600,2060040.000000,59.936962,103.634377,5.085343,2.941109,1.729056,1.729056,0.041053,0.101961
5232.654000,2060100.000000,60.364777,101.894028,5.049302,2.991343,1.687972,1.687972,0.045192,0.101931
5232.806400,2060160.000000,60.665604,103.970291,5.024264,2.931607,1.713826,1.713826,0.048067,0.101901
5232.958800,2060220.000000,61.512760,108.708717,4.955069,2.803823,1.767255,1.767255,0.056012,0.101871
5233.111200,2060280.000000,62.594627,110.314148,4.869428,2.763018,1.762358,1.762358,0.065847,0.101840
5233.263600,2060340.000000,64.931244,112.352409,4.694196,2.712892,1.730329,1.730329,0.085968,0.101809
5233.416000,2060400.000000,65.152481,110.835915,4.678256,2.750011,1.701177,1.701177,0.087799,0.101776
5233.568400,2060460.000000,65.070755,110.136131,4.684132,2.767484,1.692560,1.692560,0.087124,0.101744
