seed,measurement_ratio,method,sample_id,rmse,mae,relative_l2,support_f1,lambda,m
7,0.3,ml_only,0,0.47913727840430803,0.3799487271236394,0.6894095057567137,,,38
7,0.3,hybrid,0,0.41250159539791104,0.3312539845067957,0.5935303593037496,0.10619469026538428,0.001,38
7,0.3,weighted_hybrid,0,0.4157781525678878,0.33099958248693623,0.5982448529592218,0.10526315789463528,0.001,38
7,0.3,cs_only,0,0.6269673101783365,0.48375883914860274,0.9021156209660032,0.10169491525413904,0.001,38
7,0.3,ml_only,1,0.3659714288317464,0.2887386032503486,0.534850730372302,,,38
7,0.3,hybrid,1,0.3063685520353899,0.25202522364646424,0.44774381525440715,0.08849557522113682,0.001,38
7,0.3,weighted_hybrid,1,0.31962659946905375,0.26165444653159653,0.46711985336711415,0.08403361344528099,0.001,38
7,0.3,cs_only,1,0.5768234550501306,0.46726954953126754,0.8430014529119841,0.08333333333323696,0.001,38
7,0.3,ml_only,2,0.538004806540469,0.4368279026473767,0.7375021289547001,,,38
7,0.3,hybrid,2,0.4290371982026106,0.3528388501477523,0.5881282903582832,0.09090909090898612,0.001,38
7,0.3,weighted_hybrid,2,0.43496753301732416,0.35899195590369115,0.5962576499812746,0.07079646017688934,0.001,38
7,0.3,cs_only,2,0.5951321690694168,0.4684656770904963,0.8158128633096297,0.09999999999990332,0.001,38
7,0.3,ml_only,3,0.4712595418220741,0.39368654421641985,0.6417160313028085,,,38
7,0.3,hybrid,3,0.4229380757174671,0.3445576415476693,0.575916494734297,0.09999999999990332,0.001,38
7,0.3,weighted_hybrid,3,0.41498627379459024,0.3432153816975667,0.5650884937734567,0.07812499999990942,0.001,38
7,0.3,cs_only,3,0.6335120649391183,0.5018037611427105,0.8626559507386419,0.09999999999990332,0.001,38
7,0.3,ml_only,4,0.4572255265908862,0.3497300864606077,0.6570154042750959,,,38
7,0.3,hybrid,4,0.39197373370984906,0.30267171143180227,0.5632511006959352,0.09009009008998621,0.001,38
7,0.3,weighted_hybrid,4,0.4141486114961279,0.32202964049184585,0.5951155427408322,0.08333333333323696,0.001,38
7,0.3,cs_only,4,0.5887207207932258,0.47998390963511117,0.8459689144241166,0.10434782608685579,0.001,38
7,0.3,ml_only,5,0.4789781000921938,0.3805200611005346,0.6619976506807811,,,38
7,0.3,hybrid,5,0.42821351843222744,0.3484582223377293,0.5918357084328538,0.08771929824551279,0.001,38
7,0.3,weighted_hybrid,5,0.43869614083857894,0.3553864028304804,0.6063237850372803,0.08547008546998672,0.001,38
7,0.3,cs_only,5,0.6276209513663696,0.5026061099070225,0.8674375618480282,0.09677419354829345,0.001,38
7,0.3,ml_only,6,0.5237646862782891,0.42942452860874875,0.6964344649908676,,,38
7,0.3,hybrid,6,0.45205778010611664,0.3495432949516185,0.6010879054680796,0.06779661016939387,0.001,38
7,0.3,weighted_hybrid,6,0.44632688848935714,0.3567799341090537,0.593467707807564,0.08130081300803597,0.001,38
7,0.3,cs_only,6,0.6400423675701662,0.5105425263878256,0.8510454704336065,0.08474576271176645,0.001,38
7,0.3,ml_only,7,0.3317189524758182,0.25199230172513565,0.5189123520925015,,,38
7,0.3,hybrid,7,0.29573075596860376,0.23860134979888292,0.46261553951141404,0.07619047619036699,0.001,38
7,0.3,weighted_hybrid,7,0.30802349976026966,0.24417567117707462,0.481845241483504,0.0990099009899853,0.001,38
7,0.3,cs_only,7,0.5745733330451378,0.4556679752628904,0.8988126770411635,0.09999999999990332,0.001,38
7,0.3,ml_only,8,0.507859961460438,0.4231980291927423,0.615149297912155,,,38
7,0.3,hybrid,8,0.4565895850389353,0.3784558384580595,0.5530476587739097,0.11650485436882003,0.001,38
7,0.3,weighted_hybrid,8,0.4740770673383448,0.39028449056690373,0.5742295066750481,0.10619469026538428,0.001,38
7,0.3,cs_only,8,0.7344779037126624,0.5947632755560472,0.8896420294712122,0.08333333333323696,0.001,38
7,0.3,ml_only,9,0.38529741634203823,0.3109857389847124,0.6517060913123205,,,38
7,0.3,hybrid,9,0.3676060629357683,0.3008915294062025,0.6217822914387444,0.10909090909080396,0.001,38
7,0.3,weighted_hybrid,9,0.3610679892266571,0.293090798213234,0.6107235553015309,0.08771929824551279,0.001,38
7,0.3,cs_only,9,0.4577249033673932,0.37343420079182243,0.7742125823264361,0.08620689655162456,0.001,38
7,0.3,ml_only,10,0.3556416198839044,0.28865863186319807,0.4697805362117613,,,38
7,0.3,hybrid,10,0.3056735517965976,0.25749502885240516,0.40377581542800245,0.10909090909080396,0.001,38
7,0.3,weighted_hybrid,10,0.3120813705572242,0.26277253264533296,0.4122401468363951,0.10169491525413904,0.001,38
7,0.3,cs_only,10,0.6266044980320346,0.5168077112790703,0.8277057032140492,0.09917355371891236,0.001,38
7,0.3,ml_only,11,0.4263843265760326,0.3318612040978858,0.6599614006363699,,,38
7,0.3,hybrid,11,0.37171856116828805,0.2953433054430514,0.5753492494462369,0.11428571428560434,0.001,38
7,0.3,weighted_hybrid,11,0.38236172849448496,0.30830678011297497,0.5918228371885661,0.09090909090898612,0.001,38
7,0.3,cs_only,11,0.5506070984470974,0.44888479324876374,0.8522344965385974,0.09999999999990332,0.001,38
7,0.3,ml_only,12,0.587969886192795,0.4561109317371612,0.8086066517946139,,,38
7,0.3,hybrid,12,0.5589681991090848,0.4350944856605183,0.7687220290616319,0.08771929824551279,0.001,38
7,0.3,weighted_hybrid,12,0.5765690341411974,0.44691171400971685,0.7929276093444276,0.08333333333323696,0.001,38
7,0.3,cs_only,12,0.6260167218740318,0.5007746201473613,0.8609306315324077,0.10084033613435633,0.001,38
7,0.3,ml_only,13,0.32810787368910477,0.2586649184346997,0.4775106428189737,,,38
7,0.3,hybrid,13,0.2997396098524533,0.24435147893999815,0.4362249895733182,0.09803921568616186,0.001,38
7,0.3,weighted_hybrid,13,0.31189290897581634,0.24920382280372178,0.4539122508130995,0.09259259259248594,0.001,38
7,0.3,cs_only,13,0.567448154050865,0.4549702357587933,0.8258336801268484,0.10619469026538428,0.001,38
7,0.3,ml_only,14,0.45233980425520076,0.3643377075492535,0.6286768287022939,,,38
7,0.3,hybrid,14,0.42430916138807234,0.3484817803112702,0.5897189136605064,0.055045871559528,0.001,38
7,0.3,weighted_hybrid,14,0.43853194974307014,0.35429903242913074,0.6094862155742671,0.10619469026538428,0.001,38
7,0.3,cs_only,14,0.6250917911952947,0.5264392824909563,0.868773256829688,0.10619469026538428,0.001,38
7,0.3,ml_only,15,0.45642672255040684,0.3638131985351024,0.6803697898584653,,,38
7,0.3,hybrid,15,0.4196453441293501,0.33481498377207636,0.6255418460272945,0.10344827586196907,0.001,38
7,0.3,weighted_hybrid,15,0.4226528874224343,0.3419390232886522,0.6300250226188666,0.08695652173903001,0.001,38
7,0.3,cs_only,15,0.5871930208541216,0.46882927574794636,0.87529579769676,0.08695652173903001,0.001,38
7,0.3,ml_only,16,0.3980563803880544,0.30058833537755936,0.5538501429479051,,,38
7,0.3,hybrid,16,0.36501124094733484,0.28092404396142556,0.5078715929115163,0.07692307692296672,0.001,38
7,0.3,weighted_hybrid,16,0.36417680942738445,0.28714099805146287,0.5067105764340158,0.07407407407396777,0.001,38
7,0.3,cs_only,16,0.6133384032632421,0.4742975898308079,0.8533905724400763,0.06504065040641022,0.001,38
7,0.3,ml_only,17,0.39598976698469496,0.32533565764110656,0.6476898396739479,,,38
7,0.3,hybrid,17,0.33304480177243173,0.27277461940175796,0.5447356276571794,0.08547008546998672,0.001,38
7,0.3,weighted_hybrid,17,0.33446364844727183,0.26687233107062636,0.5470563254427478,0.1025641025640035,0.001,38
7,0.3,cs_only,17,0.5181215511537716,0.4364997196489828,0.8474513544976877,0.08264462809907794,0.001,38
7,0.3,ml_only,18,0.5689524419588834,0.4581700008365599,0.6545947418990343,,,38
7,0.3,hybrid,18,0.5167620987333229,0.41037097542275,0.5945483799645745,0.06779661016939387,0.001,38
7,0.3,weighted_hybrid,18,0.5327551550911808,0.4216373113330941,0.6129488117523431,0.08196721311465924,0.001,38
7,0.3,cs_only,18,0.7668595522599675,0.6291306214245194,0.882292075162056,0.07999999999990734,0.001,38
7,0.3,ml_only,19,0.38456343241808105,0.3052014377166369,0.5552436335621309,,,38
7,0.3,hybrid,19,0.3198097512430832,0.265221312615477,0.4617504249227775,0.05454545454535042,0.001,38
7,0.3,weighted_hybrid,19,0.33139620176061735,0.27403729782099295,0.47847927208588864,0.06837606837596992,0.001,38
7,0.3,cs_only,19,0.6142035758926301,0.49782600936960214,0.8868046113514033,0.08196721311465924,0.001,38
7,0.3,ml_only,20,0.6714798559606376,0.5668097344638252,0.839436527334627,,,38
7,0.3,hybrid,20,0.5798183331147326,0.4750457369582488,0.724847787635367,0.09917355371891236,0.001,38
7,0.3,weighted_hybrid,20,0.575810808632379,0.4726972247298289,0.7198378645456227,0.09917355371891236,0.001,38
7,0.3,cs_only,20,0.6885154464608165,0.5397124534073092,0.860733215245103,0.10084033613435633,0.001,38
7,0.3,ml_only,21,0.45340935252896697,0.3514329991101371,0.7428889223484516,,,38
7,0.3,hybrid,21,0.3707031523251634,0.28694374567161385,0.6073788813706054,0.10169491525413904,0.001,38
7,0.3,weighted_hybrid,21,0.36868475409150253,0.2887570643629136,0.6040718351433698,0.09999999999990332,0.001,38
7,0.3,cs_only,21,0.5465837993810329,0.42529987441586387,0.895550670559572,0.09836065573760977,0.001,38
7,0.3,ml_only,22,0.45879270185589266,0.3526799367215797,0.6951887150541445,,,38
7,0.3,hybrid,22,0.38474795213541885,0.2935353491077087,0.5829919119959077,0.09917355371891236,0.001,38
7,0.3,weighted_hybrid,22,0.4005647697665508,0.2964392345045904,0.6069584508722957,0.10084033613435633,0.001,38
7,0.3,cs_only,22,0.6043968405162945,0.4894203341467145,0.9158163615978426,0.08130081300803597,0.001,38
7,0.3,ml_only,23,0.40768072772701486,0.339990523830657,0.6639342735780364,,,38
7,0.3,hybrid,23,0.34785168803661265,0.2879945789250871,0.5664988362268817,0.1111111111110041,0.001,38
7,0.3,weighted_hybrid,23,0.34314833321996674,0.277674584700648,0.5588391205445143,0.10434782608685579,0.001,38
7,0.3,cs_only,23,0.5233853552997142,0.4095086943169419,0.8523666978562245,0.08333333333323696,0.001,38
7,0.3,ml_only,24,0.4276708776935034,0.344185319549819,0.6678766404147229,,,38
7,0.3,hybrid,24,0.38637426405219927,0.31276106207494564,0.603385357473018,0.11009174311916001,0.001,38
7,0.3,weighted_hybrid,24,0.39470778015094576,0.3252789397021839,0.6163994789041751,0.06779661016939387,0.001,38
7,0.3,cs_only,24,0.5576798253797243,0.4526649563963878,0.8709064554744115,0.09999999999990332,0.001,38
7,0.3,ml_only,25,0.3646677377197245,0.2942373134895446,0.5029859645523305,,,38
7,0.3,hybrid,25,0.3083538631784106,0.2539786465771161,0.42531227539913286,0.09615384615373558,0.001,38
7,0.3,weighted_hybrid,25,0.3108605677761666,0.2552178119951619,0.4287697713592474,0.1111111111110041,0.001,38
7,0.3,cs_only,25,0.5756952136825736,0.4638187488482035,0.7940560197426726,0.09448818897628644,0.001,38
7,0.3,ml_only,26,0.3947877435463958,0.30077176043100495,0.6749749180501514,,,38
7,0.3,hybrid,26,0.36409066183975514,0.2779019423379224,0.6224916265903102,0.0970873786406651,0.001,38
7,0.3,weighted_hybrid,26,0.37389576821099296,0.28435783185200075,0.6392555737431466,0.10619469026538428,0.001,38
7,0.3,cs_only,26,0.5152090043040104,0.4157923731845311,0.880861073180534,0.10169491525413904,0.001,38
7,0.3,ml_only,27,0.3818976084209736,0.29654286950298275,0.5424655960355149,,,38
7,0.3,hybrid,27,0.34577816605845585,0.2690654816489746,0.4911598156440985,0.10810810810800389,0.001,38
7,0.3,weighted_hybrid,27,0.34941105602685835,0.269041901833194,0.49632014600120444,0.10810810810800389,0.001,38
7,0.3,cs_only,27,0.6367400696867015,0.5063805239526222,0.9044559950256084,0.0975609756096617,0.001,38
7,0.3,ml_only,28,0.4381974081946227,0.33693083390861,0.5841120007819309,,,38
7,0.3,hybrid,28,0.34732826262458005,0.2738348702970874,0.4629844965209107,0.08264462809907794,0.001,38
7,0.3,weighted_hybrid,28,0.37017715181166555,0.2923271620249609,0.4934417975663461,0.08547008546998672,0.001,38
7,0.3,cs_only,28,0.565940924879365,0.44961435515526527,0.754392608841813,0.0975609756096617,0.001,38
7,0.3,ml_only,29,0.4013118758191937,0.32579133780107583,0.5553384150310677,,,38
7,0.3,hybrid,29,0.36283812418998396,0.2987852685585123,0.5020981459599115,0.1111111111110041,0.001,38
7,0.3,weighted_hybrid,29,0.36741025620679935,0.2962748441417811,0.5084250968938904,0.07476635514007966,0.001,38
7,0.3,cs_only,29,0.590282276684646,0.4715294378564669,0.8168370878280979,0.09599999999990708,0.001,38
7,0.3,ml_only,30,0.5604086624790189,0.4606246357077942,0.7029727066758279,,,38
7,0.3,hybrid,30,0.4815915824145561,0.38147105034939055,0.6041051126952028,0.10619469026538428,0.001,38
7,0.3,weighted_hybrid,30,0.49861654570996755,0.39535428054856586,0.6254611075791685,0.08130081300803597,0.001,38
7,0.3,cs_only,30,0.6786312433463297,0.5312162444829976,0.8512702852586839,0.10434782608685579,0.001,38
7,0.3,ml_only,31,0.37115481738608763,0.2952027348585518,0.5815364599723707,,,38
7,0.3,hybrid,31,0.31222564192858976,0.2512715644722925,0.48920446674649315,0.09174311926594934,0.001,38
7,0.3,weighted_hybrid,31,0.31444193687781985,0.24923891904054357,0.4926770239076985,0.11009174311916001,0.001,38
7,0.3,cs_only,31,0.5562059620814239,0.4235807847804638,0.8714801237993637,0.0975609756096617,0.001,38
7,0.3,ml_only,32,0.4248760584680684,0.31767204673788957,0.6322407754105956,,,38
7,0.3,hybrid,32,0.32884319128337486,0.26390539748272757,0.48933817310188854,0.10526315789463528,0.001,38
7,0.3,weighted_hybrid,32,0.33577079836532386,0.2718818994197791,0.49964686333269037,0.10526315789463528,0.001,38
7,0.3,cs_only,32,0.5387280211174714,0.43714200394552694,0.8016592486637469,0.08333333333323696,0.001,38
7,0.3,ml_only,33,0.4474433333319469,0.33613323438080567,0.7196443552123113,,,38
7,0.3,hybrid,33,0.39001658591065574,0.3010246759266158,0.6272821910200558,0.08333333333323696,0.001,38
7,0.3,weighted_hybrid,33,0.40231311216887256,0.31986810021041046,0.6470592779743959,0.08771929824551279,0.001,38
7,0.3,cs_only,33,0.4961578095720955,0.39374779565454654,0.7979941600519316,0.08474576271176645,0.001,38
7,0.3,ml_only,34,0.3613862755846962,0.27843416307413527,0.5460196191450748,,,38
7,0.3,hybrid,34,0.2912117243671147,0.22931425426805851,0.4399926770109086,0.11538461538450445,0.001,38
7,0.3,weighted_hybrid,34,0.3119011785926885,0.24558334413522467,0.47125243611019885,0.08403361344528099,0.001,38
7,0.3,cs_only,34,0.6020397650238963,0.48769063779934935,0.9096237057610578,0.08547008546998672,0.001,38
7,0.3,ml_only,35,0.41497850828583804,0.3284662446518196,0.5430295193716004,,,38
7,0.3,hybrid,35,0.35665016633313684,0.2851201340092835,0.46670264734356615,0.09677419354829345,0.001,38
7,0.3,weighted_hybrid,35,0.37068766153905613,0.29665901186396243,0.4850717294108257,0.08474576271176645,0.001,38
7,0.3,cs_only,35,0.6619826866418559,0.5322612207224912,0.8662524274915939,0.09448818897628644,0.001,38
7,0.3,ml_only,36,0.3821571348227564,0.29737053856262896,0.5551893079162842,,,38
7,0.3,hybrid,36,0.34243802714003474,0.26702336445109864,0.4974862797740774,0.08771929824551279,0.001,38
7,0.3,weighted_hybrid,36,0.33266320951307654,0.2551624681803786,0.4832856441223689,0.08849557522113682,0.001,38
7,0.3,cs_only,36,0.586504577564902,0.4532211386000913,0.8520606861337623,0.10434782608685579,0.001,38
7,0.3,ml_only,37,0.6178747175782217,0.4706992094834575,0.7735454632386531,,,38
7,0.3,hybrid,37,0.5349983731392032,0.43047363401461813,0.6697887979685766,0.09677419354829345,0.001,38
7,0.3,weighted_hybrid,37,0.5217751678253533,0.4157221393489411,0.6532340657728755,0.0806451612902292,0.001,38
7,0.3,cs_only,37,0.7213623354174069,0.5855455715438602,0.9031063191912078,0.09999999999990332,0.001,38
7,0.3,ml_only,38,0.42678034994062436,0.3034107848266101,0.5512243030613385,,,38
7,0.3,hybrid,38,0.35568353125183166,0.26456442729473706,0.4593965177917955,0.11009174311916001,0.001,38
7,0.3,weighted_hybrid,38,0.3412246685601202,0.2587742294169006,0.4407216268053499,0.10344827586196907,0.001,38
7,0.3,cs_only,38,0.6661748133241325,0.5359553711194556,0.8604232768511964,0.08264462809907794,0.001,38
7,0.3,ml_only,39,0.40627940147043035,0.3087820375074814,0.5541270100039026,,,38
7,0.3,hybrid,39,0.3442644368582133,0.26656321883212064,0.46954441292491506,0.08695652173903001,0.001,38
7,0.3,weighted_hybrid,39,0.3631017847230683,0.2843679362209949,0.4952367891836589,0.06896551724128003,0.001,38
7,0.3,cs_only,39,0.610701551188629,0.49188577236349573,0.8329396551735594,0.08403361344528099,0.001,38
7,0.3,ml_only,40,0.4144418056182398,0.317290177440856,0.5977187926642147,,,38
7,0.3,hybrid,40,0.36881966325440924,0.2863170202101639,0.5319213478051346,0.10810810810800389,0.001,38
7,0.3,weighted_hybrid,40,0.3667555522610026,0.2881183242030372,0.528944433038866,0.09999999999990332,0.001,38
7,0.3,cs_only,40,0.5938132635634839,0.4780150295800799,0.8564129924964834,0.09599999999990708,0.001,38
7,0.3,ml_only,41,0.41507436656376256,0.3361897338361485,0.5491684363099409,,,38
7,0.3,hybrid,41,0.365032624742935,0.29912026823656435,0.48296019190911976,0.08771929824551279,0.001,38
7,0.3,weighted_hybrid,41,0.36964532716586934,0.3037260425306164,0.4890630755868975,0.09836065573760977,0.001,38
7,0.3,cs_only,41,0.6413995524574075,0.5148275614303067,0.8486103157584916,0.09677419354829345,0.001,38
7,0.3,ml_only,42,0.4787854438924392,0.3642587059112853,0.5894224571281047,,,38
7,0.3,hybrid,42,0.4427441590052207,0.3413993784661136,0.545052806865615,0.08620689655162456,0.001,38
7,0.3,weighted_hybrid,42,0.44803427774308635,0.35272393257769963,0.55156535820724,0.08771929824551279,0.001,38
7,0.3,cs_only,42,0.7157881070163202,0.5812411810859216,0.8811913357069723,0.09523809523800303,0.001,38
7,0.3,ml_only,43,0.37964173174111593,0.3061155843863821,0.5888565221755057,,,38
7,0.3,hybrid,43,0.35584723158894904,0.2859428870592212,0.5519492345012827,0.07407407407396777,0.001,38
7,0.3,weighted_hybrid,43,0.36699531246786826,0.2921696213257283,0.5692408533788621,0.057142857142748305,0.001,38
7,0.3,cs_only,43,0.5381764981410981,0.44443570041918934,0.8347573897067379,0.08130081300803597,0.001,38
7,0.3,ml_only,44,0.39419938653238423,0.31764772276999576,0.5739362789013435,,,38
7,0.3,hybrid,44,0.3363241209830932,0.2688258747001449,0.4896725390665825,0.08849557522113682,0.001,38
7,0.3,weighted_hybrid,44,0.3178995964009739,0.24736246443421742,0.4628472738823629,0.10344827586196907,0.001,38
7,0.3,cs_only,44,0.6109935682561553,0.4682736804402695,0.889578692859745,0.1025641025640035,0.001,38
7,0.3,ml_only,45,0.47888064406347014,0.37965669647864336,0.669866330169591,,,38
7,0.3,hybrid,45,0.4009790560436997,0.3297632829191587,0.5608962735843209,0.08849557522113682,0.001,38
7,0.3,weighted_hybrid,45,0.4172954130038307,0.3436571198332825,0.5837198691798267,0.0975609756096617,0.001,38
7,0.3,cs_only,45,0.5936629994123527,0.48967041434087055,0.8304258267768231,0.07936507936498742,0.001,38
7,0.3,ml_only,46,0.36452566945824205,0.2822132649292463,0.6459415255843225,,,38
7,0.3,hybrid,46,0.31039447676606585,0.25388538592128573,0.5500207493019578,0.08849557522113682,0.001,38
7,0.3,weighted_hybrid,46,0.3153158136517583,0.2568693581488837,0.5587413857953578,0.09836065573760977,0.001,38
7,0.3,cs_only,46,0.5030508285427405,0.3876479525496567,0.8914088824479304,0.10526315789463528,0.001,38
7,0.3,ml_only,47,0.4621248841494098,0.3658307939705442,0.6572502728397038,,,38
7,0.3,hybrid,47,0.41074885727760085,0.3163937257829236,0.5841814794526784,0.1121495327101724,0.001,38
7,0.3,weighted_hybrid,47,0.41267628225614295,0.32898532566785166,0.5869227310850299,0.09174311926594934,0.001,38
7,0.3,cs_only,47,0.5775111831706518,0.4628555100391673,0.8213567278583778,0.09836065573760977,0.001,38
7,0.3,ml_only,48,0.480497108716306,0.3859652164824308,0.6687520698799012,,,38
7,0.3,hybrid,48,0.4133636261883915,0.33226085306207054,0.5753162206638007,0.08474576271176645,0.001,38
7,0.3,weighted_hybrid,48,0.4223326790278341,0.3386504805624737,0.5877992773616108,0.09917355371891236,0.001,38
7,0.3,cs_only,48,0.6372500289977846,0.5039268608131234,0.8869195426832616,0.10344827586196907,0.001,38
7,0.3,ml_only,49,0.4970596109626867,0.40859894510799166,0.7086171013756728,,,38
7,0.3,hybrid,49,0.45437053695903007,0.3569288966954151,0.6477587913989373,0.08928571428561129,0.001,38
7,0.3,weighted_hybrid,49,0.4540554920838778,0.3621760319239577,0.6473096577712798,0.10714285714275383,0.001,38
7,0.3,cs_only,49,0.6154708363845587,0.48515348746512243,0.8774262692866965,0.08333333333323696,0.001,38
7,0.3,ml_only,50,0.5636613125184129,0.45969530751062054,0.7952143783555151,,,38
7,0.3,hybrid,50,0.5087826208298922,0.4176571485198281,0.7177914228912345,0.07476635514007966,0.001,38
7,0.3,weighted_hybrid,50,0.5154683457273437,0.4300639299406245,0.7272236554218453,0.10169491525413904,0.001,38
7,0.3,cs_only,50,0.5696845542454303,0.45300905278419773,0.8037119784555374,0.08695652173903001,0.001,38
7,0.3,ml_only,51,0.4705875309201994,0.3874987005477457,0.6652715904617216,,,38
7,0.3,hybrid,51,0.4200290523548112,0.3398386713190078,0.5937968546548683,0.10714285714275383,0.001,38
7,0.3,weighted_hybrid,51,0.41188391605421354,0.3340947654390573,0.582282040884452,0.10169491525413904,0.001,38
7,0.3,cs_only,51,0.6274114497977172,0.5078255962528906,0.8869742304149641,0.08474576271176645,0.001,38
7,0.3,ml_only,52,0.4398122521685365,0.33356016183248244,0.6810127470253434,,,38
7,0.3,hybrid,52,0.3566741057012492,0.27872191910620486,0.5522802316642511,0.07339449541273865,0.001,38
7,0.3,weighted_hybrid,52,0.37082056173079836,0.2969425266022663,0.5741848439933884,0.10344827586196907,0.001,38
7,0.3,cs_only,52,0.5741401640499583,0.4635324663091414,0.889008362930765,0.10810810810800389,0.001,38
7,0.3,ml_only,53,0.5143458973013442,0.4212056122241872,0.6442569932166018,,,38
7,0.3,hybrid,53,0.4429050708078118,0.36279408543101765,0.554771974844488,0.1025641025640035,0.001,38
7,0.3,weighted_hybrid,53,0.4369441589199831,0.35709190429488263,0.547305483540035,0.09917355371891236,0.001,38
7,0.3,cs_only,53,0.702643980970374,0.5650374693651399,0.8801145315960378,0.055045871559528,0.001,38
7,0.3,ml_only,54,0.3614991834507768,0.2817570271989858,0.5553861246709182,,,38
7,0.3,hybrid,54,0.2945284645445969,0.232919121144708,0.45249624346931044,0.10619469026538428,0.001,38
7,0.3,weighted_hybrid,54,0.3072246866185032,0.237156995241717,0.47200197376800224,0.08547008546998672,0.001,38
7,0.3,cs_only,54,0.5441899569719603,0.43988098425385025,0.8360615047658728,0.07999999999990734,0.001,38
7,0.3,ml_only,55,0.4417654108308524,0.35935762978456876,0.6498163635921895,,,38
7,0.3,hybrid,55,0.37232653842084734,0.29551356487270614,0.5476750133299607,0.10619469026538428,0.001,38
7,0.3,weighted_hybrid,55,0.3603187990196134,0.2874289064893595,0.5300121874016082,0.10169491525413904,0.001,38
7,0.3,cs_only,55,0.5676890347344248,0.4608887619657631,0.8350441550154089,0.0975609756096617,0.001,38
7,0.3,ml_only,56,0.592385704160374,0.48826693754496625,0.8403737907747061,,,38
7,0.3,hybrid,56,0.49964409186290926,0.40007375018535285,0.7088081237749522,0.10169491525413904,0.001,38
7,0.3,weighted_hybrid,56,0.5156894597871889,0.40938204538604217,0.731570500672642,0.09836065573760977,0.001,38
7,0.3,cs_only,56,0.6309915437343223,0.5045773767877413,0.8951410404246333,0.08333333333323696,0.001,38
7,0.3,ml_only,57,0.5230577454194086,0.4376780574871334,0.5944295721226674,,,38
7,0.3,hybrid,57,0.4772711263794338,0.378702265847016,0.5423953166255958,0.05405405405395082,0.001,38
7,0.3,weighted_hybrid,57,0.48889387612792323,0.39233203469892614,0.5556040038506431,0.08547008546998672,0.001,38
7,0.3,cs_only,57,0.7325297764488986,0.6070139173430914,0.8324843010067291,0.08333333333323696,0.001,38
7,0.3,ml_only,58,0.5744027454982422,0.46320671476443886,0.7382239187618617,,,38
7,0.3,hybrid,58,0.5351696253991074,0.41623215320281676,0.6878014096568339,0.08771929824551279,0.001,38
7,0.3,weighted_hybrid,58,0.5283347959392336,0.4092424180048965,0.6790172688645395,0.10810810810800389,0.001,38
7,0.3,cs_only,58,0.6727752086855727,0.5335405898074108,0.864652467095864,0.08547008546998672,0.001,38
7,0.3,ml_only,59,0.4163358481022648,0.3157647181508068,0.6480563287802431,,,38
7,0.3,hybrid,59,0.34612614033523736,0.2706160363593423,0.5387699301488733,0.11009174311916001,0.001,38
7,0.3,weighted_hybrid,59,0.3601170858341472,0.2883573891405597,0.5605478308929881,0.10169491525413904,0.001,38
7,0.3,cs_only,59,0.5591511513953652,0.44652183814027,0.8703584955709102,0.1025641025640035,0.001,38
7,0.3,ml_only,60,0.4918250083716465,0.37333628537800423,0.6554607904316481,,,38
7,0.3,hybrid,60,0.4345427592593206,0.32096272987409097,0.5791200846078891,0.08928571428561129,0.001,38
7,0.3,weighted_hybrid,60,0.42820652555869904,0.3145465660469847,0.5706757137868129,0.07017543859639028,0.001,38
7,0.3,cs_only,60,0.6306870196440822,0.5097580292294174,0.8405237744610838,0.07999999999990734,0.001,38
7,0.3,ml_only,61,0.43269711297054053,0.32282539588853965,0.6168134523316078,,,38
7,0.3,hybrid,61,0.33241022337303044,0.2690142462442244,0.4738536295318413,0.08620689655162456,0.001,38
7,0.3,weighted_hybrid,61,0.3382705302243329,0.2724888239766489,0.48220754730092186,0.0975609756096617,0.001,38
7,0.3,cs_only,61,0.5712907354205623,0.4407281823766149,0.814379851949258,0.10344827586196907,0.001,38
7,0.3,ml_only,62,0.42421454701395267,0.3345867306402278,0.5951848829252528,,,38
7,0.3,hybrid,62,0.3776986736278429,0.29487315501933226,0.5299218106181944,0.055045871559528,0.001,38
7,0.3,weighted_hybrid,62,0.3883386623702083,0.30861371709454916,0.5448500126294811,0.1025641025640035,0.001,38
7,0.3,cs_only,62,0.6300143537948343,0.5154011322370369,0.8839277720296426,0.10169491525413904,0.001,38
7,0.3,ml_only,63,0.4975491032578286,0.3990346367416133,0.7336590413995716,,,38
7,0.3,hybrid,63,0.4305941275534363,0.3433077682948935,0.634930849607894,0.08849557522113682,0.001,38
7,0.3,weighted_hybrid,63,0.4335445561887983,0.34499232918221767,0.6392813923586783,0.09599999999990708,0.001,38
7,0.3,cs_only,63,0.6012598982001379,0.4672050769378018,0.8865853795277171,0.06779661016939387,0.001,38
7,0.3,ml_only,64,0.42509866933655,0.32583681474224546,0.6176081281586999,,,38
7,0.3,hybrid,64,0.37380077014191165,0.28843869103255904,0.5430795497711923,0.08620689655162456,0.001,38
7,0.3,weighted_hybrid,64,0.385096852267447,0.29902753352183886,0.5594911563941138,0.1025641025640035,0.001,38
7,0.3,cs_only,64,0.5629660784340239,0.4710501995410947,0.8179099371473537,0.08333333333323696,0.001,38
7,0.3,ml_only,65,0.4463393504437937,0.35043604422548214,0.6104055310993611,,,38
7,0.3,hybrid,65,0.3842222067501465,0.32331244433327255,0.5254552616485595,0.10619469026538428,0.001,38
7,0.3,weighted_hybrid,65,0.37668739259929374,0.31293246695020904,0.5151507876448375,0.09999999999990332,0.001,38
7,0.3,cs_only,65,0.6321900500641496,0.5172465292633927,0.864571548265793,0.08474576271176645,0.001,38
7,0.3,ml_only,66,0.5655139078184463,0.46307663797746673,0.8250175202546906,,,38
7,0.3,hybrid,66,0.512723313276234,0.4206124718216311,0.7480023225737004,0.08403361344528099,0.001,38
7,0.3,weighted_hybrid,66,0.5245528953920796,0.42490679621848065,0.7652602756813672,0.09599999999990708,0.001,38
7,0.3,cs_only,66,0.5417618109060532,0.43514325917828317,0.7903660363131094,0.08333333333323696,0.001,38
7,0.3,ml_only,67,0.5367393041510007,0.43435457956136686,0.8246355011937881,,,38
7,0.3,hybrid,67,0.48253149712360005,0.3883771532125278,0.7413517137555556,0.10526315789463528,0.001,38
7,0.3,weighted_hybrid,67,0.4974288212386441,0.40525054698030427,0.7642396637212986,0.10526315789463528,0.001,38
7,0.3,cs_only,67,0.6003692903656983,0.500138510238439,0.9223953357490552,0.10169491525413904,0.001,38
7,0.3,ml_only,68,0.4963721206738872,0.3543337664247045,0.6158910541004192,,,38
7,0.3,hybrid,68,0.423085821920303,0.31624519512463434,0.5249585179837958,0.10810810810800389,0.001,38
7,0.3,weighted_hybrid,68,0.4469134966640573,0.33604382692102996,0.5545235380634274,0.10169491525413904,0.001,38
7,0.3,cs_only,68,0.6721637505560444,0.5333633741689724,0.8340106617914484,0.10169491525413904,0.001,38
7,0.3,ml_only,69,0.25098353617176994,0.1921395870359652,0.48201237226945265,,,38
7,0.3,hybrid,69,0.22123978262499613,0.17260290027213554,0.4248896724065166,0.1188118811880047,0.001,38
7,0.3,weighted_hybrid,69,0.2210470218230595,0.17135396091189176,0.4245194764453024,0.1111111111110041,0.001,38
7,0.3,cs_only,69,0.43881159706495587,0.35289992617737054,0.842735033966013,0.08620689655162456,0.001,38
7,0.3,ml_only,70,0.42272998399261497,0.34995001052158076,0.5143450250415904,,,38
7,0.3,hybrid,70,0.35727409178318326,0.2915189550036287,0.43470337719915114,0.10810810810800389,0.001,38
7,0.3,weighted_hybrid,70,0.36770220184007474,0.3015798990986411,0.44739149190937255,0.1025641025640035,0.001,38
7,0.3,cs_only,70,0.6801951479066893,0.5358195274182234,0.827608647673656,0.06779661016939387,0.001,38
7,0.3,ml_only,71,0.47528292328300165,0.381172365144115,0.7531112803556432,,,38
7,0.3,hybrid,71,0.3910049503155756,0.3080161866945787,0.6195683125400636,0.10810810810800389,0.001,38
7,0.3,weighted_hybrid,71,0.3938709463366533,0.3154032659891262,0.6241096369327409,0.10084033613435633,0.001,38
7,0.3,cs_only,71,0.5041761164883997,0.4018690533745242,0.798894094470182,0.08620689655162456,0.001,38
7,0.3,ml_only,72,0.3984998080302177,0.2836380304076418,0.6073112437140779,,,38
7,0.3,hybrid,72,0.34427881473314587,0.26720879237336953,0.5246787851504833,0.10810810810800389,0.001,38
7,0.3,weighted_hybrid,72,0.3378224091096905,0.26023501545053535,0.5148392628970475,0.10434782608685579,0.001,38
7,0.3,cs_only,72,0.6032826470770808,0.4739297323180619,0.9193990243521546,0.0720720720719685,0.001,38
7,0.3,ml_only,73,0.3716846659189405,0.3004237910858124,0.5120989748301117,,,38
7,0.3,hybrid,73,0.3106538998133431,0.25714743003200224,0.42801212481572665,0.08928571428561129,0.001,38
7,0.3,weighted_hybrid,73,0.32579519634708637,0.2661772651498861,0.4488734708531218,0.08695652173903001,0.001,38
7,0.3,cs_only,73,0.6205422313621752,0.5020955336347244,0.8549694664795864,0.1025641025640035,0.001,38
7,0.3,ml_only,74,0.3591267799826632,0.26876253302813385,0.5777781255080031,,,38
7,0.3,hybrid,74,0.2970906386021613,0.22261874959241645,0.4779717967170781,0.10526315789463528,0.001,38
7,0.3,weighted_hybrid,74,0.3110457991368445,0.23939161269492962,0.5004234403825317,0.09836065573760977,0.001,38
7,0.3,cs_only,74,0.5106880614935699,0.40234605018518976,0.8216162295201569,0.08403361344528099,0.001,38
7,0.3,ml_only,75,0.39084012723171635,0.30577397393918065,0.5452148209444531,,,38
7,0.3,hybrid,75,0.3216664886318332,0.24548689632930354,0.4487188617131434,0.08620689655162456,0.001,38
7,0.3,weighted_hybrid,75,0.32610678739935167,0.25192304613139993,0.45491299718899536,0.08547008546998672,0.001,38
7,0.3,cs_only,75,0.5728045673289806,0.4423934246237663,0.7990518829896953,0.10344827586196907,0.001,38
7,0.3,ml_only,76,0.44286109274733715,0.358112767482508,0.6371512639323196,,,38
7,0.3,hybrid,76,0.40205487964149694,0.324410932265052,0.5784427192385748,0.09174311926594934,0.001,38
7,0.3,weighted_hybrid,76,0.40123783311553934,0.33103177977018794,0.5772672214691142,0.10344827586196907,0.001,38
7,0.3,cs_only,76,0.6020202693343326,0.4686413591238153,0.8661360905282459,0.10169491525413904,0.001,38
7,0.3,ml_only,77,0.33512997191469807,0.2534649148528461,0.45462149180882494,,,38
7,0.3,hybrid,77,0.29511857129463476,0.23429511120275354,0.4003439154544077,0.09259259259248594,0.001,38
7,0.3,weighted_hybrid,77,0.31319197905750806,0.2466582961346957,0.4248614468237537,0.09433962264140086,0.001,38
7,0.3,cs_only,77,0.6503736398323064,0.5226870710937208,0.8822661628395253,0.10084033613435633,0.001,38
7,0.3,ml_only,78,0.34379795432933447,0.26329071345458627,0.5222960227982267,,,38
7,0.3,hybrid,78,0.28616051536857995,0.22897946202630204,0.4347335322295937,0.11009174311916001,0.001,38
7,0.3,weighted_hybrid,78,0.30746518634735404,0.2517420610294896,0.46709947501405635,0.08620689655162456,0.001,38
7,0.3,cs_only,78,0.5114284096646399,0.40072275549213715,0.776959318547847,0.08333333333323696,0.001,38
7,0.3,ml_only,79,0.3311267747426619,0.2547314889044671,0.4951642866393501,,,38
7,0.3,hybrid,79,0.3193838539073762,0.2515895110186892,0.4776040183010814,0.09259259259248594,0.001,38
7,0.3,weighted_hybrid,79,0.31404734094254394,0.24975983365512489,0.4696238402033529,0.09090909090898612,0.001,38
7,0.3,cs_only,79,0.5866213087490161,0.45468007548187883,0.8772287354288786,0.10084033613435633,0.001,38
7,0.3,ml_only,80,0.42189514194196065,0.33227665439721044,0.5941579922145999,,,38
7,0.3,hybrid,80,0.3893596366054738,0.30022917144133865,0.5483380037752124,0.09009009008998621,0.001,38
7,0.3,weighted_hybrid,80,0.38082628093566717,0.3002801530141672,0.536320417015887,0.11009174311916001,0.001,38
7,0.3,cs_only,80,0.620736119552127,0.4825756493836799,0.874187184973348,0.10169491525413904,0.001,38
7,0.3,ml_only,81,0.382208135267935,0.31101372409371314,0.5262269993169373,,,38
7,0.3,hybrid,81,0.3098809239455366,0.24683589137607373,0.42664635759023367,0.09009009008998621,0.001,38
7,0.3,weighted_hybrid,81,0.3165292324851729,0.25058659433695096,0.4357997981649443,0.10714285714275383,0.001,38
7,0.3,cs_only,81,0.6365717899755786,0.5018743645798616,0.8764367682907438,0.09836065573760977,0.001,38
7,0.3,ml_only,82,0.3842054588284966,0.3001859121530644,0.5457041578607612,,,38
7,0.3,hybrid,82,0.34072358742780373,0.2669014927688948,0.4839449155863902,0.09009009008998621,0.001,38
7,0.3,weighted_hybrid,82,0.33606256867324896,0.2673074317735981,0.477324662657181,0.08928571428561129,0.001,38
7,0.3,cs_only,82,0.6066270479616552,0.4819465222360111,0.8616194661909928,0.10169491525413904,0.001,38
7,0.3,ml_only,83,0.377810314641547,0.28734847607527503,0.6047853651623623,,,38
7,0.3,hybrid,83,0.34246579826429147,0.269173675473955,0.5482071156670137,0.11009174311916001,0.001,38
7,0.3,weighted_hybrid,83,0.3485885332061875,0.27099981891554015,0.5580081728222166,0.08620689655162456,0.001,38
7,0.3,cs_only,83,0.5347375067599952,0.4241693921729198,0.85598885408591,0.07339449541273865,0.001,38
7,0.3,ml_only,84,0.4613764638311159,0.3829546673264277,0.5947501230259165,,,38
7,0.3,hybrid,84,0.4187556294110666,0.3463703587520445,0.5398085546929676,0.03603603603593312,0.001,38
7,0.3,weighted_hybrid,84,0.44999730805503607,0.37664220100822415,0.5800815067693407,0.05454545454535042,0.001,38
7,0.3,cs_only,84,0.6646217332513203,0.5284574218045404,0.8567490728387304,0.0975609756096617,0.001,38
7,0.3,ml_only,85,0.4537652254656114,0.3603018351659043,0.6890316541460352,,,38
7,0.3,hybrid,85,0.40028359968861377,0.31557117942751295,0.6078210831117932,0.09174311926594934,0.001,38
7,0.3,weighted_hybrid,85,0.43779707067125556,0.33599199077504005,0.6647843925796049,0.08695652173903001,0.001,38
7,0.3,cs_only,85,0.5676652815884421,0.44384396983814667,0.8619861682278729,0.08196721311465924,0.001,38
7,0.3,ml_only,86,0.44115523564372283,0.3502822644179618,0.6216359901641517,,,38
7,0.3,hybrid,86,0.3777787565515093,0.3001059705473189,0.5323315976273192,0.11009174311916001,0.001,38
7,0.3,weighted_hybrid,86,0.38882611118040605,0.315735727264876,0.5478985288990473,0.10619469026538428,0.001,38
7,0.3,cs_only,86,0.6200919499246316,0.49463940431780495,0.8737773965705008,0.10434782608685579,0.001,38
7,0.3,ml_only,87,0.4352259353299809,0.3550773293805981,0.6170552473103926,,,38
7,0.3,hybrid,87,0.3883196628496622,0.3241748828757054,0.5505524054156259,0.1025641025640035,0.001,38
7,0.3,weighted_hybrid,87,0.39879904859211324,0.3267679083845373,0.5654098838792345,0.10344827586196907,0.001,38
7,0.3,cs_only,87,0.5931950522413982,0.4870433958014553,0.8410209271802622,0.09999999999990332,0.001,38
7,0.3,ml_only,88,0.48820157799273556,0.3861344971554125,0.6559699433163777,,,38
7,0.3,hybrid,88,0.44735348662203217,0.3600931699439607,0.6010845816360816,0.09174311926594934,0.001,38
7,0.3,weighted_hybrid,88,0.4693435388467878,0.37133952271267334,0.6306314204044148,0.06722689075620564,0.001,38
7,0.3,cs_only,88,0.6516042443630824,0.5182212333430984,0.8755252307806396,0.09999999999990332,0.001,38
7,0.3,ml_only,89,0.45641485690825667,0.3521103325252628,0.6368321860699598,,,38
7,0.3,hybrid,89,0.40150429812815336,0.31810743656075874,0.560215900125339,0.09090909090898612,0.001,38
7,0.3,weighted_hybrid,89,0.40140276710272893,0.3174169111767376,0.5600742346560926,0.09259259259248594,0.001,38
7,0.3,cs_only,89,0.6389504316584501,0.5270261283541895,0.8915226882397183,0.08547008546998672,0.001,38
7,0.3,ml_only,90,0.5148900128203657,0.41960181530367324,0.692612121253535,,,38
7,0.3,hybrid,90,0.44219603857633727,0.36071179238854867,0.594826717672456,0.0975609756096617,0.001,38
7,0.3,weighted_hybrid,90,0.4494652901996428,0.3676350603191231,0.6046050619040034,0.08403361344528099,0.001,38
7,0.3,cs_only,90,0.6130994142320719,0.47413493652132555,0.8247199892352992,0.08130081300803597,0.001,38
7,0.3,ml_only,91,0.5535402410439614,0.45633971628506176,0.7282363044915366,,,38
7,0.3,hybrid,91,0.49762743394458275,0.4114835559619196,0.6546775403825223,0.09836065573760977,0.001,38
7,0.3,weighted_hybrid,91,0.497860983862219,0.4117426684012894,0.654984798132407,0.10526315789463528,0.001,38
7,0.3,cs_only,91,0.6639092843633171,0.5412331715872636,0.8734375713146486,0.08130081300803597,0.001,38
7,0.3,ml_only,92,0.3711009820594216,0.2834890734770324,0.5646634678614844,,,38
7,0.3,hybrid,92,0.318698842000571,0.2514936222835925,0.4849289062206428,0.1025641025640035,0.001,38
7,0.3,weighted_hybrid,92,0.3288212044047067,0.2601054752275913,0.5003309895736714,0.1111111111110041,0.001,38
7,0.3,cs_only,92,0.5352157641216462,0.424143244485237,0.81437884574143,0.10434782608685579,0.001,38
7,0.3,ml_only,93,0.5193674609837009,0.4213779226504691,0.7551426944534633,,,38
7,0.3,hybrid,93,0.4607185204827238,0.3751271564834161,0.6698691217254663,0.1025641025640035,0.001,38
7,0.3,weighted_hybrid,93,0.46110990573360705,0.377321907922918,0.6704381826218913,0.08333333333323696,0.001,38
7,0.3,cs_only,93,0.6154445478824406,0.4822233016414582,0.8948355241477568,0.053097345132641874,0.001,38
7,0.3,ml_only,94,0.3557918130513486,0.27715510773575647,0.576984859176773,,,38
7,0.3,hybrid,94,0.29952249809397635,0.23996461524762921,0.4857333419251175,0.10810810810800389,0.001,38
7,0.3,weighted_hybrid,94,0.30349212811138265,0.24106159980501526,0.49217086053166986,0.08620689655162456,0.001,38
7,0.3,cs_only,94,0.5100841951273455,0.40318140498210925,0.8271996338807645,0.05217391304337845,0.001,38
7,0.3,ml_only,95,0.5661503870193422,0.43967410571416093,0.7436428644420545,,,38
7,0.3,hybrid,95,0.47943169606158736,0.386601695005006,0.6297372004646723,0.10434782608685579,0.001,38
7,0.3,weighted_hybrid,95,0.5039785495236727,0.3997718721318075,0.661979680272358,0.0975609756096617,0.001,38
7,0.3,cs_only,95,0.6468688357375407,0.5044812173246502,0.8496671643354846,0.07999999999990734,0.001,38
7,0.3,ml_only,96,0.3474345794237853,0.2716270267927111,0.4653146782923133,,,38
7,0.3,hybrid,96,0.28090306979380897,0.22368498627745415,0.3762098803441129,0.1121495327101724,0.001,38
7,0.3,weighted_hybrid,96,0.2858408715560344,0.2230872692545588,0.38282301494422016,0.10084033613435633,0.001,38
7,0.3,cs_only,96,0.601243018218739,0.47924234019885215,0.8052370666786866,0.09999999999990332,0.001,38
7,0.3,ml_only,97,0.3390805726527539,0.274511461469787,0.5202340441625901,,,38
7,0.3,hybrid,97,0.2963127449999301,0.23899022501178815,0.45461754550620076,0.09999999999988521,0.001,38
7,0.3,weighted_hybrid,97,0.2908519598378941,0.23382914902536245,0.4462393410961876,0.11009174311916001,0.001,38
7,0.3,cs_only,97,0.5323248197177379,0.42076744536548466,0.8167188453273109,0.08474576271176645,0.001,38
7,0.3,ml_only,98,0.38513925642243285,0.3095387915731672,0.5382735961027296,,,38
7,0.3,hybrid,98,0.33867772436715116,0.2781032088419606,0.4733386004542776,0.0970873786406651,0.001,38
7,0.3,weighted_hybrid,98,0.3375265762596299,0.2719151566405241,0.47172974697816594,0.09523809523798568,0.001,38
7,0.3,cs_only,98,0.6415995203671367,0.5070747916225847,0.896704439567718,0.09917355371891236,0.001,38
7,0.3,ml_only,99,0.5059408984995714,0.3899747427755378,0.6510469256698906,,,38
7,0.3,hybrid,99,0.41393322462548066,0.3414481219282415,0.5326510549438648,0.10344827586196907,0.001,38
7,0.3,weighted_hybrid,99,0.4279697507919484,0.3491465866834931,0.5507133172256153,0.10169491525413904,0.001,38
7,0.3,cs_only,99,0.6885722432184319,0.5549265697970848,0.886057726067307,0.10169491525413904,0.001,38
7,0.5,ml_only,0,0.47913727840430803,0.3799487271236394,0.6894095057567137,,,64
7,0.5,hybrid,0,0.3609855064108444,0.2887374401066776,0.5194061300945929,0.10169491525413904,0.001,64
7,0.5,weighted_hybrid,0,0.3744227830365556,0.29713202865841104,0.5387404350105021,0.09836065573760977,0.001,64
7,0.5,cs_only,0,0.5454756899037305,0.4381551889620134,0.7848609213443577,0.09917355371891236,0.001,64
7,0.5,ml_only,1,0.3659714288317464,0.2887386032503486,0.534850730372302,,,64
7,0.5,hybrid,1,0.2813070560436446,0.2283481299164099,0.411117569653224,0.11009174311916001,0.001,64
7,0.5,weighted_hybrid,1,0.28193697253660466,0.2206490645568057,0.4120381641854495,0.08333333333323696,0.001,64
7,0.5,cs_only,1,0.4856484572489676,0.3899414439899058,0.7097533074998884,0.0806451612902292,0.001,64
7,0.5,ml_only,2,0.538004806540469,0.4368279026473767,0.7375021289547001,,,64
7,0.5,hybrid,2,0.3776416614923844,0.3118300183724627,0.5176747975980655,0.08130081300803597,0.001,64
7,0.5,weighted_hybrid,2,0.3995166125683163,0.3247701498709122,0.5476611895283133,0.04878048780478446,0.001,64
7,0.5,cs_only,2,0.5286975916095304,0.41765977314487707,0.724743709805354,0.09677419354829345,0.001,64
7,0.5,ml_only,3,0.4712595418220741,0.39368654421641985,0.6417160313028085,,,64
7,0.5,hybrid,3,0.34072746650485125,0.281822956989607,0.4639699744136025,0.06956521739120423,0.001,64
7,0.5,weighted_hybrid,3,0.3481103040535921,0.29378947809345723,0.4740232142763193,0.08264462809907794,0.001,64
7,0.5,cs_only,3,0.5237268853756745,0.4175498941243102,0.7131610260249087,0.08130081300803597,0.001,64
7,0.5,ml_only,4,0.4572255265908862,0.3497300864606077,0.6570154042750959,,,64
7,0.5,hybrid,4,0.34757860801624996,0.2804591950770391,0.49945702149632226,0.0806451612902292,0.001,64
7,0.5,weighted_hybrid,4,0.38176789519372567,0.31254664334863624,0.5485857053304727,0.0806451612902292,0.001,64
7,0.5,cs_only,4,0.4962302301363237,0.400546066973944,0.7130636552544555,0.09448818897628644,0.001,64
7,0.5,ml_only,5,0.4789781000921938,0.3805200611005346,0.6619976506807811,,,64
7,0.5,hybrid,5,0.3588385729669106,0.28095512765842307,0.4959523039404414,0.10084033613435633,0.001,64
7,0.5,weighted_hybrid,5,0.3798093355618197,0.29102562013072614,0.524936083299335,0.10084033613435633,0.001,64
7,0.5,cs_only,5,0.5525943708053297,0.4478488983775287,0.7637430086722969,0.09448818897628644,0.001,64
7,0.5,ml_only,6,0.5237646862782891,0.42942452860874875,0.6964344649908676,,,64
7,0.5,hybrid,6,0.3920352745779311,0.31800902013961857,0.5212777490752085,0.08333333333323696,0.001,64
7,0.5,weighted_hybrid,6,0.40933083109535845,0.3323324446472969,0.5442751407770497,0.09523809523800303,0.001,64
7,0.5,cs_only,6,0.5422585470440949,0.4359970134505709,0.7210252065308693,0.0787401574802237,0.001,64
7,0.5,ml_only,7,0.3317189524758182,0.25199230172513565,0.5189123520925015,,,64
7,0.5,hybrid,7,0.24538906764599847,0.19897982558506694,0.3838653695231766,0.08849557522113682,0.001,64
7,0.5,weighted_hybrid,7,0.26793555563247107,0.2081766991762969,0.4191351393845737,0.10434782608685579,0.001,64
7,0.5,cs_only,7,0.5396609934333622,0.43387248339856077,0.8441988416549583,0.0975609756096617,0.001,64
7,0.5,ml_only,8,0.507859961460438,0.4231980291927423,0.615149297912155,,,64
7,0.5,hybrid,8,0.3805214854341545,0.30424087547583967,0.4609095860445083,0.10619469026538428,0.001,64
7,0.5,weighted_hybrid,8,0.393245658690324,0.31882921787116847,0.4763218391044595,0.0975609756096617,0.001,64
7,0.5,cs_only,8,0.6423861946642514,0.5233062718413225,0.7780952361352043,0.09523809523800303,0.001,64
7,0.5,ml_only,9,0.38529741634203823,0.3109857389847124,0.6517060913123205,,,64
7,0.5,hybrid,9,0.3427724236073591,0.27584761105414246,0.5797777688716625,0.08474576271176645,0.001,64
7,0.5,weighted_hybrid,9,0.34410528474021296,0.27656587007217,0.582032218764945,0.10084033613435633,0.001,64
7,0.5,cs_only,9,0.39249088970669227,0.3195626661887596,0.6638733943115088,0.09374999999990918,0.001,64
7,0.5,ml_only,10,0.3556416198839044,0.28865863186319807,0.4697805362117613,,,64
7,0.5,hybrid,10,0.282558208203228,0.2337522807935195,0.37324187929432634,0.09009009008998621,0.001,64
7,0.5,weighted_hybrid,10,0.28839930025684724,0.23626350276419725,0.3809575998500567,0.08264462809907794,0.001,64
7,0.5,cs_only,10,0.5673211674510271,0.4533819331826879,0.7493960980619409,0.09523809523800303,0.001,64
7,0.5,ml_only,11,0.4263843265760326,0.3318612040978858,0.6599614006363699,,,64
7,0.5,hybrid,11,0.34330393472801574,0.27298463985888244,0.5313688414076282,0.09302325581386334,0.001,64
7,0.5,weighted_hybrid,11,0.35762413337327503,0.28303586200005293,0.5535337704780947,0.07999999999990734,0.001,64
7,0.5,cs_only,11,0.5014642193978311,0.4063179754307422,0.7761707172972323,0.09917355371891236,0.001,64
7,0.5,ml_only,12,0.587969886192795,0.4561109317371612,0.8086066517946139,,,64
7,0.5,hybrid,12,0.471985337806621,0.37925230474558397,0.6490986913823316,0.0975609756096617,0.001,64
7,0.5,weighted_hybrid,12,0.49483367678878665,0.3983480191055775,0.680520910984543,0.09917355371891236,0.001,64
7,0.5,cs_only,12,0.5383880844298812,0.42977253283770717,0.7404191890436597,0.09677419354829345,0.001,64
7,0.5,ml_only,13,0.32810787368910477,0.2586649184346997,0.4775106428189737,,,64
7,0.5,hybrid,13,0.24077221576016916,0.18681386328693578,0.35040699946605625,0.09345794392512605,0.001,64
7,0.5,weighted_hybrid,13,0.24240668131520654,0.18809157908232094,0.3527857131771174,0.08620689655162456,0.001,64
7,0.5,cs_only,13,0.47182456264748224,0.36453357379845036,0.6866682218698057,0.07999999999990734,0.001,64
7,0.5,ml_only,14,0.45233980425520076,0.3643377075492535,0.6286768287022939,,,64
7,0.5,hybrid,14,0.35245150939240266,0.28282480047224967,0.4898487710162749,0.1025641025640035,0.001,64
7,0.5,weighted_hybrid,14,0.3651338003084885,0.29950228689860703,0.5074750386115683,0.09917355371891236,0.001,64
7,0.5,cs_only,14,0.5126290372388822,0.43336255831181325,0.7124687997835981,0.09599999999990708,0.001,64
7,0.5,ml_only,15,0.45642672255040684,0.3638131985351024,0.6803697898584653,,,64
7,0.5,hybrid,15,0.34530743847811185,0.2790325120380485,0.5147304873850193,0.09917355371891236,0.001,64
7,0.5,weighted_hybrid,15,0.3530400712406455,0.29152670062236574,0.5262570906003178,0.09374999999990918,0.001,64
7,0.5,cs_only,15,0.4966357050454963,0.4066927794607113,0.7403070713956686,0.09599999999990708,0.001,64
7,0.5,ml_only,16,0.3980563803880544,0.30058833537755936,0.5538501429479051,,,64
7,0.5,hybrid,16,0.32746134712565184,0.24438843427337764,0.4556251899257299,0.10434782608685579,0.001,64
7,0.5,weighted_hybrid,16,0.3257329540168083,0.25151439436658174,0.45322032765604353,0.09999999999990332,0.001,64
7,0.5,cs_only,16,0.5118333654407887,0.37733274105366355,0.712157866527682,0.08130081300803597,0.001,64
7,0.5,ml_only,17,0.39598976698469496,0.32533565764110656,0.6476898396739479,,,64
7,0.5,hybrid,17,0.2957756834699571,0.239985043573568,0.48377741289843257,0.08130081300803597,0.001,64
7,0.5,weighted_hybrid,17,0.3138235303943111,0.2498045311461294,0.5132968804591854,0.0975609756096617,0.001,64
7,0.5,cs_only,17,0.4374300768176631,0.3478342327571209,0.7154705498577827,0.08333333333323696,0.001,64
7,0.5,ml_only,18,0.5689524419588834,0.4581700008365599,0.6545947418990343,,,64
7,0.5,hybrid,18,0.43636143601804434,0.3462199270419906,0.5020453038244734,0.09677419354829345,0.001,64
7,0.5,weighted_hybrid,18,0.4498229646333566,0.3628445694211485,0.5175331463920665,0.09523809523800303,0.001,64
7,0.5,cs_only,18,0.6844437005436781,0.558455199532058,0.7874704710981573,0.09160305343502569,0.001,64
7,0.5,ml_only,19,0.38456343241808105,0.3052014377166369,0.5552436335621309,,,64
7,0.5,hybrid,19,0.284576119896825,0.23550327773485075,0.4108791047629952,0.05217391304337845,0.001,64
7,0.5,weighted_hybrid,19,0.29858516180400724,0.24710603587219968,0.4311057583539474,0.08403361344528099,0.001,64
7,0.5,cs_only,19,0.5690573842195638,0.45206458652477766,0.8216212543472621,0.09677419354829345,0.001,64
7,0.5,ml_only,20,0.6714798559606376,0.5668097344638252,0.839436527334627,,,64
7,0.5,hybrid,20,0.5214954658964887,0.43472808815264635,0.65193667245107,0.0975609756096617,0.001,64
7,0.5,weighted_hybrid,20,0.523852850127005,0.4352133133767154,0.6548837071453975,0.09523809523800303,0.001,64
7,0.5,cs_only,20,0.5628536304139572,0.44502853515045065,0.7036397186278017,0.09374999999990918,0.001,64
7,0.5,ml_only,21,0.45340935252896697,0.3514329991101371,0.7428889223484516,,,64
7,0.5,hybrid,21,0.31534283790605816,0.24492725801406087,0.516673729193461,0.09523809523800303,0.001,64
7,0.5,weighted_hybrid,21,0.3466995896470308,0.2722582648468991,0.5680502245817225,0.09374999999990918,0.001,64
7,0.5,cs_only,21,0.4641358068356063,0.37602433087301534,0.7604636901295596,0.09523809523800303,0.001,64
7,0.5,ml_only,22,0.45879270185589266,0.3526799367215797,0.6951887150541445,,,64
7,0.5,hybrid,22,0.31938946723899553,0.2501912151775382,0.48395702990377304,0.10084033613435633,0.001,64
7,0.5,weighted_hybrid,22,0.3012141625598381,0.2384092349125972,0.45641677772777,0.0975609756096617,0.001,64
7,0.5,cs_only,22,0.4846376334214371,0.38324694567185613,0.7343504207504932,0.09599999999990708,0.001,64
7,0.5,ml_only,23,0.40768072772701486,0.339990523830657,0.6639342735780364,,,64
7,0.5,hybrid,23,0.295614929727617,0.23535115723272765,0.4814279171885465,0.10344827586196907,0.001,64
7,0.5,weighted_hybrid,23,0.2954632345348842,0.2335723808893143,0.4811808718151881,0.10084033613435633,0.001,64
7,0.5,cs_only,23,0.4446705929206531,0.3504729013771768,0.724174647004598,0.08196721311465924,0.001,64
7,0.5,ml_only,24,0.4276708776935034,0.344185319549819,0.6678766404147229,,,64
7,0.5,hybrid,24,0.3544231930659491,0.2846705103950544,0.5534886376799011,0.10084033613435633,0.001,64
7,0.5,weighted_hybrid,24,0.369291507311553,0.2943939473995809,0.5767078940869295,0.08403361344528099,0.001,64
7,0.5,cs_only,24,0.5197758037695926,0.42712232954402723,0.8117132488952992,0.08130081300803597,0.001,64
7,0.5,ml_only,25,0.3646677377197245,0.2942373134895446,0.5029859645523305,,,64
7,0.5,hybrid,25,0.26589325238832484,0.21995627039966945,0.36674638358956735,0.09999999999990332,0.001,64
7,0.5,weighted_hybrid,25,0.27207100767935,0.22765666606083385,0.37526735729361566,0.10169491525413904,0.001,64
7,0.5,cs_only,25,0.48729226008240284,0.3833733062793051,0.6721218854978933,0.0806451612902292,0.001,64
7,0.5,ml_only,26,0.3947877435463958,0.30077176043100495,0.6749749180501514,,,64
7,0.5,hybrid,26,0.26722132518620745,0.2096227841398206,0.45687257271100234,0.1025641025640035,0.001,64
7,0.5,weighted_hybrid,26,0.28246504178063464,0.22014862346129782,0.4829349987292864,0.10169491525413904,0.001,64
7,0.5,cs_only,26,0.43848462176446734,0.3486311973541834,0.7496841694806586,0.05128205128195311,0.001,64
7,0.5,ml_only,27,0.3818976084209736,0.29654286950298275,0.5424655960355149,,,64
7,0.5,hybrid,27,0.29209916857743584,0.2234757359572792,0.4149116048120685,0.10084033613435633,0.001,64
7,0.5,weighted_hybrid,27,0.3202055679952252,0.2462393451902976,0.45483527643605143,0.08474576271176645,0.001,64
7,0.5,cs_only,27,0.5237931455051082,0.4213170264297833,0.7440207914644301,0.07999999999990734,0.001,64
7,0.5,ml_only,28,0.4381974081946227,0.33693083390861,0.5841120007819309,,,64
7,0.5,hybrid,28,0.27757386341204393,0.21826563432404547,0.3700027012719538,0.09917355371891236,0.001,64
7,0.5,weighted_hybrid,28,0.31819460588550796,0.24930028276514898,0.4241496741104705,0.09523809523800303,0.001,64
7,0.5,cs_only,28,0.47745131506341926,0.3765337833316292,0.6364369978057761,0.09448818897628644,0.001,64
7,0.5,ml_only,29,0.4013118758191937,0.32579133780107583,0.5553384150310677,,,64
7,0.5,hybrid,29,0.30565305122962383,0.24413578771471817,0.42296500863020514,0.06956521739120423,0.001,64
7,0.5,weighted_hybrid,29,0.31835771089813286,0.25802914133504296,0.4405458129595483,0.06666666666657056,0.001,64
7,0.5,cs_only,29,0.45411004310950415,0.36944802458114967,0.6284009190491555,0.09302325581386334,0.001,64
7,0.5,ml_only,30,0.5604086624790189,0.4606246357077942,0.7029727066758279,,,64
7,0.5,hybrid,30,0.44987310759602606,0.36923214978355146,0.5643176797240967,0.09917355371891236,0.001,64
7,0.5,weighted_hybrid,30,0.46973756105416953,0.3730610957330745,0.5892355112085983,0.09448818897628644,0.001,64
7,0.5,cs_only,30,0.6446749075393461,0.5227214157699073,0.8086756951154197,0.09917355371891236,0.001,64
7,0.5,ml_only,31,0.37115481738608763,0.2952027348585518,0.5815364599723707,,,64
7,0.5,hybrid,31,0.24513574210589328,0.1960878884324343,0.3840860066991137,0.06504065040641022,0.001,64
7,0.5,weighted_hybrid,31,0.27387206767598704,0.22256600964421763,0.42911094039750153,0.09917355371891236,0.001,64
7,0.5,cs_only,31,0.5002546682340175,0.38469579214940836,0.7838139644752136,0.08264462809907794,0.001,64
7,0.5,ml_only,32,0.4248760584680684,0.31767204673788957,0.6322407754105956,,,64
7,0.5,hybrid,32,0.25059626331875157,0.1985547441010084,0.3729021032790264,0.09917355371891236,0.001,64
7,0.5,weighted_hybrid,32,0.26708396446698707,0.21387246775150492,0.3974367805123919,0.0975609756096617,0.001,64
7,0.5,cs_only,32,0.45084683795336655,0.3509822302853327,0.6708868356734535,0.09917355371891236,0.001,64
7,0.5,ml_only,33,0.4474433333319469,0.33613323438080567,0.7196443552123113,,,64
7,0.5,hybrid,33,0.32471323215486986,0.24919921743110082,0.522251706920923,0.10084033613435633,0.001,64
7,0.5,weighted_hybrid,33,0.3645164697044954,0.268863800758222,0.586269143516659,0.0975609756096617,0.001,64
7,0.5,cs_only,33,0.44677844045293547,0.3603426967291202,0.718574976429442,0.09374999999990918,0.001,64
7,0.5,ml_only,34,0.3613862755846962,0.27843416307413527,0.5460196191450748,,,64
7,0.5,hybrid,34,0.26471893173591526,0.20771161087566853,0.3999646363246023,0.08547008546998672,0.001,64
7,0.5,weighted_hybrid,34,0.27205375099799606,0.21635017974519655,0.41104683697956523,0.08474576271176645,0.001,64
7,0.5,cs_only,34,0.5330312771433181,0.43334889454896997,0.8053585722571155,0.09599999999990708,0.001,64
7,0.5,ml_only,35,0.41497850828583804,0.3284662446518196,0.5430295193716004,,,64
7,0.5,hybrid,35,0.31701905318847046,0.2470151498061331,0.4148424572532252,0.09448818897628644,0.001,64
7,0.5,weighted_hybrid,35,0.3310964548882611,0.26411406438579,0.43326375986625776,0.10084033613435633,0.001,64
7,0.5,cs_only,35,0.5571362987956043,0.43018634808700085,0.7290533136503016,0.09836065573760977,0.001,64
7,0.5,ml_only,36,0.3821571348227564,0.29737053856262896,0.5551893079162842,,,64
7,0.5,hybrid,36,0.27802606169302047,0.2202238640145371,0.4039100221055107,0.10169491525413904,0.001,64
7,0.5,weighted_hybrid,36,0.28582070537603554,0.22353976819023064,0.4152339054966562,0.06557377049170868,0.001,64
7,0.5,cs_only,36,0.5048524146593096,0.3992595914239785,0.7334382565552892,0.09374999999990918,0.001,64
7,0.5,ml_only,37,0.6178747175782217,0.4706992094834575,0.7735454632386531,,,64
7,0.5,hybrid,37,0.4462594212527984,0.3421510063778963,0.5586924677718463,0.09836065573760977,0.001,64
7,0.5,weighted_hybrid,37,0.45312518783852473,0.36500416016400083,0.5672880332529209,0.09448818897628644,0.001,64
7,0.5,cs_only,37,0.6964308608222849,0.55954139058798,0.8718934721265196,0.09374999999990918,0.001,64
7,0.5,ml_only,38,0.42678034994062436,0.3034107848266101,0.5512243030613385,,,64
7,0.5,hybrid,38,0.30413156994550106,0.23560577477016972,0.39281263231890384,0.1025641025640035,0.001,64
7,0.5,weighted_hybrid,38,0.2912336062254964,0.22843589196028452,0.37615377943718337,0.10084033613435633,0.001,64
7,0.5,cs_only,38,0.6257509081311993,0.4998138228698594,0.8082122531475691,0.09836065573760977,0.001,64
7,0.5,ml_only,39,0.40627940147043035,0.3087820375074814,0.5541270100039026,,,64
7,0.5,hybrid,39,0.2819311969639066,0.2317256498645372,0.3845277182033096,0.1025641025640035,0.001,64
7,0.5,weighted_hybrid,39,0.30383577706547577,0.2453821750559271,0.41440351164285694,0.07999999999990734,0.001,64
7,0.5,cs_only,39,0.5373363314512564,0.4305567809496782,0.7328763743273892,0.07999999999990734,0.001,64
7,0.5,ml_only,40,0.4144418056182398,0.317290177440856,0.5977187926642147,,,64
7,0.5,hybrid,40,0.3280420433888292,0.24817806927306643,0.47311079977797355,0.09677419354829345,0.001,64
7,0.5,weighted_hybrid,40,0.34085160666408076,0.2707197889561014,0.49158508637658943,0.09836065573760977,0.001,64
7,0.5,cs_only,40,0.44444596047282997,0.35996484845712073,0.6409915681696751,0.09677419354829345,0.001,64
7,0.5,ml_only,41,0.41507436656376256,0.3361897338361485,0.5491684363099409,,,64
7,0.5,hybrid,41,0.3469341358426738,0.2846101259534384,0.4590147988673588,0.1025641025640035,0.001,64
7,0.5,weighted_hybrid,41,0.33931967637035804,0.28088544982195157,0.4489404094600458,0.09677419354829345,0.001,64
7,0.5,cs_only,41,0.5605427158772724,0.4466092213470768,0.7416318413292353,0.09836065573760977,0.001,64
7,0.5,ml_only,42,0.4787854438924392,0.3642587059112853,0.5894224571281047,,,64
7,0.5,hybrid,42,0.35452801198588113,0.27329212901848055,0.43645180656829924,0.09917355371891236,0.001,64
7,0.5,weighted_hybrid,42,0.3463686955174511,0.26844166030583816,0.4264070476420269,0.09917355371891236,0.001,64
7,0.5,cs_only,42,0.6234303662026474,0.5036153644107639,0.7674917084112325,0.0806451612902292,0.001,64
7,0.5,ml_only,43,0.37964173174111593,0.3061155843863821,0.5888565221755057,,,64
7,0.5,hybrid,43,0.3250167633241309,0.2685440943916639,0.5041285635855702,0.09009009008998621,0.001,64
7,0.5,weighted_hybrid,43,0.3435498401687922,0.28426404124135785,0.5328749375047594,0.08403361344528099,0.001,64
7,0.5,cs_only,43,0.4583680081424279,0.37840452954808007,0.7109676534067708,0.08196721311465924,0.001,64
7,0.5,ml_only,44,0.39419938653238423,0.31764772276999576,0.5739362789013435,,,64
7,0.5,hybrid,44,0.286686647442152,0.2151377477304543,0.4174026476576793,0.09917355371891236,0.001,64
7,0.5,weighted_hybrid,44,0.27458368858705845,0.20340398545326788,0.39978129306833654,0.08547008546998672,0.001,64
7,0.5,cs_only,44,0.5397018679742286,0.41046879496767763,0.7857812376270301,0.0661157024792435,0.001,64
7,0.5,ml_only,45,0.47888064406347014,0.37965669647864336,0.669866330169591,,,64
7,0.5,hybrid,45,0.32526148523901643,0.26376407057051166,0.45498125715369864,0.048387096774100684,0.001,64
7,0.5,weighted_hybrid,45,0.360480853421564,0.2987894269113899,0.5042467039989629,0.09599999999990708,0.001,64
7,0.5,cs_only,45,0.5257786782375762,0.4147784408336409,0.7354680921823666,0.09599999999990708,0.001,64
7,0.5,ml_only,46,0.36452566945824205,0.2822132649292463,0.6459415255843225,,,64
7,0.5,hybrid,46,0.28525077807723187,0.23542997027765786,0.5054659745613042,0.10169491525413904,0.001,64
7,0.5,weighted_hybrid,46,0.29055306370019285,0.23627853338451982,0.5148616543483255,0.08547008546998672,0.001,64
7,0.5,cs_only,46,0.5039209927509483,0.38951650351847666,0.8929508182929258,0.10169491525413904,0.001,64
7,0.5,ml_only,47,0.4621248841494098,0.3658307939705442,0.6572502728397038,,,64
7,0.5,hybrid,47,0.3687996131476732,0.2971690851653836,0.5245197882183663,0.08333333333323696,0.001,64
7,0.5,weighted_hybrid,47,0.3820144686231236,0.31448943620025605,0.5433144207185475,0.08264462809907794,0.001,64
7,0.5,cs_only,47,0.4867036996728809,0.38253299111979777,0.6922071292284527,0.09302325581386334,0.001,64
7,0.5,ml_only,48,0.480497108716306,0.3859652164824308,0.6687520698799012,,,64
7,0.5,hybrid,48,0.39561732832246355,0.308301855434732,0.5506170638629393,0.09677419354829345,0.001,64
7,0.5,weighted_hybrid,48,0.42170304208127074,0.3410461382334524,0.5869229536467563,0.09677419354829345,0.001,64
7,0.5,cs_only,48,0.5632370441592004,0.4491136691698646,0.7839088566439072,0.09836065573760977,0.001,64
7,0.5,ml_only,49,0.4970596109626867,0.40859894510799166,0.7086171013756728,,,64
7,0.5,hybrid,49,0.38533479193243947,0.30952271179140756,0.5493401944075093,0.09917355371891236,0.001,64
7,0.5,weighted_hybrid,49,0.40117134925740505,0.3215748401202273,0.5719170747250477,0.09999999999990332,0.001,64
7,0.5,cs_only,49,0.5762122730325694,0.45579349759122856,0.8214585568572348,0.06557377049170868,0.001,64
7,0.5,ml_only,50,0.5636613125184129,0.45969530751062054,0.7952143783555151,,,64
7,0.5,hybrid,50,0.38111157487891834,0.3078378764834493,0.5376728850652319,0.062499999999909676,0.001,64
7,0.5,weighted_hybrid,50,0.4166713703320472,0.3341052969030448,0.587840707492792,0.09448818897628644,0.001,64
7,0.5,cs_only,50,0.513653505613497,0.39811152337427624,0.7246632757738273,0.06504065040641022,0.001,64
7,0.5,ml_only,51,0.4705875309201994,0.3874987005477457,0.6652715904617216,,,64
7,0.5,hybrid,51,0.38766767191196144,0.3136093015529168,0.5480474337242862,0.1025641025640035,0.001,64
7,0.5,weighted_hybrid,51,0.367538198750435,0.2976709820718543,0.5195903120510047,0.0975609756096617,0.001,64
7,0.5,cs_only,51,0.5126627641307643,0.4058788001768213,0.7247535262926712,0.09677419354829345,0.001,64
7,0.5,ml_only,52,0.4398122521685365,0.33356016183248244,0.6810127470253434,,,64
7,0.5,hybrid,52,0.3234808882185956,0.25739575894565725,0.5008832910173833,0.09917355371891236,0.001,64
7,0.5,weighted_hybrid,52,0.31902448082690416,0.24915571393132646,0.49398291426635793,0.09917355371891236,0.001,64
7,0.5,cs_only,52,0.5226079473540343,0.4154177273455825,0.8092150050164237,0.10084033613435633,0.001,64
7,0.5,ml_only,53,0.5143458973013442,0.4212056122241872,0.6442569932166018,,,64
7,0.5,hybrid,53,0.34524340865739855,0.2811589926214241,0.4324433840271343,0.10084033613435633,0.001,64
7,0.5,weighted_hybrid,53,0.36244733640798144,0.285215168361719,0.4539925998802403,0.09599999999990708,0.001,64
7,0.5,cs_only,53,0.5974838139862703,0.4893214051383623,0.7483934984492701,0.09836065573760977,0.001,64
7,0.5,ml_only,54,0.3614991834507768,0.2817570271989858,0.5553861246709182,,,64
7,0.5,hybrid,54,0.23093189425241212,0.18468296623191358,0.35479020612843337,0.09917355371891236,0.001,64
7,0.5,weighted_hybrid,54,0.22695007555693997,0.18322474553067325,0.3486727736260676,0.1025641025640035,0.001,64
7,0.5,cs_only,54,0.4425632454041171,0.35446316500112773,0.6799281908205069,0.09523809523800303,0.001,64
7,0.5,ml_only,55,0.4417654108308524,0.35935762978456876,0.6498163635921895,,,64
7,0.5,hybrid,55,0.31659560816026844,0.2565407447429383,0.4656974081267195,0.0975609756096617,0.001,64
7,0.5,weighted_hybrid,55,0.33444634025301023,0.2725835137335587,0.4919550044246,0.09917355371891236,0.001,64
7,0.5,cs_only,55,0.5324707461297811,0.42360397913668624,0.7832396912164709,0.0975609756096617,0.001,64
7,0.5,ml_only,56,0.592385704160374,0.48826693754496625,0.8403737907747061,,,64
7,0.5,hybrid,56,0.4302112520608674,0.33851964380745364,0.6103088885994555,0.09836065573760977,0.001,64
7,0.5,weighted_hybrid,56,0.4673135356846857,0.36716281892604763,0.6629431546129131,0.09374999999990918,0.001,64
7,0.5,cs_only,56,0.5627391535077383,0.440943734286556,0.7983164217660088,0.06399999999990759,0.001,64
7,0.5,ml_only,57,0.5230577454194086,0.4376780574871334,0.5944295721226674,,,64
7,0.5,hybrid,57,0.4149615989677111,0.32777391951355894,0.4715835830400107,0.06666666666657056,0.001,64
7,0.5,weighted_hybrid,57,0.40458222750048367,0.3187737983801773,0.45978793448266253,0.09836065573760977,0.001,64
7,0.5,cs_only,57,0.6639801556408604,0.5455739985559577,0.7545810061546092,0.09448818897628644,0.001,64
7,0.5,ml_only,58,0.5744027454982422,0.46320671476443886,0.7382239187618617,,,64
7,0.5,hybrid,58,0.4435409741562693,0.3540408608675252,0.5700400261650503,0.09599999999990708,0.001,64
7,0.5,weighted_hybrid,58,0.4459071849890431,0.3603994812791791,0.5730810865486874,0.09999999999990332,0.001,64
7,0.5,cs_only,58,0.5786330620041928,0.4606568689229531,0.7436607326578625,0.09230769230760283,0.001,64
7,0.5,ml_only,59,0.4163358481022648,0.3157647181508068,0.6480563287802431,,,64
7,0.5,hybrid,59,0.28592103361051163,0.23363657774409077,0.4450564038798961,0.10344827586196907,0.001,64
7,0.5,weighted_hybrid,59,0.31307492433037676,0.2570451004622727,0.48732336410498167,0.10169491525413904,0.001,64
7,0.5,cs_only,59,0.47553298562473345,0.3694578032729796,0.7402008793683706,0.08547008546998672,0.001,64
7,0.5,ml_only,60,0.4918250083716465,0.37333628537800423,0.6554607904316481,,,64
7,0.5,hybrid,60,0.36486537594304885,0.2769589918541264,0.4862602422527777,0.10169491525413904,0.001,64
7,0.5,weighted_hybrid,60,0.36324053269955386,0.28156710793074924,0.4840947951555777,0.09917355371891236,0.001,64
7,0.5,cs_only,60,0.5245482812731678,0.4224736866205873,0.6990714689381259,0.09523809523800303,0.001,64
7,0.5,ml_only,61,0.43269711297054053,0.32282539588853965,0.6168134523316078,,,64
7,0.5,hybrid,61,0.3069678535886614,0.25418526932645064,0.4375853127999418,0.1025641025640035,0.001,64
7,0.5,weighted_hybrid,61,0.31051453222925335,0.24776183458799467,0.4426411336756481,0.08130081300803597,0.001,64
7,0.5,cs_only,61,0.4886562369032796,0.39566494410520675,0.6965836643060866,0.09917355371891236,0.001,64
7,0.5,ml_only,62,0.42421454701395267,0.3345867306402278,0.5951848829252528,,,64
7,0.5,hybrid,62,0.3287137239413245,0.26642777199637735,0.46119455515396596,0.09599999999990708,0.001,64
7,0.5,weighted_hybrid,62,0.3386730548701183,0.27643907951454344,0.4751677752016817,0.10084033613435633,0.001,64
7,0.5,cs_only,62,0.5591586456823919,0.4484846363793896,0.7845152303468068,0.09599999999990708,0.001,64
7,0.5,ml_only,63,0.4975491032578286,0.3990346367416133,0.7336590413995716,,,64
7,0.5,hybrid,63,0.3728336621332859,0.2925377628222902,0.5497603862034385,0.09836065573760977,0.001,64
7,0.5,weighted_hybrid,63,0.37300969538982304,0.2942707791059997,0.550019955338223,0.09523809523800303,0.001,64
7,0.5,cs_only,63,0.5161543277859101,0.39815609348799624,0.761093300858427,0.09523809523800303,0.001,64
7,0.5,ml_only,64,0.42509866933655,0.32583681474224546,0.6176081281586999,,,64
7,0.5,hybrid,64,0.2876618436323589,0.2326813602350529,0.4179318958248887,0.0975609756096617,0.001,64
7,0.5,weighted_hybrid,64,0.3099101374054978,0.255215107804616,0.4502555139942851,0.0975609756096617,0.001,64
7,0.5,cs_only,64,0.4901983581330791,0.38352260832143653,0.7121887510622901,0.09302325581386334,0.001,64
7,0.5,ml_only,65,0.4463393504437937,0.35043604422548214,0.6104055310993611,,,64
7,0.5,hybrid,65,0.34950263479563587,0.2878568111017722,0.47797341014395134,0.09677419354829345,0.001,64
7,0.5,weighted_hybrid,65,0.3589115152442707,0.291945498517741,0.49084082293556114,0.09677419354829345,0.001,64
7,0.5,cs_only,65,0.5296607779528634,0.42589519321140795,0.7243543912212859,0.09677419354829345,0.001,64
7,0.5,ml_only,66,0.5655139078184463,0.46307663797746673,0.8250175202546906,,,64
7,0.5,hybrid,66,0.4080633011026296,0.32619520570140925,0.5953158147451191,0.09917355371891236,0.001,64
7,0.5,weighted_hybrid,66,0.4108736531735199,0.32826803171591584,0.5994157841084065,0.09448818897628644,0.001,64
7,0.5,cs_only,66,0.4575117637839141,0.37074938914954436,0.667455239607535,0.09677419354829345,0.001,64
7,0.5,ml_only,67,0.5367393041510007,0.43435457956136686,0.8246355011937881,,,64
7,0.5,hybrid,67,0.4329016374356979,0.3601862054151565,0.6651013927870791,0.08196721311465924,0.001,64
7,0.5,weighted_hybrid,67,0.4748098435092378,0.39565138951324286,0.7294883200203113,0.08130081300803597,0.001,64
7,0.5,cs_only,67,0.5108023849318297,0.42483697905609025,0.7847865387378793,0.10344827586196907,0.001,64
7,0.5,ml_only,68,0.4963721206738872,0.3543337664247045,0.6158910541004192,,,64
7,0.5,hybrid,68,0.3393183610682466,0.26151201205981056,0.4210211137366625,0.10810810810800389,0.001,64
7,0.5,weighted_hybrid,68,0.374625318875616,0.30243684769534207,0.46482945541293924,0.09677419354829345,0.001,64
7,0.5,cs_only,68,0.5966934598736102,0.4752115879401735,0.7403682613710441,0.09523809523800303,0.001,64
7,0.5,ml_only,69,0.25098353617176994,0.1921395870359652,0.48201237226945265,,,64
7,0.5,hybrid,69,0.18852072925239993,0.14938897626534403,0.36205292711601084,0.09433962264140086,0.001,64
7,0.5,weighted_hybrid,69,0.1994879372510661,0.157062931356484,0.38311538414104734,0.10434782608685579,0.001,64
7,0.5,cs_only,69,0.407425239373741,0.3368255612343587,0.7824577227192456,0.08196721311465924,0.001,64
7,0.5,ml_only,70,0.42272998399261497,0.34995001052158076,0.5143450250415904,,,64
7,0.5,hybrid,70,0.2922225865961228,0.24192189354349833,0.35555375609014495,0.09999999999990332,0.001,64
7,0.5,weighted_hybrid,70,0.3326447772000204,0.27248435811494237,0.4047363393600387,0.09448818897628644,0.001,64
7,0.5,cs_only,70,0.5401511337523877,0.4260071955521082,0.6572139638454622,0.09677419354829345,0.001,64
7,0.5,ml_only,71,0.47528292328300165,0.381172365144115,0.7531112803556432,,,64
7,0.5,hybrid,71,0.32376335435838394,0.24731638062967815,0.513020397721916,0.09599999999990708,0.001,64
7,0.5,weighted_hybrid,71,0.33323364015361084,0.262795545513315,0.5280265734357663,0.09448818897628644,0.001,64
7,0.5,cs_only,71,0.45265493366230125,0.37680351951934565,0.7172560173106195,0.09599999999990708,0.001,64
7,0.5,ml_only,72,0.3984998080302177,0.2836380304076418,0.6073112437140779,,,64
7,0.5,hybrid,72,0.3118020296691951,0.23529249427528665,0.4751843655006573,0.10344827586196907,0.001,64
7,0.5,weighted_hybrid,72,0.3118911517430638,0.23542409372296513,0.47532018699023615,0.10714285714275383,0.001,64
7,0.5,cs_only,72,0.550891184983971,0.43657529651971105,0.8395547600323265,0.09917355371891236,0.001,64
7,0.5,ml_only,73,0.3716846659189405,0.3004237910858124,0.5120989748301117,,,64
7,0.5,hybrid,73,0.25619169044609413,0.20393249711751468,0.35297528810631673,0.10810810810800389,0.001,64
7,0.5,weighted_hybrid,73,0.271367927078653,0.21644828640566005,0.37388477384498175,0.1025641025640035,0.001,64
7,0.5,cs_only,73,0.5318793483327617,0.4318172607667602,0.732811692247526,0.09374999999990918,0.001,64
7,0.5,ml_only,74,0.3591267799826632,0.26876253302813385,0.5777781255080031,,,64
7,0.5,hybrid,74,0.27520250712172795,0.21044886111095462,0.44275725889216844,0.10619469026538428,0.001,64
7,0.5,weighted_hybrid,74,0.29263913773714906,0.23532031904861472,0.4708100366678604,0.08196721311465924,0.001,64
7,0.5,cs_only,74,0.4473522724736982,0.3451594658409417,0.7197189734613397,0.09836065573760977,0.001,64
7,0.5,ml_only,75,0.39084012723171635,0.30577397393918065,0.5452148209444531,,,64
7,0.5,hybrid,75,0.2725761098721754,0.21214289375332254,0.38023868222104573,0.09523809523800303,0.001,64
7,0.5,weighted_hybrid,75,0.27726423746552703,0.2191773419325515,0.3867785343710236,0.0975609756096617,0.001,64
7,0.5,cs_only,75,0.482484554519614,0.3856644592314188,0.6730571189403927,0.09230769230760283,0.001,64
7,0.5,ml_only,76,0.44286109274733715,0.358112767482508,0.6371512639323196,,,64
7,0.5,hybrid,76,0.3586586342841378,0.28516246983907606,0.5160078541484202,0.10526315789463528,0.001,64
7,0.5,weighted_hybrid,76,0.3650953337710177,0.29690258927298196,0.525268435583055,0.10084033613435633,0.001,64
7,0.5,cs_only,76,0.4787245750913372,0.3846012414826787,0.6887486236433268,0.09677419354829345,0.001,64
7,0.5,ml_only,77,0.33512997191469807,0.2534649148528461,0.45462149180882494,,,64
7,0.5,hybrid,77,0.25700920043030356,0.20092267268078995,0.348646542834307,0.1025641025640035,0.001,64
7,0.5,weighted_hybrid,77,0.26976526112302307,0.2074103895881399,0.36595081230503085,0.08474576271176645,0.001,64
7,0.5,cs_only,77,0.5682628514355085,0.4546787732448068,0.7708785453689738,0.09448818897628644,0.001,64
7,0.5,ml_only,78,0.34379795432933447,0.26329071345458627,0.5222960227982267,,,64
7,0.5,hybrid,78,0.2228681623849284,0.18406162896687406,0.3385801263683243,0.10084033613435633,0.001,64
7,0.5,weighted_hybrid,78,0.24644923723851947,0.19941003430543697,0.37440436980620034,0.0975609756096617,0.001,64
7,0.5,cs_only,78,0.4043664303342282,0.33360904915523987,0.6143113292476711,0.09523809523800303,0.001,64
7,0.5,ml_only,79,0.3311267747426619,0.2547314889044671,0.4951642866393501,,,64
7,0.5,hybrid,79,0.25460355071834834,0.1953025817185107,0.38073207962501193,0.10526315789463528,0.001,64
7,0.5,weighted_hybrid,79,0.26620386674773,0.20920405632097538,0.39807909789601653,0.10619469026538428,0.001,64
7,0.5,cs_only,79,0.49048097426563925,0.3910318011214746,0.733461260935985,0.09599999999990708,0.001,64
7,0.5,ml_only,80,0.42189514194196065,0.33227665439721044,0.5941579922145999,,,64
7,0.5,hybrid,80,0.349164495426457,0.28317925398953114,0.491730894554238,0.08474576271176645,0.001,64
7,0.5,weighted_hybrid,80,0.3501557941141748,0.2951105059884468,0.49312694769499793,0.1025641025640035,0.001,64
7,0.5,cs_only,80,0.5104713081665403,0.41867907361321266,0.7189004503519892,0.09374999999990918,0.001,64
7,0.5,ml_only,81,0.382208135267935,0.31101372409371314,0.5262269993169373,,,64
7,0.5,hybrid,81,0.2854704552690775,0.22771743831745478,0.3930378430186423,0.1025641025640035,0.001,64
7,0.5,weighted_hybrid,81,0.2965780447496129,0.2402757631541599,0.40833085471209823,0.10084033613435633,0.001,64
7,0.5,cs_only,81,0.5845108584070852,0.45657977964073065,0.8047588910479485,0.1025641025640035,0.001,64
7,0.5,ml_only,82,0.3842054588284966,0.3001859121530644,0.5457041578607612,,,64
7,0.5,hybrid,82,0.27733279603734406,0.22741795647830784,0.39390814583997275,0.10619469026538428,0.001,64
7,0.5,weighted_hybrid,82,0.27992562074109434,0.23118252340080783,0.39759085046825926,0.10344827586196907,0.001,64
7,0.5,cs_only,82,0.5323693427377396,0.42084755069712865,0.7561479338045197,0.09599999999990708,0.001,64
7,0.5,ml_only,83,0.377810314641547,0.28734847607527503,0.6047853651623623,,,64
7,0.5,hybrid,83,0.2876428412905807,0.23297924742171455,0.4604484686219126,0.10084033613435633,0.001,64
7,0.5,weighted_hybrid,83,0.3066864716499901,0.24782424506663725,0.4909328373503304,0.08196721311465924,0.001,64
7,0.5,cs_only,83,0.46770193652234326,0.3841006239266708,0.7486806884432899,0.09599999999990708,0.001,64
7,0.5,ml_only,84,0.4613764638311159,0.3829546673264277,0.5947501230259165,,,64
7,0.5,hybrid,84,0.35111287572285094,0.290244422012641,0.4526117875587773,0.0806451612902292,0.001,64
7,0.5,weighted_hybrid,84,0.35474544787548623,0.29320245630876474,0.45729445541040653,0.08403361344528099,0.001,64
7,0.5,cs_only,84,0.5871846812261874,0.4808122935444007,0.7569266938723631,0.10084033613435633,0.001,64
7,0.5,ml_only,85,0.4537652254656114,0.3603018351659043,0.6890316541460352,,,64
7,0.5,hybrid,85,0.3428839166533741,0.2852287139394843,0.5206610357356493,0.07017543859639028,0.001,64
7,0.5,weighted_hybrid,85,0.36758501355795387,0.30295358531556,0.5581690612612279,0.09917355371891236,0.001,64
7,0.5,cs_only,85,0.4843933002250496,0.3912367164905006,0.7355396539451594,0.09677419354829345,0.001,64
7,0.5,ml_only,86,0.44115523564372283,0.3502822644179618,0.6216359901641517,,,64
7,0.5,hybrid,86,0.3245615623921319,0.25915686808979993,0.4573427490041119,0.09677419354829345,0.001,64
7,0.5,weighted_hybrid,86,0.36014491451976816,0.2915427524255825,0.5074835850319245,0.09677419354829345,0.001,64
7,0.5,cs_only,86,0.5499217449127226,0.44487211083214084,0.7748999009675077,0.0787401574802237,0.001,64
7,0.5,ml_only,87,0.4352259353299809,0.3550773293805981,0.6170552473103926,,,64
7,0.5,hybrid,87,0.3530185442253085,0.29325057205075145,0.5005031351060135,0.10169491525413904,0.001,64
7,0.5,weighted_hybrid,87,0.37741683138107035,0.3088021864942915,0.5350945734664919,0.09917355371891236,0.001,64
7,0.5,cs_only,87,0.520817579524353,0.4151947489660519,0.7384054906869005,0.09599999999990708,0.001,64
7,0.5,ml_only,88,0.48820157799273556,0.3861344971554125,0.6559699433163777,,,64
7,0.5,hybrid,88,0.39300240603839154,0.30446781067785667,0.528055986775282,0.0975609756096617,0.001,64
7,0.5,weighted_hybrid,88,0.4364226050838356,0.33887271637988947,0.5863973498321822,0.09599999999990708,0.001,64
7,0.5,cs_only,88,0.5363761866766754,0.42450761719896357,0.7206995483652228,0.06557377049170868,0.001,64
7,0.5,ml_only,89,0.45641485690825667,0.3521103325252628,0.6368321860699598,,,64
7,0.5,hybrid,89,0.33788720000763767,0.2660368954016734,0.47145144591376476,0.10084033613435633,0.001,64
7,0.5,weighted_hybrid,89,0.34127917002714986,0.2670299373236117,0.4761842359400192,0.0975609756096617,0.001,64
7,0.5,cs_only,89,0.5383201300529268,0.4488489667487947,0.7511139921021024,0.08130081300803597,0.001,64
7,0.5,ml_only,90,0.5148900128203657,0.41960181530367324,0.692612121253535,,,64
7,0.5,hybrid,90,0.39745651452120245,0.31631215529612644,0.5346446673546317,0.09448818897628644,0.001,64
7,0.5,weighted_hybrid,90,0.4218665897473129,0.342776807951399,0.5674802508022624,0.09599999999990708,0.001,64
7,0.5,cs_only,90,0.5198763025682256,0.39645138895441545,0.6993195046431112,0.07936507936498742,0.001,64
7,0.5,ml_only,91,0.5535402410439614,0.45633971628506176,0.7282363044915366,,,64
7,0.5,hybrid,91,0.41558959924301486,0.33763286451013086,0.546748748324182,0.10084033613435633,0.001,64
7,0.5,weighted_hybrid,91,0.4143098800073581,0.3329837454175175,0.545065152556684,0.09677419354829345,0.001,64
7,0.5,cs_only,91,0.624121480056012,0.5081689358147813,0.8210928248551348,0.09836065573760977,0.001,64
7,0.5,ml_only,92,0.3711009820594216,0.2834890734770324,0.5646634678614844,,,64
7,0.5,hybrid,92,0.2916711281458571,0.23027491743453155,0.4438038125901254,0.08695652173903001,0.001,64
7,0.5,weighted_hybrid,92,0.30160775354756936,0.2400847956728162,0.45892328041538955,0.10526315789463528,0.001,64
7,0.5,cs_only,92,0.4982831491254908,0.40049131084671297,0.7581825555963858,0.10344827586196907,0.001,64
7,0.5,ml_only,93,0.5193674609837009,0.4213779226504691,0.7551426944534633,,,64
7,0.5,hybrid,93,0.3902784453343958,0.3186142334490023,0.5674516386504491,0.0975609756096617,0.001,64
7,0.5,weighted_hybrid,93,0.40397178973344183,0.3336983953228774,0.5873612975381849,0.09302325581386334,0.001,64
7,0.5,cs_only,93,0.5825569926717366,0.4525007051206663,0.8470181329527827,0.09999999999990332,0.001,64
7,0.5,ml_only,94,0.3557918130513486,0.27715510773575647,0.576984859176773,,,64
7,0.5,hybrid,94,0.2363555513094352,0.19605779909691934,0.38329598794967573,0.07339449541273865,0.001,64
7,0.5,weighted_hybrid,94,0.260616588615094,0.2120003699348637,0.4226399263985004,0.06956521739120423,0.001,64
7,0.5,cs_only,94,0.38796672831108614,0.30665784655371675,0.629162672912709,0.09599999999990708,0.001,64
7,0.5,ml_only,95,0.5661503870193422,0.43967410571416093,0.7436428644420545,,,64
7,0.5,hybrid,95,0.42663043098943343,0.34475590695612096,0.5603823348588323,0.09599999999990708,0.001,64
7,0.5,weighted_hybrid,95,0.43030616993829635,0.3486897547710276,0.5652104460878373,0.07936507936498742,0.001,64
7,0.5,cs_only,95,0.5534147245831877,0.43509405371753423,0.7269144744034103,0.08474576271176645,0.001,64
7,0.5,ml_only,96,0.3474345794237853,0.2716270267927111,0.4653146782923133,,,64
7,0.5,hybrid,96,0.23783159755468217,0.18398645401955085,0.318524809728043,0.06666666666657056,0.001,64
7,0.5,weighted_hybrid,96,0.24610102546713633,0.189326832793642,0.3295999485214433,0.0975609756096617,0.001,64
7,0.5,cs_only,96,0.550427953019462,0.460384555440815,0.7371811012799073,0.08130081300803597,0.001,64
7,0.5,ml_only,97,0.3390805726527539,0.274511461469787,0.5202340441625901,,,64
7,0.5,hybrid,97,0.28914051750337855,0.22948470725693831,0.44361356233195315,0.08474576271176645,0.001,64
7,0.5,weighted_hybrid,97,0.2873151575855095,0.232646277736283,0.44081300562445414,0.08620689655162456,0.001,64
7,0.5,cs_only,97,0.5230642304388305,0.41616168134709264,0.8025107950866137,0.0661157024792435,0.001,64
7,0.5,ml_only,98,0.38513925642243285,0.3095387915731672,0.5382735961027296,,,64
7,0.5,hybrid,98,0.30965789811414707,0.24761726657422495,0.4327802673968244,0.10084033613435633,0.001,64
7,0.5,weighted_hybrid,98,0.30793531004104624,0.23939188337794842,0.4303727650161929,0.09917355371891236,0.001,64
7,0.5,cs_only,98,0.5506005811184912,0.430278870205282,0.7695236200223404,0.09999999999990332,0.001,64
7,0.5,ml_only,99,0.5059408984995714,0.3899747427755378,0.6510469256698906,,,64
7,0.5,hybrid,99,0.38711756583199536,0.30827204925487756,0.4981445497985288,0.09302325581386334,0.001,64
7,0.5,weighted_hybrid,99,0.4044994300203099,0.32179677324719175,0.5205116074445383,0.09523809523800303,0.001,64
7,0.5,cs_only,99,0.5877595873737771,0.46352127070281846,0.7563315666464653,0.0975609756096617,0.001,64
